solid 
 facet normal -1.000000e+00  0.000000e+00  0.000000e+00
   outer loop
     vertex -2.750000e+01 -1.750000e+01 -4.000000e+00
     vertex -2.750000e+01  1.750000e+01  4.000000e+00
     vertex -2.750000e+01  1.750000e+01 -4.000000e+00
   endloop
 endfacet
 facet normal -1.000000e+00  0.000000e+00  0.000000e+00
   outer loop
     vertex -2.750000e+01 -1.750000e+01  4.000000e+00
     vertex -2.750000e+01  1.750000e+01  4.000000e+00
     vertex -2.750000e+01 -1.750000e+01 -4.000000e+00
   endloop
 endfacet
 facet normal  0.000000e+00 -1.000000e+00 -0.000000e+00
   outer loop
     vertex  2.750000e+01 -1.750000e+01  4.000000e+00
     vertex -2.750000e+01 -1.750000e+01 -4.000000e+00
     vertex  2.750000e+01 -1.750000e+01 -4.000000e+00
   endloop
 endfacet
 facet normal -0.000000e+00 -1.000000e+00  0.000000e+00
   outer loop
     vertex  2.750000e+01 -1.750000e+01  4.000000e+00
     vertex -2.750000e+01 -1.750000e+01  4.000000e+00
     vertex -2.750000e+01 -1.750000e+01 -4.000000e+00
   endloop
 endfacet
 facet normal  0.000000e+00  0.000000e+00  1.000000e+00
   outer loop
     vertex -1.018910e+01 -1.100828e+01  4.000000e+00
     vertex -1.074228e+01 -1.046916e+01  4.000000e+00
     vertex -2.750000e+01 -1.750000e+01  4.000000e+00
   endloop
 endfacet
 facet normal  0.000000e+00  0.000000e+00  1.000000e+00
   outer loop
     vertex -1.126698e+01 -9.902282e+00  4.000000e+00
     vertex -2.750000e+01 -1.750000e+01  4.000000e+00
     vertex -1.074228e+01 -1.046916e+01  4.000000e+00
   endloop
 endfacet
 facet normal  0.000000e+00  0.000000e+00  1.000000e+00
   outer loop
     vertex -9.608898e+00 -1.151821e+01  4.000000e+00
     vertex -1.018910e+01 -1.100828e+01  4.000000e+00
     vertex -2.750000e+01 -1.750000e+01  4.000000e+00
   endloop
 endfacet
 facet normal  0.000000e+00  0.000000e+00  1.000000e+00
   outer loop
     vertex -1.176180e+01 -9.309142e+00  4.000000e+00
     vertex -2.750000e+01 -1.750000e+01  4.000000e+00
     vertex -1.126698e+01 -9.902282e+00  4.000000e+00
   endloop
 endfacet
 facet normal  0.000000e+00  0.000000e+00  1.000000e+00
   outer loop
     vertex -9.003214e+00 -1.199759e+01  4.000000e+00
     vertex -9.608898e+00 -1.151821e+01  4.000000e+00
     vertex -2.750000e+01 -1.750000e+01  4.000000e+00
   endloop
 endfacet
 facet normal  0.000000e+00  0.000000e+00  1.000000e+00
   outer loop
     vertex -1.222543e+01 -8.691316e+00  4.000000e+00
     vertex -2.750000e+01 -1.750000e+01  4.000000e+00
     vertex -1.176180e+01 -9.309142e+00  4.000000e+00
   endloop
 endfacet
 facet normal  0.000000e+00  0.000000e+00  1.000000e+00
   outer loop
     vertex -8.373656e+00 -1.244516e+01  4.000000e+00
     vertex -9.003214e+00 -1.199759e+01  4.000000e+00
     vertex -2.750000e+01 -1.750000e+01  4.000000e+00
   endloop
 endfacet
 facet normal  0.000000e+00  0.000000e+00  1.000000e+00
   outer loop
     vertex -1.265663e+01 -8.050443e+00  4.000000e+00
     vertex -2.750000e+01 -1.750000e+01  4.000000e+00
     vertex -1.222543e+01 -8.691316e+00  4.000000e+00
   endloop
 endfacet
 facet normal  0.000000e+00  0.000000e+00  1.000000e+00
   outer loop
     vertex -7.721892e+00 -1.285972e+01  4.000000e+00
     vertex -8.373656e+00 -1.244516e+01  4.000000e+00
     vertex -2.750000e+01 -1.750000e+01  4.000000e+00
   endloop
 endfacet
 facet normal  0.000000e+00  0.000000e+00  1.000000e+00
   outer loop
     vertex -1.305428e+01 -7.388221e+00  4.000000e+00
     vertex -2.750000e+01 -1.750000e+01  4.000000e+00
     vertex -1.265663e+01 -8.050443e+00  4.000000e+00
   endloop
 endfacet
 facet normal  0.000000e+00  0.000000e+00  1.000000e+00
   outer loop
     vertex -7.049651e+00 -1.324018e+01  4.000000e+00
     vertex -7.721892e+00 -1.285972e+01  4.000000e+00
     vertex -2.750000e+01 -1.750000e+01  4.000000e+00
   endloop
 endfacet
 facet normal  0.000000e+00  0.000000e+00  1.000000e+00
   outer loop
     vertex -1.341731e+01 -6.706407e+00  4.000000e+00
     vertex -2.750000e+01 -1.750000e+01  4.000000e+00
     vertex -1.305428e+01 -7.388221e+00  4.000000e+00
   endloop
 endfacet
 facet normal  0.000000e+00  0.000000e+00  1.000000e+00
   outer loop
     vertex -6.358716e+00 -1.358553e+01  4.000000e+00
     vertex -7.049651e+00 -1.324018e+01  4.000000e+00
     vertex -2.750000e+01 -1.750000e+01  4.000000e+00
   endloop
 endfacet
 facet normal  0.000000e+00  0.000000e+00  1.000000e+00
   outer loop
     vertex -1.374475e+01 -6.006809e+00  4.000000e+00
     vertex -2.750000e+01 -1.750000e+01  4.000000e+00
     vertex -1.341731e+01 -6.706407e+00  4.000000e+00
   endloop
 endfacet
 facet normal  0.000000e+00  0.000000e+00  1.000000e+00
   outer loop
     vertex -5.650918e+00 -1.389486e+01  4.000000e+00
     vertex -6.358716e+00 -1.358553e+01  4.000000e+00
     vertex -2.750000e+01 -1.750000e+01  4.000000e+00
   endloop
 endfacet
 facet normal  0.000000e+00  0.000000e+00  1.000000e+00
   outer loop
     vertex -1.403575e+01 -5.291281e+00  4.000000e+00
     vertex -2.750000e+01 -1.750000e+01  4.000000e+00
     vertex -1.374475e+01 -6.006809e+00  4.000000e+00
   endloop
 endfacet
 facet normal  0.000000e+00  0.000000e+00  1.000000e+00
   outer loop
     vertex -4.928136e+00 -1.416734e+01  4.000000e+00
     vertex -5.650918e+00 -1.389486e+01  4.000000e+00
     vertex -2.750000e+01 -1.750000e+01  4.000000e+00
   endloop
 endfacet
 facet normal  0.000000e+00  0.000000e+00  1.000000e+00
   outer loop
     vertex -1.428953e+01 -4.561722e+00  4.000000e+00
     vertex -2.750000e+01 -1.750000e+01  4.000000e+00
     vertex -1.403575e+01 -5.291281e+00  4.000000e+00
   endloop
 endfacet
 facet normal  0.000000e+00  0.000000e+00  1.000000e+00
   outer loop
     vertex -4.192285e+00 -1.440225e+01  4.000000e+00
     vertex -4.928136e+00 -1.416734e+01  4.000000e+00
     vertex -2.750000e+01 -1.750000e+01  4.000000e+00
   endloop
 endfacet
 facet normal  0.000000e+00  0.000000e+00  1.000000e+00
   outer loop
     vertex -1.450542e+01 -3.820067e+00  4.000000e+00
     vertex -2.750000e+01 -1.750000e+01  4.000000e+00
     vertex -1.428953e+01 -4.561722e+00  4.000000e+00
   endloop
 endfacet
 facet normal  0.000000e+00  0.000000e+00  1.000000e+00
   outer loop
     vertex -3.445316e+00 -1.459897e+01  4.000000e+00
     vertex -4.192285e+00 -1.440225e+01  4.000000e+00
     vertex -2.750000e+01 -1.750000e+01  4.000000e+00
   endloop
 endfacet
 facet normal  0.000000e+00  0.000000e+00  1.000000e+00
   outer loop
     vertex -1.468284e+01 -3.068281e+00  4.000000e+00
     vertex -2.750000e+01 -1.750000e+01  4.000000e+00
     vertex -1.450542e+01 -3.820067e+00  4.000000e+00
   endloop
 endfacet
 facet normal  0.000000e+00  0.000000e+00  1.000000e+00
   outer loop
     vertex -2.689211e+00 -1.475697e+01  4.000000e+00
     vertex -3.445316e+00 -1.459897e+01  4.000000e+00
     vertex -2.750000e+01 -1.750000e+01  4.000000e+00
   endloop
 endfacet
 facet normal  0.000000e+00  0.000000e+00  1.000000e+00
   outer loop
     vertex -1.482132e+01 -2.308359e+00  4.000000e+00
     vertex -2.750000e+01 -1.750000e+01  4.000000e+00
     vertex -1.468284e+01 -3.068281e+00  4.000000e+00
   endloop
 endfacet
 facet normal  0.000000e+00  0.000000e+00  1.000000e+00
   outer loop
     vertex -1.925975e+00 -1.487584e+01  4.000000e+00
     vertex -2.689211e+00 -1.475697e+01  4.000000e+00
     vertex -2.750000e+01 -1.750000e+01  4.000000e+00
   endloop
 endfacet
 facet normal  0.000000e+00  0.000000e+00  1.000000e+00
   outer loop
     vertex -1.492050e+01 -1.542315e+00  4.000000e+00
     vertex -2.750000e+01 -1.750000e+01  4.000000e+00
     vertex -1.482132e+01 -2.308359e+00  4.000000e+00
   endloop
 endfacet
 facet normal  0.000000e+00  0.000000e+00  1.000000e+00
   outer loop
     vertex -1.157632e+00 -1.495526e+01  4.000000e+00
     vertex -1.925975e+00 -1.487584e+01  4.000000e+00
     vertex -2.750000e+01 -1.750000e+01  4.000000e+00
   endloop
 endfacet
 facet normal  0.000000e+00  0.000000e+00  1.000000e+00
   outer loop
     vertex -1.498011e+01 -7.721813e-01  4.000000e+00
     vertex -2.750000e+01 -1.750000e+01  4.000000e+00
     vertex -1.492050e+01 -1.542315e+00  4.000000e+00
   endloop
 endfacet
 facet normal  0.000000e+00  0.000000e+00  1.000000e+00
   outer loop
     vertex -3.862187e-01 -1.499503e+01  4.000000e+00
     vertex -1.157632e+00 -1.495526e+01  4.000000e+00
     vertex -2.750000e+01 -1.750000e+01  4.000000e+00
   endloop
 endfacet
 facet normal  0.000000e+00  0.000000e+00  1.000000e+00
   outer loop
     vertex -1.500000e+01 -3.813106e-14  4.000000e+00
     vertex -2.750000e+01 -1.750000e+01  4.000000e+00
     vertex -1.498011e+01 -7.721813e-01  4.000000e+00
   endloop
 endfacet
 facet normal  0.000000e+00  0.000000e+00  1.000000e+00
   outer loop
     vertex  3.862187e-01 -1.499503e+01  4.000000e+00
     vertex -3.862187e-01 -1.499503e+01  4.000000e+00
     vertex -2.750000e+01 -1.750000e+01  4.000000e+00
   endloop
 endfacet
 facet normal  0.000000e+00  0.000000e+00  1.000000e+00
   outer loop
     vertex -2.750000e+01  1.750000e+01  4.000000e+00
     vertex -2.750000e+01 -1.750000e+01  4.000000e+00
     vertex -1.500000e+01 -3.813106e-14  4.000000e+00
   endloop
 endfacet
 facet normal  0.000000e+00  0.000000e+00  1.000000e+00
   outer loop
     vertex -2.750000e+01  1.750000e+01  4.000000e+00
     vertex -1.468284e+01  3.068281e+00  4.000000e+00
     vertex -1.450542e+01  3.820067e+00  4.000000e+00
   endloop
 endfacet
 facet normal  0.000000e+00  0.000000e+00  1.000000e+00
   outer loop
     vertex -2.750000e+01  1.750000e+01  4.000000e+00
     vertex -1.482132e+01  2.308359e+00  4.000000e+00
     vertex -1.468284e+01  3.068281e+00  4.000000e+00
   endloop
 endfacet
 facet normal  0.000000e+00  0.000000e+00  1.000000e+00
   outer loop
     vertex -2.750000e+01  1.750000e+01  4.000000e+00
     vertex -1.492050e+01  1.542315e+00  4.000000e+00
     vertex -1.482132e+01  2.308359e+00  4.000000e+00
   endloop
 endfacet
 facet normal  0.000000e+00  0.000000e+00  1.000000e+00
   outer loop
     vertex -2.750000e+01  1.750000e+01  4.000000e+00
     vertex -1.498011e+01  7.721813e-01  4.000000e+00
     vertex -1.492050e+01  1.542315e+00  4.000000e+00
   endloop
 endfacet
 facet normal  0.000000e+00  0.000000e+00  1.000000e+00
   outer loop
     vertex -2.750000e+01  1.750000e+01  4.000000e+00
     vertex -1.500000e+01 -3.813106e-14  4.000000e+00
     vertex -1.498011e+01  7.721813e-01  4.000000e+00
   endloop
 endfacet
 facet normal  0.000000e+00  0.000000e+00  1.000000e+00
   outer loop
     vertex -1.428953e+01  4.561722e+00  4.000000e+00
     vertex -2.750000e+01  1.750000e+01  4.000000e+00
     vertex -1.450542e+01  3.820067e+00  4.000000e+00
   endloop
 endfacet
 facet normal  0.000000e+00  0.000000e+00  1.000000e+00
   outer loop
     vertex -1.403575e+01  5.291281e+00  4.000000e+00
     vertex -2.750000e+01  1.750000e+01  4.000000e+00
     vertex -1.428953e+01  4.561722e+00  4.000000e+00
   endloop
 endfacet
 facet normal  0.000000e+00  0.000000e+00  1.000000e+00
   outer loop
     vertex -1.374475e+01  6.006809e+00  4.000000e+00
     vertex -2.750000e+01  1.750000e+01  4.000000e+00
     vertex -1.403575e+01  5.291281e+00  4.000000e+00
   endloop
 endfacet
 facet normal  0.000000e+00  0.000000e+00  1.000000e+00
   outer loop
     vertex -1.341731e+01  6.706407e+00  4.000000e+00
     vertex -2.750000e+01  1.750000e+01  4.000000e+00
     vertex -1.374475e+01  6.006809e+00  4.000000e+00
   endloop
 endfacet
 facet normal  0.000000e+00  0.000000e+00  1.000000e+00
   outer loop
     vertex -1.305428e+01  7.388221e+00  4.000000e+00
     vertex -2.750000e+01  1.750000e+01  4.000000e+00
     vertex -1.341731e+01  6.706407e+00  4.000000e+00
   endloop
 endfacet
 facet normal  0.000000e+00  0.000000e+00  1.000000e+00
   outer loop
     vertex -1.265663e+01  8.050443e+00  4.000000e+00
     vertex -2.750000e+01  1.750000e+01  4.000000e+00
     vertex -1.305428e+01  7.388221e+00  4.000000e+00
   endloop
 endfacet
 facet normal  0.000000e+00  0.000000e+00  1.000000e+00
   outer loop
     vertex -1.222543e+01  8.691316e+00  4.000000e+00
     vertex -2.750000e+01  1.750000e+01  4.000000e+00
     vertex -1.265663e+01  8.050443e+00  4.000000e+00
   endloop
 endfacet
 facet normal  0.000000e+00  0.000000e+00  1.000000e+00
   outer loop
     vertex -1.176180e+01  9.309142e+00  4.000000e+00
     vertex -2.750000e+01  1.750000e+01  4.000000e+00
     vertex -1.222543e+01  8.691316e+00  4.000000e+00
   endloop
 endfacet
 facet normal  0.000000e+00  0.000000e+00  1.000000e+00
   outer loop
     vertex -1.126698e+01  9.902282e+00  4.000000e+00
     vertex -2.750000e+01  1.750000e+01  4.000000e+00
     vertex -1.176180e+01  9.309142e+00  4.000000e+00
   endloop
 endfacet
 facet normal  0.000000e+00  0.000000e+00  1.000000e+00
   outer loop
     vertex -1.074228e+01  1.046916e+01  4.000000e+00
     vertex -2.750000e+01  1.750000e+01  4.000000e+00
     vertex -1.126698e+01  9.902282e+00  4.000000e+00
   endloop
 endfacet
 facet normal  0.000000e+00  0.000000e+00  1.000000e+00
   outer loop
     vertex -1.018910e+01  1.100828e+01  4.000000e+00
     vertex -2.750000e+01  1.750000e+01  4.000000e+00
     vertex -1.074228e+01  1.046916e+01  4.000000e+00
   endloop
 endfacet
 facet normal  0.000000e+00  0.000000e+00  1.000000e+00
   outer loop
     vertex -9.608898e+00  1.151821e+01  4.000000e+00
     vertex -2.750000e+01  1.750000e+01  4.000000e+00
     vertex -1.018910e+01  1.100828e+01  4.000000e+00
   endloop
 endfacet
 facet normal  0.000000e+00  0.000000e+00  1.000000e+00
   outer loop
     vertex -9.003214e+00  1.199759e+01  4.000000e+00
     vertex -2.750000e+01  1.750000e+01  4.000000e+00
     vertex -9.608898e+00  1.151821e+01  4.000000e+00
   endloop
 endfacet
 facet normal  0.000000e+00  0.000000e+00  1.000000e+00
   outer loop
     vertex -8.373656e+00  1.244516e+01  4.000000e+00
     vertex -2.750000e+01  1.750000e+01  4.000000e+00
     vertex -9.003214e+00  1.199759e+01  4.000000e+00
   endloop
 endfacet
 facet normal  0.000000e+00  0.000000e+00  1.000000e+00
   outer loop
     vertex -7.721892e+00  1.285972e+01  4.000000e+00
     vertex -2.750000e+01  1.750000e+01  4.000000e+00
     vertex -8.373656e+00  1.244516e+01  4.000000e+00
   endloop
 endfacet
 facet normal  0.000000e+00  0.000000e+00  1.000000e+00
   outer loop
     vertex -7.049651e+00  1.324018e+01  4.000000e+00
     vertex -2.750000e+01  1.750000e+01  4.000000e+00
     vertex -7.721892e+00  1.285972e+01  4.000000e+00
   endloop
 endfacet
 facet normal  0.000000e+00  0.000000e+00  1.000000e+00
   outer loop
     vertex -6.358716e+00  1.358553e+01  4.000000e+00
     vertex -2.750000e+01  1.750000e+01  4.000000e+00
     vertex -7.049651e+00  1.324018e+01  4.000000e+00
   endloop
 endfacet
 facet normal  0.000000e+00  0.000000e+00  1.000000e+00
   outer loop
     vertex -5.650918e+00  1.389486e+01  4.000000e+00
     vertex -2.750000e+01  1.750000e+01  4.000000e+00
     vertex -6.358716e+00  1.358553e+01  4.000000e+00
   endloop
 endfacet
 facet normal  0.000000e+00  0.000000e+00  1.000000e+00
   outer loop
     vertex -4.928136e+00  1.416734e+01  4.000000e+00
     vertex -2.750000e+01  1.750000e+01  4.000000e+00
     vertex -5.650918e+00  1.389486e+01  4.000000e+00
   endloop
 endfacet
 facet normal  0.000000e+00  0.000000e+00  1.000000e+00
   outer loop
     vertex  2.750000e+01 -1.750000e+01  4.000000e+00
     vertex  4.192285e+00 -1.440225e+01  4.000000e+00
     vertex  3.445316e+00 -1.459897e+01  4.000000e+00
   endloop
 endfacet
 facet normal  0.000000e+00  0.000000e+00  1.000000e+00
   outer loop
     vertex  2.750000e+01 -1.750000e+01  4.000000e+00
     vertex  4.928136e+00 -1.416734e+01  4.000000e+00
     vertex  4.192285e+00 -1.440225e+01  4.000000e+00
   endloop
 endfacet
 facet normal  0.000000e+00  0.000000e+00  1.000000e+00
   outer loop
     vertex  2.750000e+01 -1.750000e+01  4.000000e+00
     vertex  5.650918e+00 -1.389486e+01  4.000000e+00
     vertex  4.928136e+00 -1.416734e+01  4.000000e+00
   endloop
 endfacet
 facet normal  0.000000e+00  0.000000e+00  1.000000e+00
   outer loop
     vertex  2.750000e+01 -1.750000e+01  4.000000e+00
     vertex  6.358716e+00 -1.358553e+01  4.000000e+00
     vertex  5.650918e+00 -1.389486e+01  4.000000e+00
   endloop
 endfacet
 facet normal  0.000000e+00  0.000000e+00  1.000000e+00
   outer loop
     vertex  2.750000e+01 -1.750000e+01  4.000000e+00
     vertex  7.049651e+00 -1.324018e+01  4.000000e+00
     vertex  6.358716e+00 -1.358553e+01  4.000000e+00
   endloop
 endfacet
 facet normal  0.000000e+00  0.000000e+00  1.000000e+00
   outer loop
     vertex  2.750000e+01 -1.750000e+01  4.000000e+00
     vertex  7.721892e+00 -1.285972e+01  4.000000e+00
     vertex  7.049651e+00 -1.324018e+01  4.000000e+00
   endloop
 endfacet
 facet normal  0.000000e+00  0.000000e+00  1.000000e+00
   outer loop
     vertex  2.750000e+01 -1.750000e+01  4.000000e+00
     vertex  8.373656e+00 -1.244516e+01  4.000000e+00
     vertex  7.721892e+00 -1.285972e+01  4.000000e+00
   endloop
 endfacet
 facet normal  0.000000e+00  0.000000e+00  1.000000e+00
   outer loop
     vertex  2.750000e+01 -1.750000e+01  4.000000e+00
     vertex  9.003214e+00 -1.199759e+01  4.000000e+00
     vertex  8.373656e+00 -1.244516e+01  4.000000e+00
   endloop
 endfacet
 facet normal  0.000000e+00  0.000000e+00  1.000000e+00
   outer loop
     vertex  2.750000e+01 -1.750000e+01  4.000000e+00
     vertex  9.608898e+00 -1.151821e+01  4.000000e+00
     vertex  9.003214e+00 -1.199759e+01  4.000000e+00
   endloop
 endfacet
 facet normal  0.000000e+00  0.000000e+00  1.000000e+00
   outer loop
     vertex  2.750000e+01 -1.750000e+01  4.000000e+00
     vertex  1.018910e+01 -1.100828e+01  4.000000e+00
     vertex  9.608898e+00 -1.151821e+01  4.000000e+00
   endloop
 endfacet
 facet normal  0.000000e+00  0.000000e+00  1.000000e+00
   outer loop
     vertex  2.750000e+01 -1.750000e+01  4.000000e+00
     vertex  1.074228e+01 -1.046916e+01  4.000000e+00
     vertex  1.018910e+01 -1.100828e+01  4.000000e+00
   endloop
 endfacet
 facet normal  0.000000e+00  0.000000e+00  1.000000e+00
   outer loop
     vertex  2.750000e+01 -1.750000e+01  4.000000e+00
     vertex  1.126698e+01 -9.902282e+00  4.000000e+00
     vertex  1.074228e+01 -1.046916e+01  4.000000e+00
   endloop
 endfacet
 facet normal  0.000000e+00  0.000000e+00  1.000000e+00
   outer loop
     vertex  2.750000e+01 -1.750000e+01  4.000000e+00
     vertex  1.176180e+01 -9.309142e+00  4.000000e+00
     vertex  1.126698e+01 -9.902282e+00  4.000000e+00
   endloop
 endfacet
 facet normal  0.000000e+00  0.000000e+00  1.000000e+00
   outer loop
     vertex  2.750000e+01 -1.750000e+01  4.000000e+00
     vertex  1.222543e+01 -8.691316e+00  4.000000e+00
     vertex  1.176180e+01 -9.309142e+00  4.000000e+00
   endloop
 endfacet
 facet normal  0.000000e+00  0.000000e+00  1.000000e+00
   outer loop
     vertex  2.750000e+01 -1.750000e+01  4.000000e+00
     vertex  1.265663e+01 -8.050443e+00  4.000000e+00
     vertex  1.222543e+01 -8.691316e+00  4.000000e+00
   endloop
 endfacet
 facet normal  0.000000e+00  0.000000e+00  1.000000e+00
   outer loop
     vertex  2.750000e+01 -1.750000e+01  4.000000e+00
     vertex  1.305428e+01 -7.388221e+00  4.000000e+00
     vertex  1.265663e+01 -8.050443e+00  4.000000e+00
   endloop
 endfacet
 facet normal  0.000000e+00  0.000000e+00  1.000000e+00
   outer loop
     vertex  2.750000e+01 -1.750000e+01  4.000000e+00
     vertex  1.341731e+01 -6.706407e+00  4.000000e+00
     vertex  1.305428e+01 -7.388221e+00  4.000000e+00
   endloop
 endfacet
 facet normal  0.000000e+00  0.000000e+00  1.000000e+00
   outer loop
     vertex  2.750000e+01 -1.750000e+01  4.000000e+00
     vertex  1.374475e+01 -6.006809e+00  4.000000e+00
     vertex  1.341731e+01 -6.706407e+00  4.000000e+00
   endloop
 endfacet
 facet normal  0.000000e+00  0.000000e+00  1.000000e+00
   outer loop
     vertex  2.750000e+01 -1.750000e+01  4.000000e+00
     vertex  1.403575e+01 -5.291281e+00  4.000000e+00
     vertex  1.374475e+01 -6.006809e+00  4.000000e+00
   endloop
 endfacet
 facet normal  0.000000e+00  0.000000e+00  1.000000e+00
   outer loop
     vertex  2.750000e+01 -1.750000e+01  4.000000e+00
     vertex  1.428953e+01 -4.561722e+00  4.000000e+00
     vertex  1.403575e+01 -5.291281e+00  4.000000e+00
   endloop
 endfacet
 facet normal  0.000000e+00  0.000000e+00  1.000000e+00
   outer loop
     vertex  2.750000e+01 -1.750000e+01  4.000000e+00
     vertex  3.862187e-01 -1.499503e+01  4.000000e+00
     vertex -2.750000e+01 -1.750000e+01  4.000000e+00
   endloop
 endfacet
 facet normal  0.000000e+00  0.000000e+00  1.000000e+00
   outer loop
     vertex  2.750000e+01 -1.750000e+01  4.000000e+00
     vertex  1.157632e+00 -1.495526e+01  4.000000e+00
     vertex  3.862187e-01 -1.499503e+01  4.000000e+00
   endloop
 endfacet
 facet normal  0.000000e+00  0.000000e+00  1.000000e+00
   outer loop
     vertex  2.750000e+01 -1.750000e+01  4.000000e+00
     vertex  1.925975e+00 -1.487584e+01  4.000000e+00
     vertex  1.157632e+00 -1.495526e+01  4.000000e+00
   endloop
 endfacet
 facet normal  0.000000e+00  0.000000e+00  1.000000e+00
   outer loop
     vertex  2.750000e+01 -1.750000e+01  4.000000e+00
     vertex  2.689211e+00 -1.475697e+01  4.000000e+00
     vertex  1.925975e+00 -1.487584e+01  4.000000e+00
   endloop
 endfacet
 facet normal  0.000000e+00  0.000000e+00  1.000000e+00
   outer loop
     vertex  2.750000e+01 -1.750000e+01  4.000000e+00
     vertex  3.445316e+00 -1.459897e+01  4.000000e+00
     vertex  2.689211e+00 -1.475697e+01  4.000000e+00
   endloop
 endfacet
 facet normal  0.000000e+00  0.000000e+00  1.000000e+00
   outer loop
     vertex -4.192285e+00  1.440225e+01  4.000000e+00
     vertex -2.750000e+01  1.750000e+01  4.000000e+00
     vertex -4.928136e+00  1.416734e+01  4.000000e+00
   endloop
 endfacet
 facet normal  0.000000e+00  0.000000e+00  1.000000e+00
   outer loop
     vertex  1.450542e+01 -3.820067e+00  4.000000e+00
     vertex  1.428953e+01 -4.561722e+00  4.000000e+00
     vertex  2.750000e+01 -1.750000e+01  4.000000e+00
   endloop
 endfacet
 facet normal  0.000000e+00  0.000000e+00  1.000000e+00
   outer loop
     vertex  1.468284e+01 -3.068281e+00  4.000000e+00
     vertex  1.450542e+01 -3.820067e+00  4.000000e+00
     vertex  2.750000e+01 -1.750000e+01  4.000000e+00
   endloop
 endfacet
 facet normal  0.000000e+00  0.000000e+00  1.000000e+00
   outer loop
     vertex  1.482132e+01 -2.308359e+00  4.000000e+00
     vertex  1.468284e+01 -3.068281e+00  4.000000e+00
     vertex  2.750000e+01 -1.750000e+01  4.000000e+00
   endloop
 endfacet
 facet normal  0.000000e+00  0.000000e+00  1.000000e+00
   outer loop
     vertex  1.492050e+01 -1.542315e+00  4.000000e+00
     vertex  1.482132e+01 -2.308359e+00  4.000000e+00
     vertex  2.750000e+01 -1.750000e+01  4.000000e+00
   endloop
 endfacet
 facet normal  0.000000e+00  0.000000e+00  1.000000e+00
   outer loop
     vertex  1.498011e+01 -7.721813e-01  4.000000e+00
     vertex  1.492050e+01 -1.542315e+00  4.000000e+00
     vertex  2.750000e+01 -1.750000e+01  4.000000e+00
   endloop
 endfacet
 facet normal  0.000000e+00  0.000000e+00  1.000000e+00
   outer loop
     vertex  1.500000e+01 -3.673940e-15  4.000000e+00
     vertex  1.498011e+01 -7.721813e-01  4.000000e+00
     vertex  2.750000e+01 -1.750000e+01  4.000000e+00
   endloop
 endfacet
 facet normal  0.000000e+00  0.000000e+00  1.000000e+00
   outer loop
     vertex  2.750000e+01  1.750000e+01  4.000000e+00
     vertex  1.498011e+01  7.721813e-01  4.000000e+00
     vertex  1.500000e+01 -3.673940e-15  4.000000e+00
   endloop
 endfacet
 facet normal  0.000000e+00  0.000000e+00  1.000000e+00
   outer loop
     vertex  2.750000e+01  1.750000e+01  4.000000e+00
     vertex  1.492050e+01  1.542315e+00  4.000000e+00
     vertex  1.498011e+01  7.721813e-01  4.000000e+00
   endloop
 endfacet
 facet normal  0.000000e+00  0.000000e+00  1.000000e+00
   outer loop
     vertex  2.750000e+01  1.750000e+01  4.000000e+00
     vertex  1.482132e+01  2.308359e+00  4.000000e+00
     vertex  1.492050e+01  1.542315e+00  4.000000e+00
   endloop
 endfacet
 facet normal  0.000000e+00  0.000000e+00  1.000000e+00
   outer loop
     vertex  2.750000e+01  1.750000e+01  4.000000e+00
     vertex  1.468284e+01  3.068281e+00  4.000000e+00
     vertex  1.482132e+01  2.308359e+00  4.000000e+00
   endloop
 endfacet
 facet normal  0.000000e+00  0.000000e+00  1.000000e+00
   outer loop
     vertex  2.750000e+01  1.750000e+01  4.000000e+00
     vertex  1.450542e+01  3.820067e+00  4.000000e+00
     vertex  1.468284e+01  3.068281e+00  4.000000e+00
   endloop
 endfacet
 facet normal  0.000000e+00  0.000000e+00  1.000000e+00
   outer loop
     vertex  2.750000e+01  1.750000e+01  4.000000e+00
     vertex  1.428953e+01  4.561722e+00  4.000000e+00
     vertex  1.450542e+01  3.820067e+00  4.000000e+00
   endloop
 endfacet
 facet normal  0.000000e+00  0.000000e+00  1.000000e+00
   outer loop
     vertex  2.750000e+01  1.750000e+01  4.000000e+00
     vertex  1.403575e+01  5.291281e+00  4.000000e+00
     vertex  1.428953e+01  4.561722e+00  4.000000e+00
   endloop
 endfacet
 facet normal  0.000000e+00  0.000000e+00  1.000000e+00
   outer loop
     vertex  2.750000e+01  1.750000e+01  4.000000e+00
     vertex  1.374475e+01  6.006809e+00  4.000000e+00
     vertex  1.403575e+01  5.291281e+00  4.000000e+00
   endloop
 endfacet
 facet normal  0.000000e+00  0.000000e+00  1.000000e+00
   outer loop
     vertex  2.750000e+01  1.750000e+01  4.000000e+00
     vertex  1.341731e+01  6.706407e+00  4.000000e+00
     vertex  1.374475e+01  6.006809e+00  4.000000e+00
   endloop
 endfacet
 facet normal  0.000000e+00  0.000000e+00  1.000000e+00
   outer loop
     vertex  2.750000e+01  1.750000e+01  4.000000e+00
     vertex  1.305428e+01  7.388221e+00  4.000000e+00
     vertex  1.341731e+01  6.706407e+00  4.000000e+00
   endloop
 endfacet
 facet normal  0.000000e+00  0.000000e+00  1.000000e+00
   outer loop
     vertex  2.750000e+01  1.750000e+01  4.000000e+00
     vertex  1.265663e+01  8.050443e+00  4.000000e+00
     vertex  1.305428e+01  7.388221e+00  4.000000e+00
   endloop
 endfacet
 facet normal  0.000000e+00  0.000000e+00  1.000000e+00
   outer loop
     vertex  2.750000e+01  1.750000e+01  4.000000e+00
     vertex  1.222543e+01  8.691316e+00  4.000000e+00
     vertex  1.265663e+01  8.050443e+00  4.000000e+00
   endloop
 endfacet
 facet normal  0.000000e+00  0.000000e+00  1.000000e+00
   outer loop
     vertex  2.750000e+01  1.750000e+01  4.000000e+00
     vertex  1.176180e+01  9.309142e+00  4.000000e+00
     vertex  1.222543e+01  8.691316e+00  4.000000e+00
   endloop
 endfacet
 facet normal  0.000000e+00  0.000000e+00  1.000000e+00
   outer loop
     vertex  2.750000e+01  1.750000e+01  4.000000e+00
     vertex  1.500000e+01 -3.673940e-15  4.000000e+00
     vertex  2.750000e+01 -1.750000e+01  4.000000e+00
   endloop
 endfacet
 facet normal  0.000000e+00  0.000000e+00  1.000000e+00
   outer loop
     vertex  2.750000e+01  1.750000e+01  4.000000e+00
     vertex  1.126698e+01  9.902282e+00  4.000000e+00
     vertex  1.176180e+01  9.309142e+00  4.000000e+00
   endloop
 endfacet
 facet normal  0.000000e+00  0.000000e+00  1.000000e+00
   outer loop
     vertex  2.750000e+01  1.750000e+01  4.000000e+00
     vertex  1.074228e+01  1.046916e+01  4.000000e+00
     vertex  1.126698e+01  9.902282e+00  4.000000e+00
   endloop
 endfacet
 facet normal  0.000000e+00  0.000000e+00  1.000000e+00
   outer loop
     vertex  2.750000e+01  1.750000e+01  4.000000e+00
     vertex  1.018910e+01  1.100828e+01  4.000000e+00
     vertex  1.074228e+01  1.046916e+01  4.000000e+00
   endloop
 endfacet
 facet normal  0.000000e+00  0.000000e+00  1.000000e+00
   outer loop
     vertex  2.750000e+01  1.750000e+01  4.000000e+00
     vertex  9.608898e+00  1.151821e+01  4.000000e+00
     vertex  1.018910e+01  1.100828e+01  4.000000e+00
   endloop
 endfacet
 facet normal  0.000000e+00  0.000000e+00  1.000000e+00
   outer loop
     vertex  2.750000e+01  1.750000e+01  4.000000e+00
     vertex  9.003214e+00  1.199759e+01  4.000000e+00
     vertex  9.608898e+00  1.151821e+01  4.000000e+00
   endloop
 endfacet
 facet normal  0.000000e+00  0.000000e+00  1.000000e+00
   outer loop
     vertex  2.750000e+01  1.750000e+01  4.000000e+00
     vertex  8.373656e+00  1.244516e+01  4.000000e+00
     vertex  9.003214e+00  1.199759e+01  4.000000e+00
   endloop
 endfacet
 facet normal  0.000000e+00  0.000000e+00  1.000000e+00
   outer loop
     vertex  2.750000e+01  1.750000e+01  4.000000e+00
     vertex  7.721892e+00  1.285972e+01  4.000000e+00
     vertex  8.373656e+00  1.244516e+01  4.000000e+00
   endloop
 endfacet
 facet normal  0.000000e+00  0.000000e+00  1.000000e+00
   outer loop
     vertex  2.750000e+01  1.750000e+01  4.000000e+00
     vertex  7.049651e+00  1.324018e+01  4.000000e+00
     vertex  7.721892e+00  1.285972e+01  4.000000e+00
   endloop
 endfacet
 facet normal  0.000000e+00  0.000000e+00  1.000000e+00
   outer loop
     vertex  2.750000e+01  1.750000e+01  4.000000e+00
     vertex  6.358716e+00  1.358553e+01  4.000000e+00
     vertex  7.049651e+00  1.324018e+01  4.000000e+00
   endloop
 endfacet
 facet normal  0.000000e+00  0.000000e+00  1.000000e+00
   outer loop
     vertex  2.750000e+01  1.750000e+01  4.000000e+00
     vertex  5.650918e+00  1.389486e+01  4.000000e+00
     vertex  6.358716e+00  1.358553e+01  4.000000e+00
   endloop
 endfacet
 facet normal  0.000000e+00  0.000000e+00  1.000000e+00
   outer loop
     vertex  2.750000e+01  1.750000e+01  4.000000e+00
     vertex  4.928136e+00  1.416734e+01  4.000000e+00
     vertex  5.650918e+00  1.389486e+01  4.000000e+00
   endloop
 endfacet
 facet normal  0.000000e+00  0.000000e+00  1.000000e+00
   outer loop
     vertex  2.750000e+01  1.750000e+01  4.000000e+00
     vertex  4.192285e+00  1.440225e+01  4.000000e+00
     vertex  4.928136e+00  1.416734e+01  4.000000e+00
   endloop
 endfacet
 facet normal  0.000000e+00  0.000000e+00  1.000000e+00
   outer loop
     vertex  2.750000e+01  1.750000e+01  4.000000e+00
     vertex -2.750000e+01  1.750000e+01  4.000000e+00
     vertex  3.862187e-01  1.499503e+01  4.000000e+00
   endloop
 endfacet
 facet normal  0.000000e+00  0.000000e+00  1.000000e+00
   outer loop
     vertex  3.862187e-01  1.499503e+01  4.000000e+00
     vertex -2.750000e+01  1.750000e+01  4.000000e+00
     vertex -3.862187e-01  1.499503e+01  4.000000e+00
   endloop
 endfacet
 facet normal  0.000000e+00  0.000000e+00  1.000000e+00
   outer loop
     vertex -3.862187e-01  1.499503e+01  4.000000e+00
     vertex -2.750000e+01  1.750000e+01  4.000000e+00
     vertex -1.157632e+00  1.495526e+01  4.000000e+00
   endloop
 endfacet
 facet normal  0.000000e+00  0.000000e+00  1.000000e+00
   outer loop
     vertex -1.157632e+00  1.495526e+01  4.000000e+00
     vertex -2.750000e+01  1.750000e+01  4.000000e+00
     vertex -1.925975e+00  1.487584e+01  4.000000e+00
   endloop
 endfacet
 facet normal  0.000000e+00  0.000000e+00  1.000000e+00
   outer loop
     vertex -1.925975e+00  1.487584e+01  4.000000e+00
     vertex -2.750000e+01  1.750000e+01  4.000000e+00
     vertex -2.689211e+00  1.475697e+01  4.000000e+00
   endloop
 endfacet
 facet normal  0.000000e+00  0.000000e+00  1.000000e+00
   outer loop
     vertex -2.689211e+00  1.475697e+01  4.000000e+00
     vertex -2.750000e+01  1.750000e+01  4.000000e+00
     vertex -3.445316e+00  1.459897e+01  4.000000e+00
   endloop
 endfacet
 facet normal  0.000000e+00  0.000000e+00  1.000000e+00
   outer loop
     vertex -3.445316e+00  1.459897e+01  4.000000e+00
     vertex -2.750000e+01  1.750000e+01  4.000000e+00
     vertex -4.192285e+00  1.440225e+01  4.000000e+00
   endloop
 endfacet
 facet normal  0.000000e+00  0.000000e+00  1.000000e+00
   outer loop
     vertex  2.750000e+01  1.750000e+01  4.000000e+00
     vertex  3.862187e-01  1.499503e+01  4.000000e+00
     vertex  1.157632e+00  1.495526e+01  4.000000e+00
   endloop
 endfacet
 facet normal  0.000000e+00  0.000000e+00  1.000000e+00
   outer loop
     vertex  2.750000e+01  1.750000e+01  4.000000e+00
     vertex  1.157632e+00  1.495526e+01  4.000000e+00
     vertex  1.925975e+00  1.487584e+01  4.000000e+00
   endloop
 endfacet
 facet normal  0.000000e+00  0.000000e+00  1.000000e+00
   outer loop
     vertex  2.750000e+01  1.750000e+01  4.000000e+00
     vertex  1.925975e+00  1.487584e+01  4.000000e+00
     vertex  2.689211e+00  1.475697e+01  4.000000e+00
   endloop
 endfacet
 facet normal  0.000000e+00  0.000000e+00  1.000000e+00
   outer loop
     vertex  2.750000e+01  1.750000e+01  4.000000e+00
     vertex  2.689211e+00  1.475697e+01  4.000000e+00
     vertex  3.445316e+00  1.459897e+01  4.000000e+00
   endloop
 endfacet
 facet normal  0.000000e+00  0.000000e+00  1.000000e+00
   outer loop
     vertex  2.750000e+01  1.750000e+01  4.000000e+00
     vertex  3.445316e+00  1.459897e+01  4.000000e+00
     vertex  4.192285e+00  1.440225e+01  4.000000e+00
   endloop
 endfacet
 facet normal  0.000000e+00  1.000000e+00  0.000000e+00
   outer loop
     vertex  2.750000e+01  1.750000e+01  4.000000e+00
     vertex  2.750000e+01  1.750000e+01 -4.000000e+00
     vertex -2.750000e+01  1.750000e+01 -4.000000e+00
   endloop
 endfacet
 facet normal  0.000000e+00  1.000000e+00  0.000000e+00
   outer loop
     vertex  2.750000e+01  1.750000e+01  4.000000e+00
     vertex -2.750000e+01  1.750000e+01 -4.000000e+00
     vertex -2.750000e+01  1.750000e+01  4.000000e+00
   endloop
 endfacet
 facet normal -0.000000e+00  0.000000e+00 -1.000000e+00
   outer loop
     vertex -1.018910e+01 -1.100828e+01 -4.000000e+00
     vertex -2.750000e+01 -1.750000e+01 -4.000000e+00
     vertex -1.074228e+01 -1.046916e+01 -4.000000e+00
   endloop
 endfacet
 facet normal  0.000000e+00 -0.000000e+00 -1.000000e+00
   outer loop
     vertex -1.126698e+01 -9.902282e+00 -4.000000e+00
     vertex -1.074228e+01 -1.046916e+01 -4.000000e+00
     vertex -2.750000e+01 -1.750000e+01 -4.000000e+00
   endloop
 endfacet
 facet normal -0.000000e+00  0.000000e+00 -1.000000e+00
   outer loop
     vertex -9.608898e+00 -1.151821e+01 -4.000000e+00
     vertex -2.750000e+01 -1.750000e+01 -4.000000e+00
     vertex -1.018910e+01 -1.100828e+01 -4.000000e+00
   endloop
 endfacet
 facet normal  0.000000e+00 -0.000000e+00 -1.000000e+00
   outer loop
     vertex -1.176180e+01 -9.309142e+00 -4.000000e+00
     vertex -1.126698e+01 -9.902282e+00 -4.000000e+00
     vertex -2.750000e+01 -1.750000e+01 -4.000000e+00
   endloop
 endfacet
 facet normal -0.000000e+00  0.000000e+00 -1.000000e+00
   outer loop
     vertex -9.003214e+00 -1.199759e+01 -4.000000e+00
     vertex -2.750000e+01 -1.750000e+01 -4.000000e+00
     vertex -9.608898e+00 -1.151821e+01 -4.000000e+00
   endloop
 endfacet
 facet normal  0.000000e+00 -0.000000e+00 -1.000000e+00
   outer loop
     vertex -1.222543e+01 -8.691316e+00 -4.000000e+00
     vertex -1.176180e+01 -9.309142e+00 -4.000000e+00
     vertex -2.750000e+01 -1.750000e+01 -4.000000e+00
   endloop
 endfacet
 facet normal -0.000000e+00  0.000000e+00 -1.000000e+00
   outer loop
     vertex -8.373656e+00 -1.244516e+01 -4.000000e+00
     vertex -2.750000e+01 -1.750000e+01 -4.000000e+00
     vertex -9.003214e+00 -1.199759e+01 -4.000000e+00
   endloop
 endfacet
 facet normal  0.000000e+00 -0.000000e+00 -1.000000e+00
   outer loop
     vertex -1.265663e+01 -8.050443e+00 -4.000000e+00
     vertex -1.222543e+01 -8.691316e+00 -4.000000e+00
     vertex -2.750000e+01 -1.750000e+01 -4.000000e+00
   endloop
 endfacet
 facet normal -0.000000e+00  0.000000e+00 -1.000000e+00
   outer loop
     vertex -7.721892e+00 -1.285972e+01 -4.000000e+00
     vertex -2.750000e+01 -1.750000e+01 -4.000000e+00
     vertex -8.373656e+00 -1.244516e+01 -4.000000e+00
   endloop
 endfacet
 facet normal  0.000000e+00 -0.000000e+00 -1.000000e+00
   outer loop
     vertex -1.305428e+01 -7.388221e+00 -4.000000e+00
     vertex -1.265663e+01 -8.050443e+00 -4.000000e+00
     vertex -2.750000e+01 -1.750000e+01 -4.000000e+00
   endloop
 endfacet
 facet normal -0.000000e+00  0.000000e+00 -1.000000e+00
   outer loop
     vertex -7.049651e+00 -1.324018e+01 -4.000000e+00
     vertex -2.750000e+01 -1.750000e+01 -4.000000e+00
     vertex -7.721892e+00 -1.285972e+01 -4.000000e+00
   endloop
 endfacet
 facet normal  0.000000e+00 -0.000000e+00 -1.000000e+00
   outer loop
     vertex -1.341731e+01 -6.706407e+00 -4.000000e+00
     vertex -1.305428e+01 -7.388221e+00 -4.000000e+00
     vertex -2.750000e+01 -1.750000e+01 -4.000000e+00
   endloop
 endfacet
 facet normal -0.000000e+00  0.000000e+00 -1.000000e+00
   outer loop
     vertex -6.358716e+00 -1.358553e+01 -4.000000e+00
     vertex -2.750000e+01 -1.750000e+01 -4.000000e+00
     vertex -7.049651e+00 -1.324018e+01 -4.000000e+00
   endloop
 endfacet
 facet normal  0.000000e+00 -0.000000e+00 -1.000000e+00
   outer loop
     vertex -1.374475e+01 -6.006809e+00 -4.000000e+00
     vertex -1.341731e+01 -6.706407e+00 -4.000000e+00
     vertex -2.750000e+01 -1.750000e+01 -4.000000e+00
   endloop
 endfacet
 facet normal -0.000000e+00  0.000000e+00 -1.000000e+00
   outer loop
     vertex -5.650918e+00 -1.389486e+01 -4.000000e+00
     vertex -2.750000e+01 -1.750000e+01 -4.000000e+00
     vertex -6.358716e+00 -1.358553e+01 -4.000000e+00
   endloop
 endfacet
 facet normal  0.000000e+00 -0.000000e+00 -1.000000e+00
   outer loop
     vertex -1.403575e+01 -5.291281e+00 -4.000000e+00
     vertex -1.374475e+01 -6.006809e+00 -4.000000e+00
     vertex -2.750000e+01 -1.750000e+01 -4.000000e+00
   endloop
 endfacet
 facet normal -0.000000e+00  0.000000e+00 -1.000000e+00
   outer loop
     vertex -4.928136e+00 -1.416734e+01 -4.000000e+00
     vertex -2.750000e+01 -1.750000e+01 -4.000000e+00
     vertex -5.650918e+00 -1.389486e+01 -4.000000e+00
   endloop
 endfacet
 facet normal  0.000000e+00 -0.000000e+00 -1.000000e+00
   outer loop
     vertex -1.428953e+01 -4.561722e+00 -4.000000e+00
     vertex -1.403575e+01 -5.291281e+00 -4.000000e+00
     vertex -2.750000e+01 -1.750000e+01 -4.000000e+00
   endloop
 endfacet
 facet normal -0.000000e+00  0.000000e+00 -1.000000e+00
   outer loop
     vertex -4.192285e+00 -1.440225e+01 -4.000000e+00
     vertex -2.750000e+01 -1.750000e+01 -4.000000e+00
     vertex -4.928136e+00 -1.416734e+01 -4.000000e+00
   endloop
 endfacet
 facet normal  0.000000e+00 -0.000000e+00 -1.000000e+00
   outer loop
     vertex -1.450542e+01 -3.820067e+00 -4.000000e+00
     vertex -1.428953e+01 -4.561722e+00 -4.000000e+00
     vertex -2.750000e+01 -1.750000e+01 -4.000000e+00
   endloop
 endfacet
 facet normal -0.000000e+00  0.000000e+00 -1.000000e+00
   outer loop
     vertex -3.445316e+00 -1.459897e+01 -4.000000e+00
     vertex -2.750000e+01 -1.750000e+01 -4.000000e+00
     vertex -4.192285e+00 -1.440225e+01 -4.000000e+00
   endloop
 endfacet
 facet normal  0.000000e+00 -0.000000e+00 -1.000000e+00
   outer loop
     vertex -1.468284e+01 -3.068281e+00 -4.000000e+00
     vertex -1.450542e+01 -3.820067e+00 -4.000000e+00
     vertex -2.750000e+01 -1.750000e+01 -4.000000e+00
   endloop
 endfacet
 facet normal -0.000000e+00  0.000000e+00 -1.000000e+00
   outer loop
     vertex -2.689211e+00 -1.475697e+01 -4.000000e+00
     vertex -2.750000e+01 -1.750000e+01 -4.000000e+00
     vertex -3.445316e+00 -1.459897e+01 -4.000000e+00
   endloop
 endfacet
 facet normal  0.000000e+00 -0.000000e+00 -1.000000e+00
   outer loop
     vertex -1.482132e+01 -2.308359e+00 -4.000000e+00
     vertex -1.468284e+01 -3.068281e+00 -4.000000e+00
     vertex -2.750000e+01 -1.750000e+01 -4.000000e+00
   endloop
 endfacet
 facet normal -0.000000e+00  0.000000e+00 -1.000000e+00
   outer loop
     vertex -1.925975e+00 -1.487584e+01 -4.000000e+00
     vertex -2.750000e+01 -1.750000e+01 -4.000000e+00
     vertex -2.689211e+00 -1.475697e+01 -4.000000e+00
   endloop
 endfacet
 facet normal  0.000000e+00 -0.000000e+00 -1.000000e+00
   outer loop
     vertex -1.492050e+01 -1.542315e+00 -4.000000e+00
     vertex -1.482132e+01 -2.308359e+00 -4.000000e+00
     vertex -2.750000e+01 -1.750000e+01 -4.000000e+00
   endloop
 endfacet
 facet normal -0.000000e+00  0.000000e+00 -1.000000e+00
   outer loop
     vertex -1.157632e+00 -1.495526e+01 -4.000000e+00
     vertex -2.750000e+01 -1.750000e+01 -4.000000e+00
     vertex -1.925975e+00 -1.487584e+01 -4.000000e+00
   endloop
 endfacet
 facet normal  0.000000e+00 -0.000000e+00 -1.000000e+00
   outer loop
     vertex -1.498011e+01 -7.721813e-01 -4.000000e+00
     vertex -1.492050e+01 -1.542315e+00 -4.000000e+00
     vertex -2.750000e+01 -1.750000e+01 -4.000000e+00
   endloop
 endfacet
 facet normal -0.000000e+00  0.000000e+00 -1.000000e+00
   outer loop
     vertex -3.862187e-01 -1.499503e+01 -4.000000e+00
     vertex -2.750000e+01 -1.750000e+01 -4.000000e+00
     vertex -1.157632e+00 -1.495526e+01 -4.000000e+00
   endloop
 endfacet
 facet normal  0.000000e+00 -0.000000e+00 -1.000000e+00
   outer loop
     vertex -1.500000e+01 -3.813106e-14 -4.000000e+00
     vertex -1.498011e+01 -7.721813e-01 -4.000000e+00
     vertex -2.750000e+01 -1.750000e+01 -4.000000e+00
   endloop
 endfacet
 facet normal -0.000000e+00  0.000000e+00 -1.000000e+00
   outer loop
     vertex  3.862187e-01 -1.499503e+01 -4.000000e+00
     vertex -2.750000e+01 -1.750000e+01 -4.000000e+00
     vertex -3.862187e-01 -1.499503e+01 -4.000000e+00
   endloop
 endfacet
 facet normal  0.000000e+00  0.000000e+00 -1.000000e+00
   outer loop
     vertex -2.750000e+01  1.750000e+01 -4.000000e+00
     vertex -1.500000e+01 -3.813106e-14 -4.000000e+00
     vertex -2.750000e+01 -1.750000e+01 -4.000000e+00
   endloop
 endfacet
 facet normal  0.000000e+00  0.000000e+00 -1.000000e+00
   outer loop
     vertex -2.750000e+01  1.750000e+01 -4.000000e+00
     vertex -1.450542e+01  3.820067e+00 -4.000000e+00
     vertex -1.468284e+01  3.068281e+00 -4.000000e+00
   endloop
 endfacet
 facet normal  0.000000e+00  0.000000e+00 -1.000000e+00
   outer loop
     vertex -2.750000e+01  1.750000e+01 -4.000000e+00
     vertex -1.468284e+01  3.068281e+00 -4.000000e+00
     vertex -1.482132e+01  2.308359e+00 -4.000000e+00
   endloop
 endfacet
 facet normal  0.000000e+00  0.000000e+00 -1.000000e+00
   outer loop
     vertex -2.750000e+01  1.750000e+01 -4.000000e+00
     vertex -1.482132e+01  2.308359e+00 -4.000000e+00
     vertex -1.492050e+01  1.542315e+00 -4.000000e+00
   endloop
 endfacet
 facet normal  0.000000e+00  0.000000e+00 -1.000000e+00
   outer loop
     vertex -2.750000e+01  1.750000e+01 -4.000000e+00
     vertex -1.492050e+01  1.542315e+00 -4.000000e+00
     vertex -1.498011e+01  7.721813e-01 -4.000000e+00
   endloop
 endfacet
 facet normal  0.000000e+00  0.000000e+00 -1.000000e+00
   outer loop
     vertex -2.750000e+01  1.750000e+01 -4.000000e+00
     vertex -1.498011e+01  7.721813e-01 -4.000000e+00
     vertex -1.500000e+01 -3.813106e-14 -4.000000e+00
   endloop
 endfacet
 facet normal -0.000000e+00  0.000000e+00 -1.000000e+00
   outer loop
     vertex -1.428953e+01  4.561722e+00 -4.000000e+00
     vertex -1.450542e+01  3.820067e+00 -4.000000e+00
     vertex -2.750000e+01  1.750000e+01 -4.000000e+00
   endloop
 endfacet
 facet normal -0.000000e+00  0.000000e+00 -1.000000e+00
   outer loop
     vertex -1.403575e+01  5.291281e+00 -4.000000e+00
     vertex -1.428953e+01  4.561722e+00 -4.000000e+00
     vertex -2.750000e+01  1.750000e+01 -4.000000e+00
   endloop
 endfacet
 facet normal -0.000000e+00  0.000000e+00 -1.000000e+00
   outer loop
     vertex -1.374475e+01  6.006809e+00 -4.000000e+00
     vertex -1.403575e+01  5.291281e+00 -4.000000e+00
     vertex -2.750000e+01  1.750000e+01 -4.000000e+00
   endloop
 endfacet
 facet normal -0.000000e+00  0.000000e+00 -1.000000e+00
   outer loop
     vertex -1.341731e+01  6.706407e+00 -4.000000e+00
     vertex -1.374475e+01  6.006809e+00 -4.000000e+00
     vertex -2.750000e+01  1.750000e+01 -4.000000e+00
   endloop
 endfacet
 facet normal -0.000000e+00  0.000000e+00 -1.000000e+00
   outer loop
     vertex -1.305428e+01  7.388221e+00 -4.000000e+00
     vertex -1.341731e+01  6.706407e+00 -4.000000e+00
     vertex -2.750000e+01  1.750000e+01 -4.000000e+00
   endloop
 endfacet
 facet normal -0.000000e+00  0.000000e+00 -1.000000e+00
   outer loop
     vertex -1.265663e+01  8.050443e+00 -4.000000e+00
     vertex -1.305428e+01  7.388221e+00 -4.000000e+00
     vertex -2.750000e+01  1.750000e+01 -4.000000e+00
   endloop
 endfacet
 facet normal -0.000000e+00  0.000000e+00 -1.000000e+00
   outer loop
     vertex -1.222543e+01  8.691316e+00 -4.000000e+00
     vertex -1.265663e+01  8.050443e+00 -4.000000e+00
     vertex -2.750000e+01  1.750000e+01 -4.000000e+00
   endloop
 endfacet
 facet normal -0.000000e+00  0.000000e+00 -1.000000e+00
   outer loop
     vertex -1.176180e+01  9.309142e+00 -4.000000e+00
     vertex -1.222543e+01  8.691316e+00 -4.000000e+00
     vertex -2.750000e+01  1.750000e+01 -4.000000e+00
   endloop
 endfacet
 facet normal -0.000000e+00  0.000000e+00 -1.000000e+00
   outer loop
     vertex -1.126698e+01  9.902282e+00 -4.000000e+00
     vertex -1.176180e+01  9.309142e+00 -4.000000e+00
     vertex -2.750000e+01  1.750000e+01 -4.000000e+00
   endloop
 endfacet
 facet normal -0.000000e+00  0.000000e+00 -1.000000e+00
   outer loop
     vertex -1.074228e+01  1.046916e+01 -4.000000e+00
     vertex -1.126698e+01  9.902282e+00 -4.000000e+00
     vertex -2.750000e+01  1.750000e+01 -4.000000e+00
   endloop
 endfacet
 facet normal -0.000000e+00  0.000000e+00 -1.000000e+00
   outer loop
     vertex -1.018910e+01  1.100828e+01 -4.000000e+00
     vertex -1.074228e+01  1.046916e+01 -4.000000e+00
     vertex -2.750000e+01  1.750000e+01 -4.000000e+00
   endloop
 endfacet
 facet normal -0.000000e+00  0.000000e+00 -1.000000e+00
   outer loop
     vertex -9.608898e+00  1.151821e+01 -4.000000e+00
     vertex -1.018910e+01  1.100828e+01 -4.000000e+00
     vertex -2.750000e+01  1.750000e+01 -4.000000e+00
   endloop
 endfacet
 facet normal -0.000000e+00  0.000000e+00 -1.000000e+00
   outer loop
     vertex -9.003214e+00  1.199759e+01 -4.000000e+00
     vertex -9.608898e+00  1.151821e+01 -4.000000e+00
     vertex -2.750000e+01  1.750000e+01 -4.000000e+00
   endloop
 endfacet
 facet normal -0.000000e+00  0.000000e+00 -1.000000e+00
   outer loop
     vertex -8.373656e+00  1.244516e+01 -4.000000e+00
     vertex -9.003214e+00  1.199759e+01 -4.000000e+00
     vertex -2.750000e+01  1.750000e+01 -4.000000e+00
   endloop
 endfacet
 facet normal -0.000000e+00  0.000000e+00 -1.000000e+00
   outer loop
     vertex -7.721892e+00  1.285972e+01 -4.000000e+00
     vertex -8.373656e+00  1.244516e+01 -4.000000e+00
     vertex -2.750000e+01  1.750000e+01 -4.000000e+00
   endloop
 endfacet
 facet normal -0.000000e+00  0.000000e+00 -1.000000e+00
   outer loop
     vertex -7.049651e+00  1.324018e+01 -4.000000e+00
     vertex -7.721892e+00  1.285972e+01 -4.000000e+00
     vertex -2.750000e+01  1.750000e+01 -4.000000e+00
   endloop
 endfacet
 facet normal -0.000000e+00  0.000000e+00 -1.000000e+00
   outer loop
     vertex -6.358716e+00  1.358553e+01 -4.000000e+00
     vertex -7.049651e+00  1.324018e+01 -4.000000e+00
     vertex -2.750000e+01  1.750000e+01 -4.000000e+00
   endloop
 endfacet
 facet normal -0.000000e+00  0.000000e+00 -1.000000e+00
   outer loop
     vertex -5.650918e+00  1.389486e+01 -4.000000e+00
     vertex -6.358716e+00  1.358553e+01 -4.000000e+00
     vertex -2.750000e+01  1.750000e+01 -4.000000e+00
   endloop
 endfacet
 facet normal -0.000000e+00  0.000000e+00 -1.000000e+00
   outer loop
     vertex -4.928136e+00  1.416734e+01 -4.000000e+00
     vertex -5.650918e+00  1.389486e+01 -4.000000e+00
     vertex -2.750000e+01  1.750000e+01 -4.000000e+00
   endloop
 endfacet
 facet normal  0.000000e+00  0.000000e+00 -1.000000e+00
   outer loop
     vertex  2.750000e+01 -1.750000e+01 -4.000000e+00
     vertex  3.445316e+00 -1.459897e+01 -4.000000e+00
     vertex  4.192285e+00 -1.440225e+01 -4.000000e+00
   endloop
 endfacet
 facet normal  0.000000e+00  0.000000e+00 -1.000000e+00
   outer loop
     vertex  2.750000e+01 -1.750000e+01 -4.000000e+00
     vertex  4.192285e+00 -1.440225e+01 -4.000000e+00
     vertex  4.928136e+00 -1.416734e+01 -4.000000e+00
   endloop
 endfacet
 facet normal  0.000000e+00  0.000000e+00 -1.000000e+00
   outer loop
     vertex  2.750000e+01 -1.750000e+01 -4.000000e+00
     vertex  4.928136e+00 -1.416734e+01 -4.000000e+00
     vertex  5.650918e+00 -1.389486e+01 -4.000000e+00
   endloop
 endfacet
 facet normal  0.000000e+00  0.000000e+00 -1.000000e+00
   outer loop
     vertex  2.750000e+01 -1.750000e+01 -4.000000e+00
     vertex  5.650918e+00 -1.389486e+01 -4.000000e+00
     vertex  6.358716e+00 -1.358553e+01 -4.000000e+00
   endloop
 endfacet
 facet normal  0.000000e+00  0.000000e+00 -1.000000e+00
   outer loop
     vertex  2.750000e+01 -1.750000e+01 -4.000000e+00
     vertex  6.358716e+00 -1.358553e+01 -4.000000e+00
     vertex  7.049651e+00 -1.324018e+01 -4.000000e+00
   endloop
 endfacet
 facet normal  0.000000e+00  0.000000e+00 -1.000000e+00
   outer loop
     vertex  2.750000e+01 -1.750000e+01 -4.000000e+00
     vertex  7.049651e+00 -1.324018e+01 -4.000000e+00
     vertex  7.721892e+00 -1.285972e+01 -4.000000e+00
   endloop
 endfacet
 facet normal  0.000000e+00  0.000000e+00 -1.000000e+00
   outer loop
     vertex  2.750000e+01 -1.750000e+01 -4.000000e+00
     vertex  7.721892e+00 -1.285972e+01 -4.000000e+00
     vertex  8.373656e+00 -1.244516e+01 -4.000000e+00
   endloop
 endfacet
 facet normal  0.000000e+00  0.000000e+00 -1.000000e+00
   outer loop
     vertex  2.750000e+01 -1.750000e+01 -4.000000e+00
     vertex  8.373656e+00 -1.244516e+01 -4.000000e+00
     vertex  9.003214e+00 -1.199759e+01 -4.000000e+00
   endloop
 endfacet
 facet normal  0.000000e+00  0.000000e+00 -1.000000e+00
   outer loop
     vertex  2.750000e+01 -1.750000e+01 -4.000000e+00
     vertex  9.003214e+00 -1.199759e+01 -4.000000e+00
     vertex  9.608898e+00 -1.151821e+01 -4.000000e+00
   endloop
 endfacet
 facet normal  0.000000e+00  0.000000e+00 -1.000000e+00
   outer loop
     vertex  2.750000e+01 -1.750000e+01 -4.000000e+00
     vertex  9.608898e+00 -1.151821e+01 -4.000000e+00
     vertex  1.018910e+01 -1.100828e+01 -4.000000e+00
   endloop
 endfacet
 facet normal  0.000000e+00  0.000000e+00 -1.000000e+00
   outer loop
     vertex  2.750000e+01 -1.750000e+01 -4.000000e+00
     vertex  1.018910e+01 -1.100828e+01 -4.000000e+00
     vertex  1.074228e+01 -1.046916e+01 -4.000000e+00
   endloop
 endfacet
 facet normal  0.000000e+00  0.000000e+00 -1.000000e+00
   outer loop
     vertex  2.750000e+01 -1.750000e+01 -4.000000e+00
     vertex  1.074228e+01 -1.046916e+01 -4.000000e+00
     vertex  1.126698e+01 -9.902282e+00 -4.000000e+00
   endloop
 endfacet
 facet normal  0.000000e+00  0.000000e+00 -1.000000e+00
   outer loop
     vertex  2.750000e+01 -1.750000e+01 -4.000000e+00
     vertex  1.126698e+01 -9.902282e+00 -4.000000e+00
     vertex  1.176180e+01 -9.309142e+00 -4.000000e+00
   endloop
 endfacet
 facet normal  0.000000e+00  0.000000e+00 -1.000000e+00
   outer loop
     vertex  2.750000e+01 -1.750000e+01 -4.000000e+00
     vertex  1.176180e+01 -9.309142e+00 -4.000000e+00
     vertex  1.222543e+01 -8.691316e+00 -4.000000e+00
   endloop
 endfacet
 facet normal  0.000000e+00  0.000000e+00 -1.000000e+00
   outer loop
     vertex  2.750000e+01 -1.750000e+01 -4.000000e+00
     vertex  1.222543e+01 -8.691316e+00 -4.000000e+00
     vertex  1.265663e+01 -8.050443e+00 -4.000000e+00
   endloop
 endfacet
 facet normal  0.000000e+00  0.000000e+00 -1.000000e+00
   outer loop
     vertex  2.750000e+01 -1.750000e+01 -4.000000e+00
     vertex  1.265663e+01 -8.050443e+00 -4.000000e+00
     vertex  1.305428e+01 -7.388221e+00 -4.000000e+00
   endloop
 endfacet
 facet normal  0.000000e+00  0.000000e+00 -1.000000e+00
   outer loop
     vertex  2.750000e+01 -1.750000e+01 -4.000000e+00
     vertex  1.305428e+01 -7.388221e+00 -4.000000e+00
     vertex  1.341731e+01 -6.706407e+00 -4.000000e+00
   endloop
 endfacet
 facet normal  0.000000e+00  0.000000e+00 -1.000000e+00
   outer loop
     vertex  2.750000e+01 -1.750000e+01 -4.000000e+00
     vertex  1.341731e+01 -6.706407e+00 -4.000000e+00
     vertex  1.374475e+01 -6.006809e+00 -4.000000e+00
   endloop
 endfacet
 facet normal  0.000000e+00  0.000000e+00 -1.000000e+00
   outer loop
     vertex  2.750000e+01 -1.750000e+01 -4.000000e+00
     vertex  1.374475e+01 -6.006809e+00 -4.000000e+00
     vertex  1.403575e+01 -5.291281e+00 -4.000000e+00
   endloop
 endfacet
 facet normal  0.000000e+00  0.000000e+00 -1.000000e+00
   outer loop
     vertex  2.750000e+01 -1.750000e+01 -4.000000e+00
     vertex  1.403575e+01 -5.291281e+00 -4.000000e+00
     vertex  1.428953e+01 -4.561722e+00 -4.000000e+00
   endloop
 endfacet
 facet normal  0.000000e+00  0.000000e+00 -1.000000e+00
   outer loop
     vertex  2.750000e+01 -1.750000e+01 -4.000000e+00
     vertex -2.750000e+01 -1.750000e+01 -4.000000e+00
     vertex  3.862187e-01 -1.499503e+01 -4.000000e+00
   endloop
 endfacet
 facet normal  0.000000e+00  0.000000e+00 -1.000000e+00
   outer loop
     vertex  2.750000e+01 -1.750000e+01 -4.000000e+00
     vertex  3.862187e-01 -1.499503e+01 -4.000000e+00
     vertex  1.157632e+00 -1.495526e+01 -4.000000e+00
   endloop
 endfacet
 facet normal  0.000000e+00  0.000000e+00 -1.000000e+00
   outer loop
     vertex  2.750000e+01 -1.750000e+01 -4.000000e+00
     vertex  1.157632e+00 -1.495526e+01 -4.000000e+00
     vertex  1.925975e+00 -1.487584e+01 -4.000000e+00
   endloop
 endfacet
 facet normal  0.000000e+00  0.000000e+00 -1.000000e+00
   outer loop
     vertex  2.750000e+01 -1.750000e+01 -4.000000e+00
     vertex  1.925975e+00 -1.487584e+01 -4.000000e+00
     vertex  2.689211e+00 -1.475697e+01 -4.000000e+00
   endloop
 endfacet
 facet normal  0.000000e+00  0.000000e+00 -1.000000e+00
   outer loop
     vertex  2.750000e+01 -1.750000e+01 -4.000000e+00
     vertex  2.689211e+00 -1.475697e+01 -4.000000e+00
     vertex  3.445316e+00 -1.459897e+01 -4.000000e+00
   endloop
 endfacet
 facet normal -0.000000e+00  0.000000e+00 -1.000000e+00
   outer loop
     vertex -4.192285e+00  1.440225e+01 -4.000000e+00
     vertex -4.928136e+00  1.416734e+01 -4.000000e+00
     vertex -2.750000e+01  1.750000e+01 -4.000000e+00
   endloop
 endfacet
 facet normal  0.000000e+00 -0.000000e+00 -1.000000e+00
   outer loop
     vertex  1.450542e+01 -3.820067e+00 -4.000000e+00
     vertex  2.750000e+01 -1.750000e+01 -4.000000e+00
     vertex  1.428953e+01 -4.561722e+00 -4.000000e+00
   endloop
 endfacet
 facet normal  0.000000e+00 -0.000000e+00 -1.000000e+00
   outer loop
     vertex  1.468284e+01 -3.068281e+00 -4.000000e+00
     vertex  2.750000e+01 -1.750000e+01 -4.000000e+00
     vertex  1.450542e+01 -3.820067e+00 -4.000000e+00
   endloop
 endfacet
 facet normal  0.000000e+00 -0.000000e+00 -1.000000e+00
   outer loop
     vertex  1.482132e+01 -2.308359e+00 -4.000000e+00
     vertex  2.750000e+01 -1.750000e+01 -4.000000e+00
     vertex  1.468284e+01 -3.068281e+00 -4.000000e+00
   endloop
 endfacet
 facet normal  0.000000e+00 -0.000000e+00 -1.000000e+00
   outer loop
     vertex  1.492050e+01 -1.542315e+00 -4.000000e+00
     vertex  2.750000e+01 -1.750000e+01 -4.000000e+00
     vertex  1.482132e+01 -2.308359e+00 -4.000000e+00
   endloop
 endfacet
 facet normal  0.000000e+00 -0.000000e+00 -1.000000e+00
   outer loop
     vertex  1.498011e+01 -7.721813e-01 -4.000000e+00
     vertex  2.750000e+01 -1.750000e+01 -4.000000e+00
     vertex  1.492050e+01 -1.542315e+00 -4.000000e+00
   endloop
 endfacet
 facet normal  0.000000e+00 -0.000000e+00 -1.000000e+00
   outer loop
     vertex  1.500000e+01 -3.673940e-15 -4.000000e+00
     vertex  2.750000e+01 -1.750000e+01 -4.000000e+00
     vertex  1.498011e+01 -7.721813e-01 -4.000000e+00
   endloop
 endfacet
 facet normal  0.000000e+00  0.000000e+00 -1.000000e+00
   outer loop
     vertex  2.750000e+01  1.750000e+01 -4.000000e+00
     vertex  1.500000e+01 -3.673940e-15 -4.000000e+00
     vertex  1.498011e+01  7.721813e-01 -4.000000e+00
   endloop
 endfacet
 facet normal  0.000000e+00  0.000000e+00 -1.000000e+00
   outer loop
     vertex  2.750000e+01  1.750000e+01 -4.000000e+00
     vertex  1.498011e+01  7.721813e-01 -4.000000e+00
     vertex  1.492050e+01  1.542315e+00 -4.000000e+00
   endloop
 endfacet
 facet normal  0.000000e+00  0.000000e+00 -1.000000e+00
   outer loop
     vertex  2.750000e+01  1.750000e+01 -4.000000e+00
     vertex  1.492050e+01  1.542315e+00 -4.000000e+00
     vertex  1.482132e+01  2.308359e+00 -4.000000e+00
   endloop
 endfacet
 facet normal  0.000000e+00  0.000000e+00 -1.000000e+00
   outer loop
     vertex  2.750000e+01  1.750000e+01 -4.000000e+00
     vertex  1.482132e+01  2.308359e+00 -4.000000e+00
     vertex  1.468284e+01  3.068281e+00 -4.000000e+00
   endloop
 endfacet
 facet normal  0.000000e+00  0.000000e+00 -1.000000e+00
   outer loop
     vertex  2.750000e+01  1.750000e+01 -4.000000e+00
     vertex  1.468284e+01  3.068281e+00 -4.000000e+00
     vertex  1.450542e+01  3.820067e+00 -4.000000e+00
   endloop
 endfacet
 facet normal  0.000000e+00  0.000000e+00 -1.000000e+00
   outer loop
     vertex  2.750000e+01  1.750000e+01 -4.000000e+00
     vertex  1.450542e+01  3.820067e+00 -4.000000e+00
     vertex  1.428953e+01  4.561722e+00 -4.000000e+00
   endloop
 endfacet
 facet normal  0.000000e+00  0.000000e+00 -1.000000e+00
   outer loop
     vertex  2.750000e+01  1.750000e+01 -4.000000e+00
     vertex  1.428953e+01  4.561722e+00 -4.000000e+00
     vertex  1.403575e+01  5.291281e+00 -4.000000e+00
   endloop
 endfacet
 facet normal  0.000000e+00  0.000000e+00 -1.000000e+00
   outer loop
     vertex  2.750000e+01  1.750000e+01 -4.000000e+00
     vertex  1.403575e+01  5.291281e+00 -4.000000e+00
     vertex  1.374475e+01  6.006809e+00 -4.000000e+00
   endloop
 endfacet
 facet normal  0.000000e+00  0.000000e+00 -1.000000e+00
   outer loop
     vertex  2.750000e+01  1.750000e+01 -4.000000e+00
     vertex  1.374475e+01  6.006809e+00 -4.000000e+00
     vertex  1.341731e+01  6.706407e+00 -4.000000e+00
   endloop
 endfacet
 facet normal  0.000000e+00  0.000000e+00 -1.000000e+00
   outer loop
     vertex  2.750000e+01  1.750000e+01 -4.000000e+00
     vertex  1.341731e+01  6.706407e+00 -4.000000e+00
     vertex  1.305428e+01  7.388221e+00 -4.000000e+00
   endloop
 endfacet
 facet normal  0.000000e+00  0.000000e+00 -1.000000e+00
   outer loop
     vertex  2.750000e+01  1.750000e+01 -4.000000e+00
     vertex  1.305428e+01  7.388221e+00 -4.000000e+00
     vertex  1.265663e+01  8.050443e+00 -4.000000e+00
   endloop
 endfacet
 facet normal  0.000000e+00  0.000000e+00 -1.000000e+00
   outer loop
     vertex  2.750000e+01  1.750000e+01 -4.000000e+00
     vertex  1.265663e+01  8.050443e+00 -4.000000e+00
     vertex  1.222543e+01  8.691316e+00 -4.000000e+00
   endloop
 endfacet
 facet normal  0.000000e+00  0.000000e+00 -1.000000e+00
   outer loop
     vertex  2.750000e+01  1.750000e+01 -4.000000e+00
     vertex  1.222543e+01  8.691316e+00 -4.000000e+00
     vertex  1.176180e+01  9.309142e+00 -4.000000e+00
   endloop
 endfacet
 facet normal  0.000000e+00 -0.000000e+00 -1.000000e+00
   outer loop
     vertex  2.750000e+01  1.750000e+01 -4.000000e+00
     vertex  2.750000e+01 -1.750000e+01 -4.000000e+00
     vertex  1.500000e+01 -3.673940e-15 -4.000000e+00
   endloop
 endfacet
 facet normal  0.000000e+00  0.000000e+00 -1.000000e+00
   outer loop
     vertex  2.750000e+01  1.750000e+01 -4.000000e+00
     vertex  1.176180e+01  9.309142e+00 -4.000000e+00
     vertex  1.126698e+01  9.902282e+00 -4.000000e+00
   endloop
 endfacet
 facet normal  0.000000e+00  0.000000e+00 -1.000000e+00
   outer loop
     vertex  2.750000e+01  1.750000e+01 -4.000000e+00
     vertex  1.126698e+01  9.902282e+00 -4.000000e+00
     vertex  1.074228e+01  1.046916e+01 -4.000000e+00
   endloop
 endfacet
 facet normal  0.000000e+00  0.000000e+00 -1.000000e+00
   outer loop
     vertex  2.750000e+01  1.750000e+01 -4.000000e+00
     vertex  1.074228e+01  1.046916e+01 -4.000000e+00
     vertex  1.018910e+01  1.100828e+01 -4.000000e+00
   endloop
 endfacet
 facet normal  0.000000e+00  0.000000e+00 -1.000000e+00
   outer loop
     vertex  2.750000e+01  1.750000e+01 -4.000000e+00
     vertex  1.018910e+01  1.100828e+01 -4.000000e+00
     vertex  9.608898e+00  1.151821e+01 -4.000000e+00
   endloop
 endfacet
 facet normal  0.000000e+00  0.000000e+00 -1.000000e+00
   outer loop
     vertex  2.750000e+01  1.750000e+01 -4.000000e+00
     vertex  9.608898e+00  1.151821e+01 -4.000000e+00
     vertex  9.003214e+00  1.199759e+01 -4.000000e+00
   endloop
 endfacet
 facet normal  0.000000e+00  0.000000e+00 -1.000000e+00
   outer loop
     vertex  2.750000e+01  1.750000e+01 -4.000000e+00
     vertex  9.003214e+00  1.199759e+01 -4.000000e+00
     vertex  8.373656e+00  1.244516e+01 -4.000000e+00
   endloop
 endfacet
 facet normal  0.000000e+00  0.000000e+00 -1.000000e+00
   outer loop
     vertex  2.750000e+01  1.750000e+01 -4.000000e+00
     vertex  8.373656e+00  1.244516e+01 -4.000000e+00
     vertex  7.721892e+00  1.285972e+01 -4.000000e+00
   endloop
 endfacet
 facet normal  0.000000e+00  0.000000e+00 -1.000000e+00
   outer loop
     vertex  2.750000e+01  1.750000e+01 -4.000000e+00
     vertex  7.721892e+00  1.285972e+01 -4.000000e+00
     vertex  7.049651e+00  1.324018e+01 -4.000000e+00
   endloop
 endfacet
 facet normal  0.000000e+00  0.000000e+00 -1.000000e+00
   outer loop
     vertex  2.750000e+01  1.750000e+01 -4.000000e+00
     vertex  7.049651e+00  1.324018e+01 -4.000000e+00
     vertex  6.358716e+00  1.358553e+01 -4.000000e+00
   endloop
 endfacet
 facet normal  0.000000e+00  0.000000e+00 -1.000000e+00
   outer loop
     vertex  2.750000e+01  1.750000e+01 -4.000000e+00
     vertex  6.358716e+00  1.358553e+01 -4.000000e+00
     vertex  5.650918e+00  1.389486e+01 -4.000000e+00
   endloop
 endfacet
 facet normal  0.000000e+00  0.000000e+00 -1.000000e+00
   outer loop
     vertex  2.750000e+01  1.750000e+01 -4.000000e+00
     vertex  5.650918e+00  1.389486e+01 -4.000000e+00
     vertex  4.928136e+00  1.416734e+01 -4.000000e+00
   endloop
 endfacet
 facet normal  0.000000e+00  0.000000e+00 -1.000000e+00
   outer loop
     vertex  2.750000e+01  1.750000e+01 -4.000000e+00
     vertex  4.928136e+00  1.416734e+01 -4.000000e+00
     vertex  4.192285e+00  1.440225e+01 -4.000000e+00
   endloop
 endfacet
 facet normal -0.000000e+00  0.000000e+00 -1.000000e+00
   outer loop
     vertex  2.750000e+01  1.750000e+01 -4.000000e+00
     vertex  3.862187e-01  1.499503e+01 -4.000000e+00
     vertex -2.750000e+01  1.750000e+01 -4.000000e+00
   endloop
 endfacet
 facet normal -0.000000e+00  0.000000e+00 -1.000000e+00
   outer loop
     vertex  3.862187e-01  1.499503e+01 -4.000000e+00
     vertex -3.862187e-01  1.499503e+01 -4.000000e+00
     vertex -2.750000e+01  1.750000e+01 -4.000000e+00
   endloop
 endfacet
 facet normal -0.000000e+00  0.000000e+00 -1.000000e+00
   outer loop
     vertex -3.862187e-01  1.499503e+01 -4.000000e+00
     vertex -1.157632e+00  1.495526e+01 -4.000000e+00
     vertex -2.750000e+01  1.750000e+01 -4.000000e+00
   endloop
 endfacet
 facet normal -0.000000e+00  0.000000e+00 -1.000000e+00
   outer loop
     vertex -1.157632e+00  1.495526e+01 -4.000000e+00
     vertex -1.925975e+00  1.487584e+01 -4.000000e+00
     vertex -2.750000e+01  1.750000e+01 -4.000000e+00
   endloop
 endfacet
 facet normal -0.000000e+00  0.000000e+00 -1.000000e+00
   outer loop
     vertex -1.925975e+00  1.487584e+01 -4.000000e+00
     vertex -2.689211e+00  1.475697e+01 -4.000000e+00
     vertex -2.750000e+01  1.750000e+01 -4.000000e+00
   endloop
 endfacet
 facet normal -0.000000e+00  0.000000e+00 -1.000000e+00
   outer loop
     vertex -2.689211e+00  1.475697e+01 -4.000000e+00
     vertex -3.445316e+00  1.459897e+01 -4.000000e+00
     vertex -2.750000e+01  1.750000e+01 -4.000000e+00
   endloop
 endfacet
 facet normal -0.000000e+00  0.000000e+00 -1.000000e+00
   outer loop
     vertex -3.445316e+00  1.459897e+01 -4.000000e+00
     vertex -4.192285e+00  1.440225e+01 -4.000000e+00
     vertex -2.750000e+01  1.750000e+01 -4.000000e+00
   endloop
 endfacet
 facet normal  0.000000e+00  0.000000e+00 -1.000000e+00
   outer loop
     vertex  2.750000e+01  1.750000e+01 -4.000000e+00
     vertex  1.157632e+00  1.495526e+01 -4.000000e+00
     vertex  3.862187e-01  1.499503e+01 -4.000000e+00
   endloop
 endfacet
 facet normal  0.000000e+00  0.000000e+00 -1.000000e+00
   outer loop
     vertex  2.750000e+01  1.750000e+01 -4.000000e+00
     vertex  1.925975e+00  1.487584e+01 -4.000000e+00
     vertex  1.157632e+00  1.495526e+01 -4.000000e+00
   endloop
 endfacet
 facet normal  0.000000e+00  0.000000e+00 -1.000000e+00
   outer loop
     vertex  2.750000e+01  1.750000e+01 -4.000000e+00
     vertex  2.689211e+00  1.475697e+01 -4.000000e+00
     vertex  1.925975e+00  1.487584e+01 -4.000000e+00
   endloop
 endfacet
 facet normal  0.000000e+00  0.000000e+00 -1.000000e+00
   outer loop
     vertex  2.750000e+01  1.750000e+01 -4.000000e+00
     vertex  3.445316e+00  1.459897e+01 -4.000000e+00
     vertex  2.689211e+00  1.475697e+01 -4.000000e+00
   endloop
 endfacet
 facet normal  0.000000e+00  0.000000e+00 -1.000000e+00
   outer loop
     vertex  2.750000e+01  1.750000e+01 -4.000000e+00
     vertex  4.192285e+00  1.440225e+01 -4.000000e+00
     vertex  3.445316e+00  1.459897e+01 -4.000000e+00
   endloop
 endfacet
 facet normal  1.000000e+00  0.000000e+00  0.000000e+00
   outer loop
     vertex  2.750000e+01 -1.750000e+01 -4.000000e+00
     vertex  2.750000e+01  1.750000e+01 -4.000000e+00
     vertex  2.750000e+01  1.750000e+01  4.000000e+00
   endloop
 endfacet
 facet normal  1.000000e+00 -0.000000e+00  0.000000e+00
   outer loop
     vertex  2.750000e+01 -1.750000e+01  4.000000e+00
     vertex  2.750000e+01 -1.750000e+01 -4.000000e+00
     vertex  2.750000e+01  1.750000e+01  4.000000e+00
   endloop
 endfacet
 facet normal -9.996685e-01 -2.574791e-02  0.000000e+00
   outer loop
     vertex  1.498011e+01  7.721813e-01  4.000000e+00
     vertex  1.500000e+01 -3.673940e-15 -4.000000e+00
     vertex  1.500000e+01 -3.673940e-15  4.000000e+00
   endloop
 endfacet
 facet normal -9.996685e-01 -2.574791e-02 -0.000000e+00
   outer loop
     vertex  1.498011e+01  7.721813e-01  4.000000e+00
     vertex  1.498011e+01  7.721813e-01 -4.000000e+00
     vertex  1.500000e+01 -3.673940e-15 -4.000000e+00
   endloop
 endfacet
 facet normal -9.970175e-01 -7.717546e-02 -0.000000e+00
   outer loop
     vertex  1.492050e+01  1.542315e+00  4.000000e+00
     vertex  1.492050e+01  1.542315e+00 -4.000000e+00
     vertex  1.498011e+01  7.721813e-01 -4.000000e+00
   endloop
 endfacet
 facet normal -9.970175e-01 -7.717546e-02  0.000000e+00
   outer loop
     vertex  1.492050e+01  1.542315e+00  4.000000e+00
     vertex  1.498011e+01  7.721813e-01 -4.000000e+00
     vertex  1.498011e+01  7.721813e-01  4.000000e+00
   endloop
 endfacet
 facet normal -9.917227e-01 -1.283984e-01 -0.000000e+00
   outer loop
     vertex  1.482132e+01  2.308359e+00  4.000000e+00
     vertex  1.482132e+01  2.308359e+00 -4.000000e+00
     vertex  1.492050e+01  1.542315e+00 -4.000000e+00
   endloop
 endfacet
 facet normal -9.917227e-01 -1.283984e-01  0.000000e+00
   outer loop
     vertex  1.482132e+01  2.308359e+00  4.000000e+00
     vertex  1.492050e+01  1.542315e+00 -4.000000e+00
     vertex  1.492050e+01  1.542315e+00  4.000000e+00
   endloop
 endfacet
 facet normal -9.837980e-01 -1.792808e-01 -0.000000e+00
   outer loop
     vertex  1.468284e+01  3.068281e+00  4.000000e+00
     vertex  1.468284e+01  3.068281e+00 -4.000000e+00
     vertex  1.482132e+01  2.308359e+00 -4.000000e+00
   endloop
 endfacet
 facet normal -9.732644e-01 -2.296877e-01 -0.000000e+00
   outer loop
     vertex  1.468284e+01  3.068281e+00  4.000000e+00
     vertex  1.450542e+01  3.820067e+00 -4.000000e+00
     vertex  1.468284e+01  3.068281e+00 -4.000000e+00
   endloop
 endfacet
 facet normal -9.837980e-01 -1.792808e-01  0.000000e+00
   outer loop
     vertex  1.468284e+01  3.068281e+00  4.000000e+00
     vertex  1.482132e+01  2.308359e+00 -4.000000e+00
     vertex  1.482132e+01  2.308359e+00  4.000000e+00
   endloop
 endfacet
 facet normal -9.732644e-01 -2.296877e-01 -0.000000e+00
   outer loop
     vertex  1.450542e+01  3.820067e+00  4.000000e+00
     vertex  1.450542e+01  3.820067e+00 -4.000000e+00
     vertex  1.468284e+01  3.068281e+00  4.000000e+00
   endloop
 endfacet
 facet normal -9.601499e-01 -2.794856e-01 -0.000000e+00
   outer loop
     vertex  1.428953e+01  4.561722e+00  4.000000e+00
     vertex  1.428953e+01  4.561722e+00 -4.000000e+00
     vertex  1.450542e+01  3.820067e+00 -4.000000e+00
   endloop
 endfacet
 facet normal -9.601499e-01 -2.794856e-01  0.000000e+00
   outer loop
     vertex  1.428953e+01  4.561722e+00  4.000000e+00
     vertex  1.450542e+01  3.820067e+00 -4.000000e+00
     vertex  1.450542e+01  3.820067e+00  4.000000e+00
   endloop
 endfacet
 facet normal -9.444892e-01 -3.285424e-01 -0.000000e+00
   outer loop
     vertex  1.403575e+01  5.291281e+00  4.000000e+00
     vertex  1.403575e+01  5.291281e+00 -4.000000e+00
     vertex  1.428953e+01  4.561722e+00 -4.000000e+00
   endloop
 endfacet
 facet normal -9.444892e-01 -3.285424e-01  0.000000e+00
   outer loop
     vertex  1.403575e+01  5.291281e+00  4.000000e+00
     vertex  1.428953e+01  4.561722e+00 -4.000000e+00
     vertex  1.428953e+01  4.561722e+00  4.000000e+00
   endloop
 endfacet
 facet normal -9.263240e-01 -3.767279e-01 -0.000000e+00
   outer loop
     vertex  1.374475e+01  6.006809e+00  4.000000e+00
     vertex  1.374475e+01  6.006809e+00 -4.000000e+00
     vertex  1.403575e+01  5.291281e+00 -4.000000e+00
   endloop
 endfacet
 facet normal -9.263240e-01 -3.767279e-01  0.000000e+00
   outer loop
     vertex  1.374475e+01  6.006809e+00  4.000000e+00
     vertex  1.403575e+01  5.291281e+00 -4.000000e+00
     vertex  1.403575e+01  5.291281e+00  4.000000e+00
   endloop
 endfacet
 facet normal -9.057023e-01 -4.239144e-01 -0.000000e+00
   outer loop
     vertex  1.341731e+01  6.706407e+00  4.000000e+00
     vertex  1.341731e+01  6.706407e+00 -4.000000e+00
     vertex  1.374475e+01  6.006809e+00 -4.000000e+00
   endloop
 endfacet
 facet normal -9.057023e-01 -4.239144e-01  0.000000e+00
   outer loop
     vertex  1.341731e+01  6.706407e+00  4.000000e+00
     vertex  1.374475e+01  6.006809e+00 -4.000000e+00
     vertex  1.374475e+01  6.006809e+00  4.000000e+00
   endloop
 endfacet
 facet normal -8.826788e-01 -4.699767e-01 -0.000000e+00
   outer loop
     vertex  1.305428e+01  7.388221e+00  4.000000e+00
     vertex  1.305428e+01  7.388221e+00 -4.000000e+00
     vertex  1.341731e+01  6.706407e+00 -4.000000e+00
   endloop
 endfacet
 facet normal -8.826788e-01 -4.699767e-01  0.000000e+00
   outer loop
     vertex  1.305428e+01  7.388221e+00  4.000000e+00
     vertex  1.341731e+01  6.706407e+00 -4.000000e+00
     vertex  1.341731e+01  6.706407e+00  4.000000e+00
   endloop
 endfacet
 facet normal -8.573146e-01 -5.147928e-01 -0.000000e+00
   outer loop
     vertex  1.265663e+01  8.050443e+00  4.000000e+00
     vertex  1.265663e+01  8.050443e+00 -4.000000e+00
     vertex  1.305428e+01  7.388221e+00 -4.000000e+00
   endloop
 endfacet
 facet normal -8.573146e-01 -5.147928e-01  0.000000e+00
   outer loop
     vertex  1.265663e+01  8.050443e+00  4.000000e+00
     vertex  1.305428e+01  7.388221e+00 -4.000000e+00
     vertex  1.305428e+01  7.388221e+00  4.000000e+00
   endloop
 endfacet
 facet normal -8.296770e-01 -5.582437e-01 -0.000000e+00
   outer loop
     vertex  1.222543e+01  8.691316e+00  4.000000e+00
     vertex  1.222543e+01  8.691316e+00 -4.000000e+00
     vertex  1.265663e+01  8.050443e+00 -4.000000e+00
   endloop
 endfacet
 facet normal -8.296770e-01 -5.582437e-01  0.000000e+00
   outer loop
     vertex  1.222543e+01  8.691316e+00  4.000000e+00
     vertex  1.265663e+01  8.050443e+00 -4.000000e+00
     vertex  1.265663e+01  8.050443e+00  4.000000e+00
   endloop
 endfacet
 facet normal -7.998392e-01 -6.002143e-01 -0.000000e+00
   outer loop
     vertex  1.176180e+01  9.309142e+00  4.000000e+00
     vertex  1.176180e+01  9.309142e+00 -4.000000e+00
     vertex  1.222543e+01  8.691316e+00 -4.000000e+00
   endloop
 endfacet
 facet normal -7.998392e-01 -6.002143e-01  0.000000e+00
   outer loop
     vertex  1.176180e+01  9.309142e+00  4.000000e+00
     vertex  1.222543e+01  8.691316e+00 -4.000000e+00
     vertex  1.222543e+01  8.691316e+00  4.000000e+00
   endloop
 endfacet
 facet normal -7.678804e-01 -6.405932e-01  0.000000e+00
   outer loop
     vertex  1.126698e+01  9.902282e+00  4.000000e+00
     vertex  1.176180e+01  9.309142e+00 -4.000000e+00
     vertex  1.176180e+01  9.309142e+00  4.000000e+00
   endloop
 endfacet
 facet normal -7.678804e-01 -6.405932e-01 -0.000000e+00
   outer loop
     vertex  1.126698e+01  9.902282e+00  4.000000e+00
     vertex  1.126698e+01  9.902282e+00 -4.000000e+00
     vertex  1.176180e+01  9.309142e+00 -4.000000e+00
   endloop
 endfacet
 facet normal -7.338854e-01 -6.792733e-01  0.000000e+00
   outer loop
     vertex  1.074228e+01  1.046916e+01  4.000000e+00
     vertex  1.126698e+01  9.902282e+00 -4.000000e+00
     vertex  1.126698e+01  9.902282e+00  4.000000e+00
   endloop
 endfacet
 facet normal -7.338854e-01 -6.792733e-01 -0.000000e+00
   outer loop
     vertex  1.074228e+01  1.046916e+01  4.000000e+00
     vertex  1.074228e+01  1.046916e+01 -4.000000e+00
     vertex  1.126698e+01  9.902282e+00 -4.000000e+00
   endloop
 endfacet
 facet normal -6.979442e-01 -7.161522e-01  0.000000e+00
   outer loop
     vertex  1.018910e+01  1.100828e+01  4.000000e+00
     vertex  1.074228e+01  1.046916e+01 -4.000000e+00
     vertex  1.074228e+01  1.046916e+01  4.000000e+00
   endloop
 endfacet
 facet normal -6.979442e-01 -7.161522e-01 -0.000000e+00
   outer loop
     vertex  1.018910e+01  1.100828e+01  4.000000e+00
     vertex  1.018910e+01  1.100828e+01 -4.000000e+00
     vertex  1.074228e+01  1.046916e+01 -4.000000e+00
   endloop
 endfacet
 facet normal -6.601521e-01 -7.511319e-01  0.000000e+00
   outer loop
     vertex  9.608898e+00  1.151821e+01  4.000000e+00
     vertex  1.018910e+01  1.100828e+01 -4.000000e+00
     vertex  1.018910e+01  1.100828e+01  4.000000e+00
   endloop
 endfacet
 facet normal -6.601521e-01 -7.511319e-01 -0.000000e+00
   outer loop
     vertex  9.608898e+00  1.151821e+01  4.000000e+00
     vertex  9.608898e+00  1.151821e+01 -4.000000e+00
     vertex  1.018910e+01  1.100828e+01 -4.000000e+00
   endloop
 endfacet
 facet normal -6.206095e-01 -7.841198e-01  0.000000e+00
   outer loop
     vertex  9.003214e+00  1.199759e+01  4.000000e+00
     vertex  9.608898e+00  1.151821e+01 -4.000000e+00
     vertex  9.608898e+00  1.151821e+01  4.000000e+00
   endloop
 endfacet
 facet normal -6.206095e-01 -7.841198e-01 -0.000000e+00
   outer loop
     vertex  9.003214e+00  1.199759e+01  4.000000e+00
     vertex  9.003214e+00  1.199759e+01 -4.000000e+00
     vertex  9.608898e+00  1.151821e+01 -4.000000e+00
   endloop
 endfacet
 facet normal -5.794211e-01 -8.150283e-01  0.000000e+00
   outer loop
     vertex  8.373656e+00  1.244516e+01  4.000000e+00
     vertex  9.003214e+00  1.199759e+01 -4.000000e+00
     vertex  9.003214e+00  1.199759e+01  4.000000e+00
   endloop
 endfacet
 facet normal -5.794211e-01 -8.150283e-01 -0.000000e+00
   outer loop
     vertex  8.373656e+00  1.244516e+01  4.000000e+00
     vertex  8.373656e+00  1.244516e+01 -4.000000e+00
     vertex  9.003214e+00  1.199759e+01 -4.000000e+00
   endloop
 endfacet
 facet normal -5.366962e-01 -8.437756e-01  0.000000e+00
   outer loop
     vertex  7.721892e+00  1.285972e+01  4.000000e+00
     vertex  8.373656e+00  1.244516e+01 -4.000000e+00
     vertex  8.373656e+00  1.244516e+01  4.000000e+00
   endloop
 endfacet
 facet normal -5.366962e-01 -8.437756e-01 -0.000000e+00
   outer loop
     vertex  7.721892e+00  1.285972e+01  4.000000e+00
     vertex  7.721892e+00  1.285972e+01 -4.000000e+00
     vertex  8.373656e+00  1.244516e+01 -4.000000e+00
   endloop
 endfacet
 facet normal -4.925481e-01 -8.702852e-01  0.000000e+00
   outer loop
     vertex  7.049651e+00  1.324018e+01  4.000000e+00
     vertex  7.721892e+00  1.285972e+01 -4.000000e+00
     vertex  7.721892e+00  1.285972e+01  4.000000e+00
   endloop
 endfacet
 facet normal -4.925481e-01 -8.702852e-01 -0.000000e+00
   outer loop
     vertex  7.049651e+00  1.324018e+01  4.000000e+00
     vertex  7.049651e+00  1.324018e+01 -4.000000e+00
     vertex  7.721892e+00  1.285972e+01 -4.000000e+00
   endloop
 endfacet
 facet normal -4.470938e-01 -8.944871e-01  0.000000e+00
   outer loop
     vertex  6.358716e+00  1.358553e+01  4.000000e+00
     vertex  7.049651e+00  1.324018e+01 -4.000000e+00
     vertex  7.049651e+00  1.324018e+01  4.000000e+00
   endloop
 endfacet
 facet normal -4.470938e-01 -8.944871e-01 -0.000000e+00
   outer loop
     vertex  6.358716e+00  1.358553e+01  4.000000e+00
     vertex  6.358716e+00  1.358553e+01 -4.000000e+00
     vertex  7.049651e+00  1.324018e+01 -4.000000e+00
   endloop
 endfacet
 facet normal -4.004539e-01 -9.163169e-01  0.000000e+00
   outer loop
     vertex  5.650918e+00  1.389486e+01  4.000000e+00
     vertex  6.358716e+00  1.358553e+01 -4.000000e+00
     vertex  6.358716e+00  1.358553e+01  4.000000e+00
   endloop
 endfacet
 facet normal -4.004539e-01 -9.163169e-01 -0.000000e+00
   outer loop
     vertex  5.650918e+00  1.389486e+01  4.000000e+00
     vertex  5.650918e+00  1.389486e+01 -4.000000e+00
     vertex  6.358716e+00  1.358553e+01 -4.000000e+00
   endloop
 endfacet
 facet normal -3.527521e-01 -9.357168e-01  0.000000e+00
   outer loop
     vertex  4.928136e+00  1.416734e+01  4.000000e+00
     vertex  5.650918e+00  1.389486e+01 -4.000000e+00
     vertex  5.650918e+00  1.389486e+01  4.000000e+00
   endloop
 endfacet
 facet normal -3.527521e-01 -9.357168e-01 -0.000000e+00
   outer loop
     vertex  4.928136e+00  1.416734e+01  4.000000e+00
     vertex  4.928136e+00  1.416734e+01 -4.000000e+00
     vertex  5.650918e+00  1.389486e+01 -4.000000e+00
   endloop
 endfacet
 facet normal -3.041148e-01 -9.526354e-01 -0.000000e+00
   outer loop
     vertex  4.928136e+00  1.416734e+01  4.000000e+00
     vertex  4.192285e+00  1.440225e+01 -4.000000e+00
     vertex  4.928136e+00  1.416734e+01 -4.000000e+00
   endloop
 endfacet
 facet normal -3.041148e-01 -9.526354e-01 -0.000000e+00
   outer loop
     vertex  4.192285e+00  1.440225e+01  4.000000e+00
     vertex  4.192285e+00  1.440225e+01 -4.000000e+00
     vertex  4.928136e+00  1.416734e+01  4.000000e+00
   endloop
 endfacet
 facet normal -2.546711e-01 -9.670277e-01  0.000000e+00
   outer loop
     vertex  3.445316e+00  1.459897e+01  4.000000e+00
     vertex  4.192285e+00  1.440225e+01 -4.000000e+00
     vertex  4.192285e+00  1.440225e+01  4.000000e+00
   endloop
 endfacet
 facet normal -2.546711e-01 -9.670277e-01 -0.000000e+00
   outer loop
     vertex  3.445316e+00  1.459897e+01  4.000000e+00
     vertex  3.445316e+00  1.459897e+01 -4.000000e+00
     vertex  4.192285e+00  1.440225e+01 -4.000000e+00
   endloop
 endfacet
 facet normal -2.045521e-01 -9.788557e-01 -0.000000e+00
   outer loop
     vertex  2.689211e+00  1.475697e+01  4.000000e+00
     vertex  2.689211e+00  1.475697e+01 -4.000000e+00
     vertex  3.445316e+00  1.459897e+01 -4.000000e+00
   endloop
 endfacet
 facet normal -2.045521e-01 -9.788557e-01  0.000000e+00
   outer loop
     vertex  2.689211e+00  1.475697e+01  4.000000e+00
     vertex  3.445316e+00  1.459897e+01 -4.000000e+00
     vertex  3.445316e+00  1.459897e+01  4.000000e+00
   endloop
 endfacet
 facet normal -1.538906e-01 -9.880879e-01 -0.000000e+00
   outer loop
     vertex  1.925975e+00  1.487584e+01  4.000000e+00
     vertex  1.925975e+00  1.487584e+01 -4.000000e+00
     vertex  2.689211e+00  1.475697e+01 -4.000000e+00
   endloop
 endfacet
 facet normal -1.538906e-01 -9.880879e-01  0.000000e+00
   outer loop
     vertex  1.925975e+00  1.487584e+01  4.000000e+00
     vertex  2.689211e+00  1.475697e+01 -4.000000e+00
     vertex  2.689211e+00  1.475697e+01  4.000000e+00
   endloop
 endfacet
 facet normal -1.028210e-01 -9.946999e-01 -0.000000e+00
   outer loop
     vertex  1.157632e+00  1.495526e+01  4.000000e+00
     vertex  1.157632e+00  1.495526e+01 -4.000000e+00
     vertex  1.925975e+00  1.487584e+01 -4.000000e+00
   endloop
 endfacet
 facet normal -5.147875e-02 -9.986741e-01 -0.000000e+00
   outer loop
     vertex  1.157632e+00  1.495526e+01  4.000000e+00
     vertex  3.862187e-01  1.499503e+01 -4.000000e+00
     vertex  1.157632e+00  1.495526e+01 -4.000000e+00
   endloop
 endfacet
 facet normal -1.028210e-01 -9.946999e-01  0.000000e+00
   outer loop
     vertex  1.157632e+00  1.495526e+01  4.000000e+00
     vertex  1.925975e+00  1.487584e+01 -4.000000e+00
     vertex  1.925975e+00  1.487584e+01  4.000000e+00
   endloop
 endfacet
 facet normal -5.147875e-02 -9.986741e-01 -0.000000e+00
   outer loop
     vertex  3.862187e-01  1.499503e+01  4.000000e+00
     vertex  3.862187e-01  1.499503e+01 -4.000000e+00
     vertex  1.157632e+00  1.495526e+01  4.000000e+00
   endloop
 endfacet
 facet normal  2.299677e-15 -1.000000e+00  0.000000e+00
   outer loop
     vertex -3.862187e-01  1.499503e+01  4.000000e+00
     vertex -3.862187e-01  1.499503e+01 -4.000000e+00
     vertex  3.862187e-01  1.499503e+01 -4.000000e+00
   endloop
 endfacet
 facet normal  5.147875e-02 -9.986741e-01  0.000000e+00
   outer loop
     vertex -3.862187e-01  1.499503e+01  4.000000e+00
     vertex -1.157632e+00  1.495526e+01 -4.000000e+00
     vertex -3.862187e-01  1.499503e+01 -4.000000e+00
   endloop
 endfacet
 facet normal  2.299677e-15 -1.000000e+00  0.000000e+00
   outer loop
     vertex -3.862187e-01  1.499503e+01  4.000000e+00
     vertex  3.862187e-01  1.499503e+01 -4.000000e+00
     vertex  3.862187e-01  1.499503e+01  4.000000e+00
   endloop
 endfacet
 facet normal  5.147875e-02 -9.986741e-01  0.000000e+00
   outer loop
     vertex -1.157632e+00  1.495526e+01  4.000000e+00
     vertex -1.157632e+00  1.495526e+01 -4.000000e+00
     vertex -3.862187e-01  1.499503e+01  4.000000e+00
   endloop
 endfacet
 facet normal  1.028210e-01 -9.946999e-01  0.000000e+00
   outer loop
     vertex -1.925975e+00  1.487584e+01  4.000000e+00
     vertex -1.925975e+00  1.487584e+01 -4.000000e+00
     vertex -1.157632e+00  1.495526e+01 -4.000000e+00
   endloop
 endfacet
 facet normal  1.028210e-01 -9.946999e-01  0.000000e+00
   outer loop
     vertex -1.925975e+00  1.487584e+01  4.000000e+00
     vertex -1.157632e+00  1.495526e+01 -4.000000e+00
     vertex -1.157632e+00  1.495526e+01  4.000000e+00
   endloop
 endfacet
 facet normal  1.538906e-01 -9.880879e-01  0.000000e+00
   outer loop
     vertex -2.689211e+00  1.475697e+01  4.000000e+00
     vertex -2.689211e+00  1.475697e+01 -4.000000e+00
     vertex -1.925975e+00  1.487584e+01 -4.000000e+00
   endloop
 endfacet
 facet normal  1.538906e-01 -9.880879e-01  0.000000e+00
   outer loop
     vertex -2.689211e+00  1.475697e+01  4.000000e+00
     vertex -1.925975e+00  1.487584e+01 -4.000000e+00
     vertex -1.925975e+00  1.487584e+01  4.000000e+00
   endloop
 endfacet
 facet normal  2.045521e-01 -9.788557e-01  0.000000e+00
   outer loop
     vertex -3.445316e+00  1.459897e+01  4.000000e+00
     vertex -3.445316e+00  1.459897e+01 -4.000000e+00
     vertex -2.689211e+00  1.475697e+01 -4.000000e+00
   endloop
 endfacet
 facet normal  2.045521e-01 -9.788557e-01  0.000000e+00
   outer loop
     vertex -3.445316e+00  1.459897e+01  4.000000e+00
     vertex -2.689211e+00  1.475697e+01 -4.000000e+00
     vertex -2.689211e+00  1.475697e+01  4.000000e+00
   endloop
 endfacet
 facet normal  2.546711e-01 -9.670277e-01  0.000000e+00
   outer loop
     vertex -4.192285e+00  1.440225e+01  4.000000e+00
     vertex -4.192285e+00  1.440225e+01 -4.000000e+00
     vertex -3.445316e+00  1.459897e+01 -4.000000e+00
   endloop
 endfacet
 facet normal  2.546711e-01 -9.670277e-01  0.000000e+00
   outer loop
     vertex -4.192285e+00  1.440225e+01  4.000000e+00
     vertex -3.445316e+00  1.459897e+01 -4.000000e+00
     vertex -3.445316e+00  1.459897e+01  4.000000e+00
   endloop
 endfacet
 facet normal  3.041148e-01 -9.526354e-01  0.000000e+00
   outer loop
     vertex -4.928136e+00  1.416734e+01  4.000000e+00
     vertex -4.928136e+00  1.416734e+01 -4.000000e+00
     vertex -4.192285e+00  1.440225e+01 -4.000000e+00
   endloop
 endfacet
 facet normal  3.527521e-01 -9.357168e-01  0.000000e+00
   outer loop
     vertex -4.928136e+00  1.416734e+01  4.000000e+00
     vertex -5.650918e+00  1.389486e+01 -4.000000e+00
     vertex -4.928136e+00  1.416734e+01 -4.000000e+00
   endloop
 endfacet
 facet normal  3.041148e-01 -9.526354e-01  0.000000e+00
   outer loop
     vertex -4.928136e+00  1.416734e+01  4.000000e+00
     vertex -4.192285e+00  1.440225e+01 -4.000000e+00
     vertex -4.192285e+00  1.440225e+01  4.000000e+00
   endloop
 endfacet
 facet normal  3.527521e-01 -9.357168e-01  0.000000e+00
   outer loop
     vertex -5.650918e+00  1.389486e+01  4.000000e+00
     vertex -5.650918e+00  1.389486e+01 -4.000000e+00
     vertex -4.928136e+00  1.416734e+01  4.000000e+00
   endloop
 endfacet
 facet normal  4.004539e-01 -9.163169e-01  0.000000e+00
   outer loop
     vertex -6.358716e+00  1.358553e+01  4.000000e+00
     vertex -5.650918e+00  1.389486e+01 -4.000000e+00
     vertex -5.650918e+00  1.389486e+01  4.000000e+00
   endloop
 endfacet
 facet normal  4.004539e-01 -9.163169e-01  0.000000e+00
   outer loop
     vertex -6.358716e+00  1.358553e+01  4.000000e+00
     vertex -6.358716e+00  1.358553e+01 -4.000000e+00
     vertex -5.650918e+00  1.389486e+01 -4.000000e+00
   endloop
 endfacet
 facet normal  4.470938e-01 -8.944871e-01  0.000000e+00
   outer loop
     vertex -7.049651e+00  1.324018e+01  4.000000e+00
     vertex -6.358716e+00  1.358553e+01 -4.000000e+00
     vertex -6.358716e+00  1.358553e+01  4.000000e+00
   endloop
 endfacet
 facet normal  4.470938e-01 -8.944871e-01  0.000000e+00
   outer loop
     vertex -7.049651e+00  1.324018e+01  4.000000e+00
     vertex -7.049651e+00  1.324018e+01 -4.000000e+00
     vertex -6.358716e+00  1.358553e+01 -4.000000e+00
   endloop
 endfacet
 facet normal  4.925481e-01 -8.702852e-01  0.000000e+00
   outer loop
     vertex -7.049651e+00  1.324018e+01  4.000000e+00
     vertex -7.721892e+00  1.285972e+01 -4.000000e+00
     vertex -7.049651e+00  1.324018e+01 -4.000000e+00
   endloop
 endfacet
 facet normal  4.925481e-01 -8.702852e-01  0.000000e+00
   outer loop
     vertex -7.721892e+00  1.285972e+01  4.000000e+00
     vertex -7.721892e+00  1.285972e+01 -4.000000e+00
     vertex -7.049651e+00  1.324018e+01  4.000000e+00
   endloop
 endfacet
 facet normal  5.366962e-01 -8.437756e-01  0.000000e+00
   outer loop
     vertex -8.373656e+00  1.244516e+01  4.000000e+00
     vertex -7.721892e+00  1.285972e+01 -4.000000e+00
     vertex -7.721892e+00  1.285972e+01  4.000000e+00
   endloop
 endfacet
 facet normal  5.366962e-01 -8.437756e-01  0.000000e+00
   outer loop
     vertex -8.373656e+00  1.244516e+01  4.000000e+00
     vertex -8.373656e+00  1.244516e+01 -4.000000e+00
     vertex -7.721892e+00  1.285972e+01 -4.000000e+00
   endloop
 endfacet
 facet normal  5.794211e-01 -8.150283e-01  0.000000e+00
   outer loop
     vertex -9.003214e+00  1.199759e+01  4.000000e+00
     vertex -8.373656e+00  1.244516e+01 -4.000000e+00
     vertex -8.373656e+00  1.244516e+01  4.000000e+00
   endloop
 endfacet
 facet normal  5.794211e-01 -8.150283e-01  0.000000e+00
   outer loop
     vertex -9.003214e+00  1.199759e+01  4.000000e+00
     vertex -9.003214e+00  1.199759e+01 -4.000000e+00
     vertex -8.373656e+00  1.244516e+01 -4.000000e+00
   endloop
 endfacet
 facet normal  6.206095e-01 -7.841198e-01  0.000000e+00
   outer loop
     vertex -9.003214e+00  1.199759e+01  4.000000e+00
     vertex -9.608898e+00  1.151821e+01 -4.000000e+00
     vertex -9.003214e+00  1.199759e+01 -4.000000e+00
   endloop
 endfacet
 facet normal  6.206095e-01 -7.841198e-01  0.000000e+00
   outer loop
     vertex -9.608898e+00  1.151821e+01  4.000000e+00
     vertex -9.608898e+00  1.151821e+01 -4.000000e+00
     vertex -9.003214e+00  1.199759e+01  4.000000e+00
   endloop
 endfacet
 facet normal  6.601521e-01 -7.511319e-01  0.000000e+00
   outer loop
     vertex -1.018910e+01  1.100828e+01  4.000000e+00
     vertex -9.608898e+00  1.151821e+01 -4.000000e+00
     vertex -9.608898e+00  1.151821e+01  4.000000e+00
   endloop
 endfacet
 facet normal  6.601521e-01 -7.511319e-01  0.000000e+00
   outer loop
     vertex -1.018910e+01  1.100828e+01  4.000000e+00
     vertex -1.018910e+01  1.100828e+01 -4.000000e+00
     vertex -9.608898e+00  1.151821e+01 -4.000000e+00
   endloop
 endfacet
 facet normal  6.979442e-01 -7.161522e-01  0.000000e+00
   outer loop
     vertex -1.074228e+01  1.046916e+01  4.000000e+00
     vertex -1.018910e+01  1.100828e+01 -4.000000e+00
     vertex -1.018910e+01  1.100828e+01  4.000000e+00
   endloop
 endfacet
 facet normal  6.979442e-01 -7.161522e-01  0.000000e+00
   outer loop
     vertex -1.074228e+01  1.046916e+01  4.000000e+00
     vertex -1.074228e+01  1.046916e+01 -4.000000e+00
     vertex -1.018910e+01  1.100828e+01 -4.000000e+00
   endloop
 endfacet
 facet normal  7.338854e-01 -6.792733e-01  0.000000e+00
   outer loop
     vertex -1.126698e+01  9.902282e+00  4.000000e+00
     vertex -1.074228e+01  1.046916e+01 -4.000000e+00
     vertex -1.074228e+01  1.046916e+01  4.000000e+00
   endloop
 endfacet
 facet normal  7.338854e-01 -6.792733e-01  0.000000e+00
   outer loop
     vertex -1.126698e+01  9.902282e+00  4.000000e+00
     vertex -1.126698e+01  9.902282e+00 -4.000000e+00
     vertex -1.074228e+01  1.046916e+01 -4.000000e+00
   endloop
 endfacet
 facet normal  7.678804e-01 -6.405932e-01  0.000000e+00
   outer loop
     vertex -1.126698e+01  9.902282e+00  4.000000e+00
     vertex -1.176180e+01  9.309142e+00 -4.000000e+00
     vertex -1.126698e+01  9.902282e+00 -4.000000e+00
   endloop
 endfacet
 facet normal  7.678804e-01 -6.405932e-01  0.000000e+00
   outer loop
     vertex -1.176180e+01  9.309142e+00  4.000000e+00
     vertex -1.176180e+01  9.309142e+00 -4.000000e+00
     vertex -1.126698e+01  9.902282e+00  4.000000e+00
   endloop
 endfacet
 facet normal  7.998392e-01 -6.002143e-01  0.000000e+00
   outer loop
     vertex -1.222543e+01  8.691316e+00  4.000000e+00
     vertex -1.176180e+01  9.309142e+00 -4.000000e+00
     vertex -1.176180e+01  9.309142e+00  4.000000e+00
   endloop
 endfacet
 facet normal  7.998392e-01 -6.002143e-01  0.000000e+00
   outer loop
     vertex -1.222543e+01  8.691316e+00  4.000000e+00
     vertex -1.222543e+01  8.691316e+00 -4.000000e+00
     vertex -1.176180e+01  9.309142e+00 -4.000000e+00
   endloop
 endfacet
 facet normal  8.296770e-01 -5.582437e-01  0.000000e+00
   outer loop
     vertex -1.222543e+01  8.691316e+00  4.000000e+00
     vertex -1.265663e+01  8.050443e+00 -4.000000e+00
     vertex -1.222543e+01  8.691316e+00 -4.000000e+00
   endloop
 endfacet
 facet normal  8.296770e-01 -5.582437e-01  0.000000e+00
   outer loop
     vertex -1.265663e+01  8.050443e+00  4.000000e+00
     vertex -1.265663e+01  8.050443e+00 -4.000000e+00
     vertex -1.222543e+01  8.691316e+00  4.000000e+00
   endloop
 endfacet
 facet normal  8.573146e-01 -5.147928e-01  0.000000e+00
   outer loop
     vertex -1.305428e+01  7.388221e+00  4.000000e+00
     vertex -1.265663e+01  8.050443e+00 -4.000000e+00
     vertex -1.265663e+01  8.050443e+00  4.000000e+00
   endloop
 endfacet
 facet normal  8.573146e-01 -5.147928e-01  0.000000e+00
   outer loop
     vertex -1.305428e+01  7.388221e+00  4.000000e+00
     vertex -1.305428e+01  7.388221e+00 -4.000000e+00
     vertex -1.265663e+01  8.050443e+00 -4.000000e+00
   endloop
 endfacet
 facet normal  8.826788e-01 -4.699767e-01  0.000000e+00
   outer loop
     vertex -1.305428e+01  7.388221e+00  4.000000e+00
     vertex -1.341731e+01  6.706407e+00 -4.000000e+00
     vertex -1.305428e+01  7.388221e+00 -4.000000e+00
   endloop
 endfacet
 facet normal  8.826788e-01 -4.699767e-01  0.000000e+00
   outer loop
     vertex -1.341731e+01  6.706407e+00  4.000000e+00
     vertex -1.341731e+01  6.706407e+00 -4.000000e+00
     vertex -1.305428e+01  7.388221e+00  4.000000e+00
   endloop
 endfacet
 facet normal  9.057023e-01 -4.239144e-01  0.000000e+00
   outer loop
     vertex -1.341731e+01  6.706407e+00  4.000000e+00
     vertex -1.374475e+01  6.006809e+00 -4.000000e+00
     vertex -1.341731e+01  6.706407e+00 -4.000000e+00
   endloop
 endfacet
 facet normal  9.057023e-01 -4.239144e-01  0.000000e+00
   outer loop
     vertex -1.374475e+01  6.006809e+00  4.000000e+00
     vertex -1.374475e+01  6.006809e+00 -4.000000e+00
     vertex -1.341731e+01  6.706407e+00  4.000000e+00
   endloop
 endfacet
 facet normal  9.263240e-01 -3.767279e-01  0.000000e+00
   outer loop
     vertex -1.403575e+01  5.291281e+00  4.000000e+00
     vertex -1.374475e+01  6.006809e+00 -4.000000e+00
     vertex -1.374475e+01  6.006809e+00  4.000000e+00
   endloop
 endfacet
 facet normal  9.263240e-01 -3.767279e-01  0.000000e+00
   outer loop
     vertex -1.403575e+01  5.291281e+00  4.000000e+00
     vertex -1.403575e+01  5.291281e+00 -4.000000e+00
     vertex -1.374475e+01  6.006809e+00 -4.000000e+00
   endloop
 endfacet
 facet normal  9.444892e-01 -3.285424e-01  0.000000e+00
   outer loop
     vertex -1.428953e+01  4.561722e+00  4.000000e+00
     vertex -1.403575e+01  5.291281e+00 -4.000000e+00
     vertex -1.403575e+01  5.291281e+00  4.000000e+00
   endloop
 endfacet
 facet normal  9.444892e-01 -3.285424e-01  0.000000e+00
   outer loop
     vertex -1.428953e+01  4.561722e+00  4.000000e+00
     vertex -1.428953e+01  4.561722e+00 -4.000000e+00
     vertex -1.403575e+01  5.291281e+00 -4.000000e+00
   endloop
 endfacet
 facet normal  9.601499e-01 -2.794856e-01  0.000000e+00
   outer loop
     vertex -1.428953e+01  4.561722e+00  4.000000e+00
     vertex -1.450542e+01  3.820067e+00 -4.000000e+00
     vertex -1.428953e+01  4.561722e+00 -4.000000e+00
   endloop
 endfacet
 facet normal  9.601499e-01 -2.794856e-01  0.000000e+00
   outer loop
     vertex -1.450542e+01  3.820067e+00  4.000000e+00
     vertex -1.450542e+01  3.820067e+00 -4.000000e+00
     vertex -1.428953e+01  4.561722e+00  4.000000e+00
   endloop
 endfacet
 facet normal  9.732644e-01 -2.296877e-01  0.000000e+00
   outer loop
     vertex -1.450542e+01  3.820067e+00  4.000000e+00
     vertex -1.468284e+01  3.068281e+00 -4.000000e+00
     vertex -1.450542e+01  3.820067e+00 -4.000000e+00
   endloop
 endfacet
 facet normal  9.732644e-01 -2.296877e-01  0.000000e+00
   outer loop
     vertex -1.468284e+01  3.068281e+00  4.000000e+00
     vertex -1.468284e+01  3.068281e+00 -4.000000e+00
     vertex -1.450542e+01  3.820067e+00  4.000000e+00
   endloop
 endfacet
 facet normal  9.837980e-01 -1.792808e-01  0.000000e+00
   outer loop
     vertex -1.482132e+01  2.308359e+00  4.000000e+00
     vertex -1.468284e+01  3.068281e+00 -4.000000e+00
     vertex -1.468284e+01  3.068281e+00  4.000000e+00
   endloop
 endfacet
 facet normal  9.837980e-01 -1.792808e-01  0.000000e+00
   outer loop
     vertex -1.482132e+01  2.308359e+00  4.000000e+00
     vertex -1.482132e+01  2.308359e+00 -4.000000e+00
     vertex -1.468284e+01  3.068281e+00 -4.000000e+00
   endloop
 endfacet
 facet normal  9.917227e-01 -1.283984e-01  0.000000e+00
   outer loop
     vertex -1.482132e+01  2.308359e+00  4.000000e+00
     vertex -1.492050e+01  1.542315e+00 -4.000000e+00
     vertex -1.482132e+01  2.308359e+00 -4.000000e+00
   endloop
 endfacet
 facet normal  9.917227e-01 -1.283984e-01  0.000000e+00
   outer loop
     vertex -1.492050e+01  1.542315e+00  4.000000e+00
     vertex -1.492050e+01  1.542315e+00 -4.000000e+00
     vertex -1.482132e+01  2.308359e+00  4.000000e+00
   endloop
 endfacet
 facet normal  9.970175e-01 -7.717546e-02  0.000000e+00
   outer loop
     vertex -1.498011e+01  7.721813e-01  4.000000e+00
     vertex -1.498011e+01  7.721813e-01 -4.000000e+00
     vertex -1.492050e+01  1.542315e+00 -4.000000e+00
   endloop
 endfacet
 facet normal  9.970175e-01 -7.717546e-02  0.000000e+00
   outer loop
     vertex -1.498011e+01  7.721813e-01  4.000000e+00
     vertex -1.492050e+01  1.542315e+00 -4.000000e+00
     vertex -1.492050e+01  1.542315e+00  4.000000e+00
   endloop
 endfacet
 facet normal  9.996685e-01 -2.574791e-02  0.000000e+00
   outer loop
     vertex -1.500000e+01 -3.813106e-14  4.000000e+00
     vertex -1.500000e+01 -3.813106e-14 -4.000000e+00
     vertex -1.498011e+01  7.721813e-01 -4.000000e+00
   endloop
 endfacet
 facet normal  9.996685e-01 -2.574791e-02  0.000000e+00
   outer loop
     vertex -1.500000e+01 -3.813106e-14  4.000000e+00
     vertex -1.498011e+01  7.721813e-01 -4.000000e+00
     vertex -1.498011e+01  7.721813e-01  4.000000e+00
   endloop
 endfacet
 facet normal  9.996685e-01  2.574791e-02  0.000000e+00
   outer loop
     vertex -1.498011e+01 -7.721813e-01  4.000000e+00
     vertex -1.498011e+01 -7.721813e-01 -4.000000e+00
     vertex -1.500000e+01 -3.813106e-14 -4.000000e+00
   endloop
 endfacet
 facet normal  9.970175e-01  7.717546e-02  0.000000e+00
   outer loop
     vertex -1.498011e+01 -7.721813e-01  4.000000e+00
     vertex -1.492050e+01 -1.542315e+00 -4.000000e+00
     vertex -1.498011e+01 -7.721813e-01 -4.000000e+00
   endloop
 endfacet
 facet normal  9.996685e-01  2.574791e-02  0.000000e+00
   outer loop
     vertex -1.498011e+01 -7.721813e-01  4.000000e+00
     vertex -1.500000e+01 -3.813106e-14 -4.000000e+00
     vertex -1.500000e+01 -3.813106e-14  4.000000e+00
   endloop
 endfacet
 facet normal  9.970175e-01  7.717546e-02  0.000000e+00
   outer loop
     vertex -1.492050e+01 -1.542315e+00  4.000000e+00
     vertex -1.492050e+01 -1.542315e+00 -4.000000e+00
     vertex -1.498011e+01 -7.721813e-01  4.000000e+00
   endloop
 endfacet
 facet normal  9.917227e-01  1.283984e-01  0.000000e+00
   outer loop
     vertex -1.482132e+01 -2.308359e+00  4.000000e+00
     vertex -1.492050e+01 -1.542315e+00 -4.000000e+00
     vertex -1.492050e+01 -1.542315e+00  4.000000e+00
   endloop
 endfacet
 facet normal  9.917227e-01  1.283984e-01  0.000000e+00
   outer loop
     vertex -1.482132e+01 -2.308359e+00  4.000000e+00
     vertex -1.482132e+01 -2.308359e+00 -4.000000e+00
     vertex -1.492050e+01 -1.542315e+00 -4.000000e+00
   endloop
 endfacet
 facet normal  9.837980e-01  1.792808e-01  0.000000e+00
   outer loop
     vertex -1.468284e+01 -3.068281e+00  4.000000e+00
     vertex -1.482132e+01 -2.308359e+00 -4.000000e+00
     vertex -1.482132e+01 -2.308359e+00  4.000000e+00
   endloop
 endfacet
 facet normal  9.837980e-01  1.792808e-01  0.000000e+00
   outer loop
     vertex -1.468284e+01 -3.068281e+00  4.000000e+00
     vertex -1.468284e+01 -3.068281e+00 -4.000000e+00
     vertex -1.482132e+01 -2.308359e+00 -4.000000e+00
   endloop
 endfacet
 facet normal  9.732644e-01  2.296877e-01  0.000000e+00
   outer loop
     vertex -1.468284e+01 -3.068281e+00  4.000000e+00
     vertex -1.450542e+01 -3.820067e+00 -4.000000e+00
     vertex -1.468284e+01 -3.068281e+00 -4.000000e+00
   endloop
 endfacet
 facet normal  9.732644e-01  2.296877e-01  0.000000e+00
   outer loop
     vertex -1.450542e+01 -3.820067e+00  4.000000e+00
     vertex -1.450542e+01 -3.820067e+00 -4.000000e+00
     vertex -1.468284e+01 -3.068281e+00  4.000000e+00
   endloop
 endfacet
 facet normal  9.601499e-01  2.794856e-01  0.000000e+00
   outer loop
     vertex -1.450542e+01 -3.820067e+00  4.000000e+00
     vertex -1.428953e+01 -4.561722e+00 -4.000000e+00
     vertex -1.450542e+01 -3.820067e+00 -4.000000e+00
   endloop
 endfacet
 facet normal  9.601499e-01  2.794856e-01  0.000000e+00
   outer loop
     vertex -1.428953e+01 -4.561722e+00  4.000000e+00
     vertex -1.428953e+01 -4.561722e+00 -4.000000e+00
     vertex -1.450542e+01 -3.820067e+00  4.000000e+00
   endloop
 endfacet
 facet normal  9.444892e-01  3.285424e-01  0.000000e+00
   outer loop
     vertex -1.403575e+01 -5.291281e+00  4.000000e+00
     vertex -1.428953e+01 -4.561722e+00 -4.000000e+00
     vertex -1.428953e+01 -4.561722e+00  4.000000e+00
   endloop
 endfacet
 facet normal  9.444892e-01  3.285424e-01  0.000000e+00
   outer loop
     vertex -1.403575e+01 -5.291281e+00  4.000000e+00
     vertex -1.403575e+01 -5.291281e+00 -4.000000e+00
     vertex -1.428953e+01 -4.561722e+00 -4.000000e+00
   endloop
 endfacet
 facet normal  9.263240e-01  3.767279e-01  0.000000e+00
   outer loop
     vertex -1.374475e+01 -6.006809e+00  4.000000e+00
     vertex -1.403575e+01 -5.291281e+00 -4.000000e+00
     vertex -1.403575e+01 -5.291281e+00  4.000000e+00
   endloop
 endfacet
 facet normal  9.263240e-01  3.767279e-01  0.000000e+00
   outer loop
     vertex -1.374475e+01 -6.006809e+00  4.000000e+00
     vertex -1.374475e+01 -6.006809e+00 -4.000000e+00
     vertex -1.403575e+01 -5.291281e+00 -4.000000e+00
   endloop
 endfacet
 facet normal  9.057023e-01  4.239144e-01  0.000000e+00
   outer loop
     vertex -1.374475e+01 -6.006809e+00  4.000000e+00
     vertex -1.341731e+01 -6.706407e+00 -4.000000e+00
     vertex -1.374475e+01 -6.006809e+00 -4.000000e+00
   endloop
 endfacet
 facet normal  9.057023e-01  4.239144e-01  0.000000e+00
   outer loop
     vertex -1.341731e+01 -6.706407e+00  4.000000e+00
     vertex -1.341731e+01 -6.706407e+00 -4.000000e+00
     vertex -1.374475e+01 -6.006809e+00  4.000000e+00
   endloop
 endfacet
 facet normal  8.826788e-01  4.699767e-01  0.000000e+00
   outer loop
     vertex -1.305428e+01 -7.388221e+00  4.000000e+00
     vertex -1.341731e+01 -6.706407e+00 -4.000000e+00
     vertex -1.341731e+01 -6.706407e+00  4.000000e+00
   endloop
 endfacet
 facet normal  8.826788e-01  4.699767e-01  0.000000e+00
   outer loop
     vertex -1.305428e+01 -7.388221e+00  4.000000e+00
     vertex -1.305428e+01 -7.388221e+00 -4.000000e+00
     vertex -1.341731e+01 -6.706407e+00 -4.000000e+00
   endloop
 endfacet
 facet normal  8.573146e-01  5.147928e-01  0.000000e+00
   outer loop
     vertex -1.305428e+01 -7.388221e+00  4.000000e+00
     vertex -1.265663e+01 -8.050443e+00 -4.000000e+00
     vertex -1.305428e+01 -7.388221e+00 -4.000000e+00
   endloop
 endfacet
 facet normal  8.573146e-01  5.147928e-01  0.000000e+00
   outer loop
     vertex -1.265663e+01 -8.050443e+00  4.000000e+00
     vertex -1.265663e+01 -8.050443e+00 -4.000000e+00
     vertex -1.305428e+01 -7.388221e+00  4.000000e+00
   endloop
 endfacet
 facet normal  8.296770e-01  5.582437e-01  0.000000e+00
   outer loop
     vertex -1.222543e+01 -8.691316e+00  4.000000e+00
     vertex -1.265663e+01 -8.050443e+00 -4.000000e+00
     vertex -1.265663e+01 -8.050443e+00  4.000000e+00
   endloop
 endfacet
 facet normal  8.296770e-01  5.582437e-01  0.000000e+00
   outer loop
     vertex -1.222543e+01 -8.691316e+00  4.000000e+00
     vertex -1.222543e+01 -8.691316e+00 -4.000000e+00
     vertex -1.265663e+01 -8.050443e+00 -4.000000e+00
   endloop
 endfacet
 facet normal  7.998392e-01  6.002143e-01  0.000000e+00
   outer loop
     vertex -1.222543e+01 -8.691316e+00  4.000000e+00
     vertex -1.176180e+01 -9.309142e+00 -4.000000e+00
     vertex -1.222543e+01 -8.691316e+00 -4.000000e+00
   endloop
 endfacet
 facet normal  7.998392e-01  6.002143e-01  0.000000e+00
   outer loop
     vertex -1.176180e+01 -9.309142e+00  4.000000e+00
     vertex -1.176180e+01 -9.309142e+00 -4.000000e+00
     vertex -1.222543e+01 -8.691316e+00  4.000000e+00
   endloop
 endfacet
 facet normal  7.678804e-01  6.405932e-01  0.000000e+00
   outer loop
     vertex -1.126698e+01 -9.902282e+00  4.000000e+00
     vertex -1.176180e+01 -9.309142e+00 -4.000000e+00
     vertex -1.176180e+01 -9.309142e+00  4.000000e+00
   endloop
 endfacet
 facet normal  7.678804e-01  6.405932e-01  0.000000e+00
   outer loop
     vertex -1.126698e+01 -9.902282e+00  4.000000e+00
     vertex -1.126698e+01 -9.902282e+00 -4.000000e+00
     vertex -1.176180e+01 -9.309142e+00 -4.000000e+00
   endloop
 endfacet
 facet normal  7.338854e-01  6.792733e-01  0.000000e+00
   outer loop
     vertex -1.074228e+01 -1.046916e+01  4.000000e+00
     vertex -1.126698e+01 -9.902282e+00 -4.000000e+00
     vertex -1.126698e+01 -9.902282e+00  4.000000e+00
   endloop
 endfacet
 facet normal  7.338854e-01  6.792733e-01  0.000000e+00
   outer loop
     vertex -1.074228e+01 -1.046916e+01  4.000000e+00
     vertex -1.074228e+01 -1.046916e+01 -4.000000e+00
     vertex -1.126698e+01 -9.902282e+00 -4.000000e+00
   endloop
 endfacet
 facet normal  6.979442e-01  7.161522e-01  0.000000e+00
   outer loop
     vertex -1.074228e+01 -1.046916e+01  4.000000e+00
     vertex -1.018910e+01 -1.100828e+01 -4.000000e+00
     vertex -1.074228e+01 -1.046916e+01 -4.000000e+00
   endloop
 endfacet
 facet normal  6.979442e-01  7.161522e-01  0.000000e+00
   outer loop
     vertex -1.018910e+01 -1.100828e+01  4.000000e+00
     vertex -1.018910e+01 -1.100828e+01 -4.000000e+00
     vertex -1.074228e+01 -1.046916e+01  4.000000e+00
   endloop
 endfacet
 facet normal  6.206095e-01  7.841198e-01  0.000000e+00
   outer loop
     vertex -9.608898e+00 -1.151821e+01  4.000000e+00
     vertex -9.003214e+00 -1.199759e+01 -4.000000e+00
     vertex -9.608898e+00 -1.151821e+01 -4.000000e+00
   endloop
 endfacet
 facet normal  6.601521e-01  7.511319e-01  0.000000e+00
   outer loop
     vertex -9.608898e+00 -1.151821e+01  4.000000e+00
     vertex -1.018910e+01 -1.100828e+01 -4.000000e+00
     vertex -1.018910e+01 -1.100828e+01  4.000000e+00
   endloop
 endfacet
 facet normal  6.601521e-01  7.511319e-01  0.000000e+00
   outer loop
     vertex -9.608898e+00 -1.151821e+01  4.000000e+00
     vertex -9.608898e+00 -1.151821e+01 -4.000000e+00
     vertex -1.018910e+01 -1.100828e+01 -4.000000e+00
   endloop
 endfacet
 facet normal  6.206095e-01  7.841198e-01  0.000000e+00
   outer loop
     vertex -9.003214e+00 -1.199759e+01  4.000000e+00
     vertex -9.003214e+00 -1.199759e+01 -4.000000e+00
     vertex -9.608898e+00 -1.151821e+01  4.000000e+00
   endloop
 endfacet
 facet normal  5.794211e-01  8.150283e-01  0.000000e+00
   outer loop
     vertex -8.373656e+00 -1.244516e+01  4.000000e+00
     vertex -8.373656e+00 -1.244516e+01 -4.000000e+00
     vertex -9.003214e+00 -1.199759e+01 -4.000000e+00
   endloop
 endfacet
 facet normal  5.794211e-01  8.150283e-01  0.000000e+00
   outer loop
     vertex -8.373656e+00 -1.244516e+01  4.000000e+00
     vertex -9.003214e+00 -1.199759e+01 -4.000000e+00
     vertex -9.003214e+00 -1.199759e+01  4.000000e+00
   endloop
 endfacet
 facet normal  5.366962e-01  8.437756e-01  0.000000e+00
   outer loop
     vertex -7.721892e+00 -1.285972e+01  4.000000e+00
     vertex -7.721892e+00 -1.285972e+01 -4.000000e+00
     vertex -8.373656e+00 -1.244516e+01 -4.000000e+00
   endloop
 endfacet
 facet normal  4.925481e-01  8.702852e-01  0.000000e+00
   outer loop
     vertex -7.721892e+00 -1.285972e+01  4.000000e+00
     vertex -7.049651e+00 -1.324018e+01 -4.000000e+00
     vertex -7.721892e+00 -1.285972e+01 -4.000000e+00
   endloop
 endfacet
 facet normal  5.366962e-01  8.437756e-01  0.000000e+00
   outer loop
     vertex -7.721892e+00 -1.285972e+01  4.000000e+00
     vertex -8.373656e+00 -1.244516e+01 -4.000000e+00
     vertex -8.373656e+00 -1.244516e+01  4.000000e+00
   endloop
 endfacet
 facet normal  4.925481e-01  8.702852e-01  0.000000e+00
   outer loop
     vertex -7.049651e+00 -1.324018e+01  4.000000e+00
     vertex -7.049651e+00 -1.324018e+01 -4.000000e+00
     vertex -7.721892e+00 -1.285972e+01  4.000000e+00
   endloop
 endfacet
 facet normal  4.470938e-01  8.944871e-01  0.000000e+00
   outer loop
     vertex -6.358716e+00 -1.358553e+01  4.000000e+00
     vertex -6.358716e+00 -1.358553e+01 -4.000000e+00
     vertex -7.049651e+00 -1.324018e+01 -4.000000e+00
   endloop
 endfacet
 facet normal  4.004539e-01  9.163169e-01  0.000000e+00
   outer loop
     vertex -6.358716e+00 -1.358553e+01  4.000000e+00
     vertex -5.650918e+00 -1.389486e+01 -4.000000e+00
     vertex -6.358716e+00 -1.358553e+01 -4.000000e+00
   endloop
 endfacet
 facet normal  4.470938e-01  8.944871e-01  0.000000e+00
   outer loop
     vertex -6.358716e+00 -1.358553e+01  4.000000e+00
     vertex -7.049651e+00 -1.324018e+01 -4.000000e+00
     vertex -7.049651e+00 -1.324018e+01  4.000000e+00
   endloop
 endfacet
 facet normal  4.004539e-01  9.163169e-01  0.000000e+00
   outer loop
     vertex -5.650918e+00 -1.389486e+01  4.000000e+00
     vertex -5.650918e+00 -1.389486e+01 -4.000000e+00
     vertex -6.358716e+00 -1.358553e+01  4.000000e+00
   endloop
 endfacet
 facet normal  3.527521e-01  9.357168e-01  0.000000e+00
   outer loop
     vertex -4.928136e+00 -1.416734e+01  4.000000e+00
     vertex -4.928136e+00 -1.416734e+01 -4.000000e+00
     vertex -5.650918e+00 -1.389486e+01 -4.000000e+00
   endloop
 endfacet
 facet normal  3.527521e-01  9.357168e-01  0.000000e+00
   outer loop
     vertex -4.928136e+00 -1.416734e+01  4.000000e+00
     vertex -5.650918e+00 -1.389486e+01 -4.000000e+00
     vertex -5.650918e+00 -1.389486e+01  4.000000e+00
   endloop
 endfacet
 facet normal  3.041148e-01  9.526354e-01  0.000000e+00
   outer loop
     vertex -4.192285e+00 -1.440225e+01  4.000000e+00
     vertex -4.192285e+00 -1.440225e+01 -4.000000e+00
     vertex -4.928136e+00 -1.416734e+01 -4.000000e+00
   endloop
 endfacet
 facet normal  3.041148e-01  9.526354e-01  0.000000e+00
   outer loop
     vertex -4.192285e+00 -1.440225e+01  4.000000e+00
     vertex -4.928136e+00 -1.416734e+01 -4.000000e+00
     vertex -4.928136e+00 -1.416734e+01  4.000000e+00
   endloop
 endfacet
 facet normal  2.546711e-01  9.670277e-01  0.000000e+00
   outer loop
     vertex -3.445316e+00 -1.459897e+01  4.000000e+00
     vertex -3.445316e+00 -1.459897e+01 -4.000000e+00
     vertex -4.192285e+00 -1.440225e+01 -4.000000e+00
   endloop
 endfacet
 facet normal  2.546711e-01  9.670277e-01  0.000000e+00
   outer loop
     vertex -3.445316e+00 -1.459897e+01  4.000000e+00
     vertex -4.192285e+00 -1.440225e+01 -4.000000e+00
     vertex -4.192285e+00 -1.440225e+01  4.000000e+00
   endloop
 endfacet
 facet normal  2.045521e-01  9.788557e-01  0.000000e+00
   outer loop
     vertex -2.689211e+00 -1.475697e+01  4.000000e+00
     vertex -2.689211e+00 -1.475697e+01 -4.000000e+00
     vertex -3.445316e+00 -1.459897e+01 -4.000000e+00
   endloop
 endfacet
 facet normal  2.045521e-01  9.788557e-01  0.000000e+00
   outer loop
     vertex -2.689211e+00 -1.475697e+01  4.000000e+00
     vertex -3.445316e+00 -1.459897e+01 -4.000000e+00
     vertex -3.445316e+00 -1.459897e+01  4.000000e+00
   endloop
 endfacet
 facet normal  1.538906e-01  9.880879e-01  0.000000e+00
   outer loop
     vertex -1.925975e+00 -1.487584e+01  4.000000e+00
     vertex -1.925975e+00 -1.487584e+01 -4.000000e+00
     vertex -2.689211e+00 -1.475697e+01 -4.000000e+00
   endloop
 endfacet
 facet normal  1.028210e-01  9.946999e-01  0.000000e+00
   outer loop
     vertex -1.925975e+00 -1.487584e+01  4.000000e+00
     vertex -1.157632e+00 -1.495526e+01 -4.000000e+00
     vertex -1.925975e+00 -1.487584e+01 -4.000000e+00
   endloop
 endfacet
 facet normal  1.538906e-01  9.880879e-01  0.000000e+00
   outer loop
     vertex -1.925975e+00 -1.487584e+01  4.000000e+00
     vertex -2.689211e+00 -1.475697e+01 -4.000000e+00
     vertex -2.689211e+00 -1.475697e+01  4.000000e+00
   endloop
 endfacet
 facet normal  1.028210e-01  9.946999e-01  0.000000e+00
   outer loop
     vertex -1.157632e+00 -1.495526e+01  4.000000e+00
     vertex -1.157632e+00 -1.495526e+01 -4.000000e+00
     vertex -1.925975e+00 -1.487584e+01  4.000000e+00
   endloop
 endfacet
 facet normal  5.147875e-02  9.986741e-01  0.000000e+00
   outer loop
     vertex -1.157632e+00 -1.495526e+01  4.000000e+00
     vertex -3.862187e-01 -1.499503e+01 -4.000000e+00
     vertex -1.157632e+00 -1.495526e+01 -4.000000e+00
   endloop
 endfacet
 facet normal  5.147875e-02  9.986741e-01  0.000000e+00
   outer loop
     vertex -3.862187e-01 -1.499503e+01  4.000000e+00
     vertex -3.862187e-01 -1.499503e+01 -4.000000e+00
     vertex -1.157632e+00 -1.495526e+01  4.000000e+00
   endloop
 endfacet
 facet normal  2.299677e-15  1.000000e+00  0.000000e+00
   outer loop
     vertex -3.862187e-01 -1.499503e+01  4.000000e+00
     vertex  3.862187e-01 -1.499503e+01 -4.000000e+00
     vertex -3.862187e-01 -1.499503e+01 -4.000000e+00
   endloop
 endfacet
 facet normal  2.299677e-15  1.000000e+00  0.000000e+00
   outer loop
     vertex  3.862187e-01 -1.499503e+01  4.000000e+00
     vertex  3.862187e-01 -1.499503e+01 -4.000000e+00
     vertex -3.862187e-01 -1.499503e+01  4.000000e+00
   endloop
 endfacet
 facet normal -5.147875e-02  9.986741e-01  0.000000e+00
   outer loop
     vertex  1.157632e+00 -1.495526e+01  4.000000e+00
     vertex  1.157632e+00 -1.495526e+01 -4.000000e+00
     vertex  3.862187e-01 -1.499503e+01 -4.000000e+00
   endloop
 endfacet
 facet normal -5.147875e-02  9.986741e-01  0.000000e+00
   outer loop
     vertex  1.157632e+00 -1.495526e+01  4.000000e+00
     vertex  3.862187e-01 -1.499503e+01 -4.000000e+00
     vertex  3.862187e-01 -1.499503e+01  4.000000e+00
   endloop
 endfacet
 facet normal -1.028210e-01  9.946999e-01  0.000000e+00
   outer loop
     vertex  1.925975e+00 -1.487584e+01  4.000000e+00
     vertex  1.925975e+00 -1.487584e+01 -4.000000e+00
     vertex  1.157632e+00 -1.495526e+01 -4.000000e+00
   endloop
 endfacet
 facet normal -1.028210e-01  9.946999e-01  0.000000e+00
   outer loop
     vertex  1.925975e+00 -1.487584e+01  4.000000e+00
     vertex  1.157632e+00 -1.495526e+01 -4.000000e+00
     vertex  1.157632e+00 -1.495526e+01  4.000000e+00
   endloop
 endfacet
 facet normal -1.538906e-01  9.880879e-01  0.000000e+00
   outer loop
     vertex  2.689211e+00 -1.475697e+01  4.000000e+00
     vertex  2.689211e+00 -1.475697e+01 -4.000000e+00
     vertex  1.925975e+00 -1.487584e+01 -4.000000e+00
   endloop
 endfacet
 facet normal -1.538906e-01  9.880879e-01  0.000000e+00
   outer loop
     vertex  2.689211e+00 -1.475697e+01  4.000000e+00
     vertex  1.925975e+00 -1.487584e+01 -4.000000e+00
     vertex  1.925975e+00 -1.487584e+01  4.000000e+00
   endloop
 endfacet
 facet normal -2.045521e-01  9.788557e-01  0.000000e+00
   outer loop
     vertex  3.445316e+00 -1.459897e+01  4.000000e+00
     vertex  3.445316e+00 -1.459897e+01 -4.000000e+00
     vertex  2.689211e+00 -1.475697e+01 -4.000000e+00
   endloop
 endfacet
 facet normal -2.045521e-01  9.788557e-01  0.000000e+00
   outer loop
     vertex  3.445316e+00 -1.459897e+01  4.000000e+00
     vertex  2.689211e+00 -1.475697e+01 -4.000000e+00
     vertex  2.689211e+00 -1.475697e+01  4.000000e+00
   endloop
 endfacet
 facet normal -2.546711e-01  9.670277e-01  0.000000e+00
   outer loop
     vertex  4.192285e+00 -1.440225e+01  4.000000e+00
     vertex  4.192285e+00 -1.440225e+01 -4.000000e+00
     vertex  3.445316e+00 -1.459897e+01 -4.000000e+00
   endloop
 endfacet
 facet normal -3.041148e-01  9.526354e-01  0.000000e+00
   outer loop
     vertex  4.192285e+00 -1.440225e+01  4.000000e+00
     vertex  4.928136e+00 -1.416734e+01 -4.000000e+00
     vertex  4.192285e+00 -1.440225e+01 -4.000000e+00
   endloop
 endfacet
 facet normal -2.546711e-01  9.670277e-01  0.000000e+00
   outer loop
     vertex  4.192285e+00 -1.440225e+01  4.000000e+00
     vertex  3.445316e+00 -1.459897e+01 -4.000000e+00
     vertex  3.445316e+00 -1.459897e+01  4.000000e+00
   endloop
 endfacet
 facet normal -3.041148e-01  9.526354e-01  0.000000e+00
   outer loop
     vertex  4.928136e+00 -1.416734e+01  4.000000e+00
     vertex  4.928136e+00 -1.416734e+01 -4.000000e+00
     vertex  4.192285e+00 -1.440225e+01  4.000000e+00
   endloop
 endfacet
 facet normal -3.527521e-01  9.357168e-01  0.000000e+00
   outer loop
     vertex  5.650918e+00 -1.389486e+01  4.000000e+00
     vertex  5.650918e+00 -1.389486e+01 -4.000000e+00
     vertex  4.928136e+00 -1.416734e+01 -4.000000e+00
   endloop
 endfacet
 facet normal -3.527521e-01  9.357168e-01  0.000000e+00
   outer loop
     vertex  5.650918e+00 -1.389486e+01  4.000000e+00
     vertex  4.928136e+00 -1.416734e+01 -4.000000e+00
     vertex  4.928136e+00 -1.416734e+01  4.000000e+00
   endloop
 endfacet
 facet normal -4.004539e-01  9.163169e-01  0.000000e+00
   outer loop
     vertex  6.358716e+00 -1.358553e+01  4.000000e+00
     vertex  6.358716e+00 -1.358553e+01 -4.000000e+00
     vertex  5.650918e+00 -1.389486e+01 -4.000000e+00
   endloop
 endfacet
 facet normal -4.004539e-01  9.163169e-01  0.000000e+00
   outer loop
     vertex  6.358716e+00 -1.358553e+01  4.000000e+00
     vertex  5.650918e+00 -1.389486e+01 -4.000000e+00
     vertex  5.650918e+00 -1.389486e+01  4.000000e+00
   endloop
 endfacet
 facet normal -4.470938e-01  8.944871e-01  0.000000e+00
   outer loop
     vertex  7.049651e+00 -1.324018e+01  4.000000e+00
     vertex  7.049651e+00 -1.324018e+01 -4.000000e+00
     vertex  6.358716e+00 -1.358553e+01 -4.000000e+00
   endloop
 endfacet
 facet normal -4.470938e-01  8.944871e-01  0.000000e+00
   outer loop
     vertex  7.049651e+00 -1.324018e+01  4.000000e+00
     vertex  6.358716e+00 -1.358553e+01 -4.000000e+00
     vertex  6.358716e+00 -1.358553e+01  4.000000e+00
   endloop
 endfacet
 facet normal -4.925481e-01  8.702852e-01  0.000000e+00
   outer loop
     vertex  7.721892e+00 -1.285972e+01  4.000000e+00
     vertex  7.721892e+00 -1.285972e+01 -4.000000e+00
     vertex  7.049651e+00 -1.324018e+01 -4.000000e+00
   endloop
 endfacet
 facet normal -5.366962e-01  8.437756e-01  0.000000e+00
   outer loop
     vertex  7.721892e+00 -1.285972e+01  4.000000e+00
     vertex  8.373656e+00 -1.244516e+01 -4.000000e+00
     vertex  7.721892e+00 -1.285972e+01 -4.000000e+00
   endloop
 endfacet
 facet normal -4.925481e-01  8.702852e-01  0.000000e+00
   outer loop
     vertex  7.721892e+00 -1.285972e+01  4.000000e+00
     vertex  7.049651e+00 -1.324018e+01 -4.000000e+00
     vertex  7.049651e+00 -1.324018e+01  4.000000e+00
   endloop
 endfacet
 facet normal -5.366962e-01  8.437756e-01  0.000000e+00
   outer loop
     vertex  8.373656e+00 -1.244516e+01  4.000000e+00
     vertex  8.373656e+00 -1.244516e+01 -4.000000e+00
     vertex  7.721892e+00 -1.285972e+01  4.000000e+00
   endloop
 endfacet
 facet normal -5.794211e-01  8.150283e-01  0.000000e+00
   outer loop
     vertex  9.003214e+00 -1.199759e+01  4.000000e+00
     vertex  9.003214e+00 -1.199759e+01 -4.000000e+00
     vertex  8.373656e+00 -1.244516e+01 -4.000000e+00
   endloop
 endfacet
 facet normal -5.794211e-01  8.150283e-01  0.000000e+00
   outer loop
     vertex  9.003214e+00 -1.199759e+01  4.000000e+00
     vertex  8.373656e+00 -1.244516e+01 -4.000000e+00
     vertex  8.373656e+00 -1.244516e+01  4.000000e+00
   endloop
 endfacet
 facet normal -6.206095e-01  7.841198e-01  0.000000e+00
   outer loop
     vertex  9.608898e+00 -1.151821e+01  4.000000e+00
     vertex  9.608898e+00 -1.151821e+01 -4.000000e+00
     vertex  9.003214e+00 -1.199759e+01 -4.000000e+00
   endloop
 endfacet
 facet normal -6.206095e-01  7.841198e-01  0.000000e+00
   outer loop
     vertex  9.608898e+00 -1.151821e+01  4.000000e+00
     vertex  9.003214e+00 -1.199759e+01 -4.000000e+00
     vertex  9.003214e+00 -1.199759e+01  4.000000e+00
   endloop
 endfacet
 facet normal -6.601521e-01  7.511319e-01  0.000000e+00
   outer loop
     vertex  1.018910e+01 -1.100828e+01  4.000000e+00
     vertex  1.018910e+01 -1.100828e+01 -4.000000e+00
     vertex  9.608898e+00 -1.151821e+01 -4.000000e+00
   endloop
 endfacet
 facet normal -6.979442e-01  7.161522e-01  0.000000e+00
   outer loop
     vertex  1.018910e+01 -1.100828e+01  4.000000e+00
     vertex  1.074228e+01 -1.046916e+01 -4.000000e+00
     vertex  1.018910e+01 -1.100828e+01 -4.000000e+00
   endloop
 endfacet
 facet normal -6.601521e-01  7.511319e-01  0.000000e+00
   outer loop
     vertex  1.018910e+01 -1.100828e+01  4.000000e+00
     vertex  9.608898e+00 -1.151821e+01 -4.000000e+00
     vertex  9.608898e+00 -1.151821e+01  4.000000e+00
   endloop
 endfacet
 facet normal -6.979442e-01  7.161522e-01  0.000000e+00
   outer loop
     vertex  1.074228e+01 -1.046916e+01  4.000000e+00
     vertex  1.074228e+01 -1.046916e+01 -4.000000e+00
     vertex  1.018910e+01 -1.100828e+01  4.000000e+00
   endloop
 endfacet
 facet normal -7.338854e-01  6.792733e-01  0.000000e+00
   outer loop
     vertex  1.126698e+01 -9.902282e+00  4.000000e+00
     vertex  1.126698e+01 -9.902282e+00 -4.000000e+00
     vertex  1.074228e+01 -1.046916e+01 -4.000000e+00
   endloop
 endfacet
 facet normal -7.338854e-01  6.792733e-01  0.000000e+00
   outer loop
     vertex  1.126698e+01 -9.902282e+00  4.000000e+00
     vertex  1.074228e+01 -1.046916e+01 -4.000000e+00
     vertex  1.074228e+01 -1.046916e+01  4.000000e+00
   endloop
 endfacet
 facet normal -7.678804e-01  6.405932e-01  0.000000e+00
   outer loop
     vertex  1.176180e+01 -9.309142e+00  4.000000e+00
     vertex  1.176180e+01 -9.309142e+00 -4.000000e+00
     vertex  1.126698e+01 -9.902282e+00 -4.000000e+00
   endloop
 endfacet
 facet normal -7.678804e-01  6.405932e-01  0.000000e+00
   outer loop
     vertex  1.176180e+01 -9.309142e+00  4.000000e+00
     vertex  1.126698e+01 -9.902282e+00 -4.000000e+00
     vertex  1.126698e+01 -9.902282e+00  4.000000e+00
   endloop
 endfacet
 facet normal -7.998392e-01  6.002143e-01  0.000000e+00
   outer loop
     vertex  1.222543e+01 -8.691316e+00  4.000000e+00
     vertex  1.222543e+01 -8.691316e+00 -4.000000e+00
     vertex  1.176180e+01 -9.309142e+00 -4.000000e+00
   endloop
 endfacet
 facet normal -7.998392e-01  6.002143e-01  0.000000e+00
   outer loop
     vertex  1.222543e+01 -8.691316e+00  4.000000e+00
     vertex  1.176180e+01 -9.309142e+00 -4.000000e+00
     vertex  1.176180e+01 -9.309142e+00  4.000000e+00
   endloop
 endfacet
 facet normal -8.296770e-01  5.582437e-01  0.000000e+00
   outer loop
     vertex  1.265663e+01 -8.050443e+00  4.000000e+00
     vertex  1.265663e+01 -8.050443e+00 -4.000000e+00
     vertex  1.222543e+01 -8.691316e+00 -4.000000e+00
   endloop
 endfacet
 facet normal -8.573146e-01  5.147928e-01  0.000000e+00
   outer loop
     vertex  1.265663e+01 -8.050443e+00  4.000000e+00
     vertex  1.305428e+01 -7.388221e+00 -4.000000e+00
     vertex  1.265663e+01 -8.050443e+00 -4.000000e+00
   endloop
 endfacet
 facet normal -8.296770e-01  5.582437e-01  0.000000e+00
   outer loop
     vertex  1.265663e+01 -8.050443e+00  4.000000e+00
     vertex  1.222543e+01 -8.691316e+00 -4.000000e+00
     vertex  1.222543e+01 -8.691316e+00  4.000000e+00
   endloop
 endfacet
 facet normal -8.573146e-01  5.147928e-01  0.000000e+00
   outer loop
     vertex  1.305428e+01 -7.388221e+00  4.000000e+00
     vertex  1.305428e+01 -7.388221e+00 -4.000000e+00
     vertex  1.265663e+01 -8.050443e+00  4.000000e+00
   endloop
 endfacet
 facet normal -8.826788e-01  4.699767e-01  0.000000e+00
   outer loop
     vertex  1.341731e+01 -6.706407e+00  4.000000e+00
     vertex  1.341731e+01 -6.706407e+00 -4.000000e+00
     vertex  1.305428e+01 -7.388221e+00 -4.000000e+00
   endloop
 endfacet
 facet normal -8.826788e-01  4.699767e-01  0.000000e+00
   outer loop
     vertex  1.341731e+01 -6.706407e+00  4.000000e+00
     vertex  1.305428e+01 -7.388221e+00 -4.000000e+00
     vertex  1.305428e+01 -7.388221e+00  4.000000e+00
   endloop
 endfacet
 facet normal -9.057023e-01  4.239144e-01  0.000000e+00
   outer loop
     vertex  1.374475e+01 -6.006809e+00  4.000000e+00
     vertex  1.374475e+01 -6.006809e+00 -4.000000e+00
     vertex  1.341731e+01 -6.706407e+00 -4.000000e+00
   endloop
 endfacet
 facet normal -9.057023e-01  4.239144e-01  0.000000e+00
   outer loop
     vertex  1.374475e+01 -6.006809e+00  4.000000e+00
     vertex  1.341731e+01 -6.706407e+00 -4.000000e+00
     vertex  1.341731e+01 -6.706407e+00  4.000000e+00
   endloop
 endfacet
 facet normal -9.263240e-01  3.767279e-01  0.000000e+00
   outer loop
     vertex  1.403575e+01 -5.291281e+00  4.000000e+00
     vertex  1.374475e+01 -6.006809e+00 -4.000000e+00
     vertex  1.374475e+01 -6.006809e+00  4.000000e+00
   endloop
 endfacet
 facet normal -9.263240e-01  3.767279e-01  0.000000e+00
   outer loop
     vertex  1.403575e+01 -5.291281e+00  4.000000e+00
     vertex  1.403575e+01 -5.291281e+00 -4.000000e+00
     vertex  1.374475e+01 -6.006809e+00 -4.000000e+00
   endloop
 endfacet
 facet normal -9.444892e-01  3.285424e-01  0.000000e+00
   outer loop
     vertex  1.403575e+01 -5.291281e+00  4.000000e+00
     vertex  1.428953e+01 -4.561722e+00 -4.000000e+00
     vertex  1.403575e+01 -5.291281e+00 -4.000000e+00
   endloop
 endfacet
 facet normal -9.444892e-01  3.285424e-01  0.000000e+00
   outer loop
     vertex  1.428953e+01 -4.561722e+00  4.000000e+00
     vertex  1.428953e+01 -4.561722e+00 -4.000000e+00
     vertex  1.403575e+01 -5.291281e+00  4.000000e+00
   endloop
 endfacet
 facet normal -9.601499e-01  2.794856e-01  0.000000e+00
   outer loop
     vertex  1.450542e+01 -3.820067e+00  4.000000e+00
     vertex  1.428953e+01 -4.561722e+00 -4.000000e+00
     vertex  1.428953e+01 -4.561722e+00  4.000000e+00
   endloop
 endfacet
 facet normal -9.601499e-01  2.794856e-01  0.000000e+00
   outer loop
     vertex  1.450542e+01 -3.820067e+00  4.000000e+00
     vertex  1.450542e+01 -3.820067e+00 -4.000000e+00
     vertex  1.428953e+01 -4.561722e+00 -4.000000e+00
   endloop
 endfacet
 facet normal -9.732644e-01  2.296877e-01  0.000000e+00
   outer loop
     vertex  1.468284e+01 -3.068281e+00  4.000000e+00
     vertex  1.450542e+01 -3.820067e+00 -4.000000e+00
     vertex  1.450542e+01 -3.820067e+00  4.000000e+00
   endloop
 endfacet
 facet normal -9.732644e-01  2.296877e-01  0.000000e+00
   outer loop
     vertex  1.468284e+01 -3.068281e+00  4.000000e+00
     vertex  1.468284e+01 -3.068281e+00 -4.000000e+00
     vertex  1.450542e+01 -3.820067e+00 -4.000000e+00
   endloop
 endfacet
 facet normal -9.837980e-01  1.792808e-01  0.000000e+00
   outer loop
     vertex  1.482132e+01 -2.308359e+00  4.000000e+00
     vertex  1.468284e+01 -3.068281e+00 -4.000000e+00
     vertex  1.468284e+01 -3.068281e+00  4.000000e+00
   endloop
 endfacet
 facet normal -9.837980e-01  1.792808e-01  0.000000e+00
   outer loop
     vertex  1.482132e+01 -2.308359e+00  4.000000e+00
     vertex  1.482132e+01 -2.308359e+00 -4.000000e+00
     vertex  1.468284e+01 -3.068281e+00 -4.000000e+00
   endloop
 endfacet
 facet normal -9.917227e-01  1.283984e-01  0.000000e+00
   outer loop
     vertex  1.492050e+01 -1.542315e+00  4.000000e+00
     vertex  1.482132e+01 -2.308359e+00 -4.000000e+00
     vertex  1.482132e+01 -2.308359e+00  4.000000e+00
   endloop
 endfacet
 facet normal -9.917227e-01  1.283984e-01  0.000000e+00
   outer loop
     vertex  1.492050e+01 -1.542315e+00  4.000000e+00
     vertex  1.492050e+01 -1.542315e+00 -4.000000e+00
     vertex  1.482132e+01 -2.308359e+00 -4.000000e+00
   endloop
 endfacet
 facet normal -9.970175e-01  7.717546e-02  0.000000e+00
   outer loop
     vertex  1.498011e+01 -7.721813e-01  4.000000e+00
     vertex  1.492050e+01 -1.542315e+00 -4.000000e+00
     vertex  1.492050e+01 -1.542315e+00  4.000000e+00
   endloop
 endfacet
 facet normal -9.970175e-01  7.717546e-02  0.000000e+00
   outer loop
     vertex  1.498011e+01 -7.721813e-01  4.000000e+00
     vertex  1.498011e+01 -7.721813e-01 -4.000000e+00
     vertex  1.492050e+01 -1.542315e+00 -4.000000e+00
   endloop
 endfacet
 facet normal -9.996685e-01  2.574791e-02  0.000000e+00
   outer loop
     vertex  1.500000e+01 -3.673940e-15  4.000000e+00
     vertex  1.498011e+01 -7.721813e-01 -4.000000e+00
     vertex  1.498011e+01 -7.721813e-01  4.000000e+00
   endloop
 endfacet
 facet normal -9.996685e-01  2.574791e-02  0.000000e+00
   outer loop
     vertex  1.500000e+01 -3.673940e-15  4.000000e+00
     vertex  1.500000e+01 -3.673940e-15 -4.000000e+00
     vertex  1.498011e+01 -7.721813e-01 -4.000000e+00
   endloop
 endfacet
endsolid
