solid 
 facet normal -1.000000e+00  0.000000e+00  0.000000e+00
   outer loop
     vertex -2.750000e+01  1.250000e+01 -2.500000e+00
     vertex -2.750000e+01  1.750000e+01 -4.000000e+00
     vertex -2.750000e+01  1.250000e+01 -4.000000e+00
   endloop
 endfacet
 facet normal -1.000000e+00  0.000000e+00 -0.000000e+00
   outer loop
     vertex -2.750000e+01  1.750000e+01  4.000000e+00
     vertex -2.750000e+01  1.750000e+01 -4.000000e+00
     vertex -2.750000e+01  1.250000e+01 -2.500000e+00
   endloop
 endfacet
 facet normal -1.000000e+00  0.000000e+00  0.000000e+00
   outer loop
     vertex -2.750000e+01 -1.250000e+01 -2.500000e+00
     vertex -2.750000e+01  1.250000e+01 -4.000000e+00
     vertex -2.750000e+01 -1.250000e+01 -4.000000e+00
   endloop
 endfacet
 facet normal -1.000000e+00  0.000000e+00  0.000000e+00
   outer loop
     vertex -2.750000e+01 -1.250000e+01 -2.500000e+00
     vertex -2.750000e+01  1.250000e+01 -2.500000e+00
     vertex -2.750000e+01  1.250000e+01 -4.000000e+00
   endloop
 endfacet
 facet normal -1.000000e+00  0.000000e+00  0.000000e+00
   outer loop
     vertex -2.750000e+01 -1.750000e+01 -4.000000e+00
     vertex -2.750000e+01 -1.250000e+01 -2.500000e+00
     vertex -2.750000e+01 -1.250000e+01 -4.000000e+00
   endloop
 endfacet
 facet normal -1.000000e+00  0.000000e+00  0.000000e+00
   outer loop
     vertex -2.750000e+01 -1.750000e+01  4.000000e+00
     vertex -2.750000e+01 -1.250000e+01 -2.500000e+00
     vertex -2.750000e+01 -1.750000e+01 -4.000000e+00
   endloop
 endfacet
 facet normal -1.000000e+00  0.000000e+00  0.000000e+00
   outer loop
     vertex -2.750000e+01 -1.750000e+01  4.000000e+00
     vertex -2.750000e+01  1.750000e+01  4.000000e+00
     vertex -2.750000e+01  1.250000e+01 -2.500000e+00
   endloop
 endfacet
 facet normal -1.000000e+00  0.000000e+00  0.000000e+00
   outer loop
     vertex -2.750000e+01 -1.750000e+01  4.000000e+00
     vertex -2.750000e+01  1.250000e+01 -2.500000e+00
     vertex -2.750000e+01 -1.250000e+01 -2.500000e+00
   endloop
 endfacet
 facet normal  0.000000e+00 -1.000000e+00 -0.000000e+00
   outer loop
     vertex -2.250000e+01 -1.750000e+01 -2.500000e+00
     vertex -2.750000e+01 -1.750000e+01 -4.000000e+00
     vertex -2.250000e+01 -1.750000e+01 -4.000000e+00
   endloop
 endfacet
 facet normal  0.000000e+00 -1.000000e+00  0.000000e+00
   outer loop
     vertex -2.750000e+01 -1.750000e+01  4.000000e+00
     vertex -2.750000e+01 -1.750000e+01 -4.000000e+00
     vertex -2.250000e+01 -1.750000e+01 -2.500000e+00
   endloop
 endfacet
 facet normal  0.000000e+00 -1.000000e+00 -0.000000e+00
   outer loop
     vertex  2.250000e+01 -1.750000e+01 -2.500000e+00
     vertex -2.250000e+01 -1.750000e+01 -4.000000e+00
     vertex  2.250000e+01 -1.750000e+01 -4.000000e+00
   endloop
 endfacet
 facet normal -0.000000e+00 -1.000000e+00  0.000000e+00
   outer loop
     vertex  2.250000e+01 -1.750000e+01 -2.500000e+00
     vertex -2.250000e+01 -1.750000e+01 -2.500000e+00
     vertex -2.250000e+01 -1.750000e+01 -4.000000e+00
   endloop
 endfacet
 facet normal  0.000000e+00 -1.000000e+00  0.000000e+00
   outer loop
     vertex  2.750000e+01 -1.750000e+01 -4.000000e+00
     vertex  2.250000e+01 -1.750000e+01 -2.500000e+00
     vertex  2.250000e+01 -1.750000e+01 -4.000000e+00
   endloop
 endfacet
 facet normal  0.000000e+00 -1.000000e+00 -0.000000e+00
   outer loop
     vertex  2.750000e+01 -1.750000e+01  4.000000e+00
     vertex  2.250000e+01 -1.750000e+01 -2.500000e+00
     vertex  2.750000e+01 -1.750000e+01 -4.000000e+00
   endloop
 endfacet
 facet normal -0.000000e+00 -1.000000e+00  0.000000e+00
   outer loop
     vertex  2.750000e+01 -1.750000e+01  4.000000e+00
     vertex -2.750000e+01 -1.750000e+01  4.000000e+00
     vertex -2.250000e+01 -1.750000e+01 -2.500000e+00
   endloop
 endfacet
 facet normal  0.000000e+00 -1.000000e+00  0.000000e+00
   outer loop
     vertex  2.750000e+01 -1.750000e+01  4.000000e+00
     vertex -2.250000e+01 -1.750000e+01 -2.500000e+00
     vertex  2.250000e+01 -1.750000e+01 -2.500000e+00
   endloop
 endfacet
 facet normal  0.000000e+00  0.000000e+00  1.000000e+00
   outer loop
     vertex -1.018910e+01 -1.100828e+01  4.000000e+00
     vertex -1.074228e+01 -1.046916e+01  4.000000e+00
     vertex -2.750000e+01 -1.750000e+01  4.000000e+00
   endloop
 endfacet
 facet normal  0.000000e+00  0.000000e+00  1.000000e+00
   outer loop
     vertex -1.126698e+01 -9.902282e+00  4.000000e+00
     vertex -2.750000e+01 -1.750000e+01  4.000000e+00
     vertex -1.074228e+01 -1.046916e+01  4.000000e+00
   endloop
 endfacet
 facet normal  0.000000e+00  0.000000e+00  1.000000e+00
   outer loop
     vertex -9.608898e+00 -1.151821e+01  4.000000e+00
     vertex -1.018910e+01 -1.100828e+01  4.000000e+00
     vertex -2.750000e+01 -1.750000e+01  4.000000e+00
   endloop
 endfacet
 facet normal  0.000000e+00  0.000000e+00  1.000000e+00
   outer loop
     vertex -1.176180e+01 -9.309142e+00  4.000000e+00
     vertex -2.750000e+01 -1.750000e+01  4.000000e+00
     vertex -1.126698e+01 -9.902282e+00  4.000000e+00
   endloop
 endfacet
 facet normal  0.000000e+00  0.000000e+00  1.000000e+00
   outer loop
     vertex -9.003214e+00 -1.199759e+01  4.000000e+00
     vertex -9.608898e+00 -1.151821e+01  4.000000e+00
     vertex -2.750000e+01 -1.750000e+01  4.000000e+00
   endloop
 endfacet
 facet normal  0.000000e+00  0.000000e+00  1.000000e+00
   outer loop
     vertex -1.222543e+01 -8.691316e+00  4.000000e+00
     vertex -2.750000e+01 -1.750000e+01  4.000000e+00
     vertex -1.176180e+01 -9.309142e+00  4.000000e+00
   endloop
 endfacet
 facet normal  0.000000e+00  0.000000e+00  1.000000e+00
   outer loop
     vertex -8.373656e+00 -1.244516e+01  4.000000e+00
     vertex -9.003214e+00 -1.199759e+01  4.000000e+00
     vertex -2.750000e+01 -1.750000e+01  4.000000e+00
   endloop
 endfacet
 facet normal  0.000000e+00  0.000000e+00  1.000000e+00
   outer loop
     vertex -1.265663e+01 -8.050443e+00  4.000000e+00
     vertex -2.750000e+01 -1.750000e+01  4.000000e+00
     vertex -1.222543e+01 -8.691316e+00  4.000000e+00
   endloop
 endfacet
 facet normal  0.000000e+00  0.000000e+00  1.000000e+00
   outer loop
     vertex -7.721892e+00 -1.285972e+01  4.000000e+00
     vertex -8.373656e+00 -1.244516e+01  4.000000e+00
     vertex -2.750000e+01 -1.750000e+01  4.000000e+00
   endloop
 endfacet
 facet normal  0.000000e+00  0.000000e+00  1.000000e+00
   outer loop
     vertex -1.305428e+01 -7.388221e+00  4.000000e+00
     vertex -2.750000e+01 -1.750000e+01  4.000000e+00
     vertex -1.265663e+01 -8.050443e+00  4.000000e+00
   endloop
 endfacet
 facet normal  0.000000e+00  0.000000e+00  1.000000e+00
   outer loop
     vertex -7.049651e+00 -1.324018e+01  4.000000e+00
     vertex -7.721892e+00 -1.285972e+01  4.000000e+00
     vertex -2.750000e+01 -1.750000e+01  4.000000e+00
   endloop
 endfacet
 facet normal  0.000000e+00  0.000000e+00  1.000000e+00
   outer loop
     vertex -1.341731e+01 -6.706407e+00  4.000000e+00
     vertex -2.750000e+01 -1.750000e+01  4.000000e+00
     vertex -1.305428e+01 -7.388221e+00  4.000000e+00
   endloop
 endfacet
 facet normal  0.000000e+00  0.000000e+00  1.000000e+00
   outer loop
     vertex -6.358716e+00 -1.358553e+01  4.000000e+00
     vertex -7.049651e+00 -1.324018e+01  4.000000e+00
     vertex -2.750000e+01 -1.750000e+01  4.000000e+00
   endloop
 endfacet
 facet normal  0.000000e+00  0.000000e+00  1.000000e+00
   outer loop
     vertex -1.374475e+01 -6.006809e+00  4.000000e+00
     vertex -2.750000e+01 -1.750000e+01  4.000000e+00
     vertex -1.341731e+01 -6.706407e+00  4.000000e+00
   endloop
 endfacet
 facet normal  0.000000e+00  0.000000e+00  1.000000e+00
   outer loop
     vertex -5.650918e+00 -1.389486e+01  4.000000e+00
     vertex -6.358716e+00 -1.358553e+01  4.000000e+00
     vertex -2.750000e+01 -1.750000e+01  4.000000e+00
   endloop
 endfacet
 facet normal  0.000000e+00  0.000000e+00  1.000000e+00
   outer loop
     vertex -1.403575e+01 -5.291281e+00  4.000000e+00
     vertex -2.750000e+01 -1.750000e+01  4.000000e+00
     vertex -1.374475e+01 -6.006809e+00  4.000000e+00
   endloop
 endfacet
 facet normal  0.000000e+00  0.000000e+00  1.000000e+00
   outer loop
     vertex -4.928136e+00 -1.416734e+01  4.000000e+00
     vertex -5.650918e+00 -1.389486e+01  4.000000e+00
     vertex -2.750000e+01 -1.750000e+01  4.000000e+00
   endloop
 endfacet
 facet normal  0.000000e+00  0.000000e+00  1.000000e+00
   outer loop
     vertex -1.428953e+01 -4.561722e+00  4.000000e+00
     vertex -2.750000e+01 -1.750000e+01  4.000000e+00
     vertex -1.403575e+01 -5.291281e+00  4.000000e+00
   endloop
 endfacet
 facet normal  0.000000e+00  0.000000e+00  1.000000e+00
   outer loop
     vertex -4.192285e+00 -1.440225e+01  4.000000e+00
     vertex -4.928136e+00 -1.416734e+01  4.000000e+00
     vertex -2.750000e+01 -1.750000e+01  4.000000e+00
   endloop
 endfacet
 facet normal  0.000000e+00  0.000000e+00  1.000000e+00
   outer loop
     vertex -1.450542e+01 -3.820067e+00  4.000000e+00
     vertex -2.750000e+01 -1.750000e+01  4.000000e+00
     vertex -1.428953e+01 -4.561722e+00  4.000000e+00
   endloop
 endfacet
 facet normal  0.000000e+00  0.000000e+00  1.000000e+00
   outer loop
     vertex -3.445316e+00 -1.459897e+01  4.000000e+00
     vertex -4.192285e+00 -1.440225e+01  4.000000e+00
     vertex -2.750000e+01 -1.750000e+01  4.000000e+00
   endloop
 endfacet
 facet normal  0.000000e+00  0.000000e+00  1.000000e+00
   outer loop
     vertex -1.468284e+01 -3.068281e+00  4.000000e+00
     vertex -2.750000e+01 -1.750000e+01  4.000000e+00
     vertex -1.450542e+01 -3.820067e+00  4.000000e+00
   endloop
 endfacet
 facet normal  0.000000e+00  0.000000e+00  1.000000e+00
   outer loop
     vertex -2.689211e+00 -1.475697e+01  4.000000e+00
     vertex -3.445316e+00 -1.459897e+01  4.000000e+00
     vertex -2.750000e+01 -1.750000e+01  4.000000e+00
   endloop
 endfacet
 facet normal  0.000000e+00  0.000000e+00  1.000000e+00
   outer loop
     vertex -1.482132e+01 -2.308359e+00  4.000000e+00
     vertex -2.750000e+01 -1.750000e+01  4.000000e+00
     vertex -1.468284e+01 -3.068281e+00  4.000000e+00
   endloop
 endfacet
 facet normal  0.000000e+00  0.000000e+00  1.000000e+00
   outer loop
     vertex -1.925975e+00 -1.487584e+01  4.000000e+00
     vertex -2.689211e+00 -1.475697e+01  4.000000e+00
     vertex -2.750000e+01 -1.750000e+01  4.000000e+00
   endloop
 endfacet
 facet normal  0.000000e+00  0.000000e+00  1.000000e+00
   outer loop
     vertex -1.492050e+01 -1.542315e+00  4.000000e+00
     vertex -2.750000e+01 -1.750000e+01  4.000000e+00
     vertex -1.482132e+01 -2.308359e+00  4.000000e+00
   endloop
 endfacet
 facet normal  0.000000e+00  0.000000e+00  1.000000e+00
   outer loop
     vertex -1.157632e+00 -1.495526e+01  4.000000e+00
     vertex -1.925975e+00 -1.487584e+01  4.000000e+00
     vertex -2.750000e+01 -1.750000e+01  4.000000e+00
   endloop
 endfacet
 facet normal  0.000000e+00  0.000000e+00  1.000000e+00
   outer loop
     vertex -1.498011e+01 -7.721813e-01  4.000000e+00
     vertex -2.750000e+01 -1.750000e+01  4.000000e+00
     vertex -1.492050e+01 -1.542315e+00  4.000000e+00
   endloop
 endfacet
 facet normal  0.000000e+00  0.000000e+00  1.000000e+00
   outer loop
     vertex -3.862187e-01 -1.499503e+01  4.000000e+00
     vertex -1.157632e+00 -1.495526e+01  4.000000e+00
     vertex -2.750000e+01 -1.750000e+01  4.000000e+00
   endloop
 endfacet
 facet normal  0.000000e+00  0.000000e+00  1.000000e+00
   outer loop
     vertex -1.500000e+01 -3.813106e-14  4.000000e+00
     vertex -2.750000e+01 -1.750000e+01  4.000000e+00
     vertex -1.498011e+01 -7.721813e-01  4.000000e+00
   endloop
 endfacet
 facet normal  0.000000e+00  0.000000e+00  1.000000e+00
   outer loop
     vertex  3.862187e-01 -1.499503e+01  4.000000e+00
     vertex -3.862187e-01 -1.499503e+01  4.000000e+00
     vertex -2.750000e+01 -1.750000e+01  4.000000e+00
   endloop
 endfacet
 facet normal  0.000000e+00  0.000000e+00  1.000000e+00
   outer loop
     vertex -2.750000e+01  1.750000e+01  4.000000e+00
     vertex -2.750000e+01 -1.750000e+01  4.000000e+00
     vertex -1.500000e+01 -3.813106e-14  4.000000e+00
   endloop
 endfacet
 facet normal  0.000000e+00  0.000000e+00  1.000000e+00
   outer loop
     vertex -2.750000e+01  1.750000e+01  4.000000e+00
     vertex -1.468284e+01  3.068281e+00  4.000000e+00
     vertex -1.450542e+01  3.820067e+00  4.000000e+00
   endloop
 endfacet
 facet normal  0.000000e+00  0.000000e+00  1.000000e+00
   outer loop
     vertex -2.750000e+01  1.750000e+01  4.000000e+00
     vertex -1.482132e+01  2.308359e+00  4.000000e+00
     vertex -1.468284e+01  3.068281e+00  4.000000e+00
   endloop
 endfacet
 facet normal  0.000000e+00  0.000000e+00  1.000000e+00
   outer loop
     vertex -2.750000e+01  1.750000e+01  4.000000e+00
     vertex -1.492050e+01  1.542315e+00  4.000000e+00
     vertex -1.482132e+01  2.308359e+00  4.000000e+00
   endloop
 endfacet
 facet normal  0.000000e+00  0.000000e+00  1.000000e+00
   outer loop
     vertex -2.750000e+01  1.750000e+01  4.000000e+00
     vertex -1.498011e+01  7.721813e-01  4.000000e+00
     vertex -1.492050e+01  1.542315e+00  4.000000e+00
   endloop
 endfacet
 facet normal  0.000000e+00  0.000000e+00  1.000000e+00
   outer loop
     vertex -2.750000e+01  1.750000e+01  4.000000e+00
     vertex -1.500000e+01 -3.813106e-14  4.000000e+00
     vertex -1.498011e+01  7.721813e-01  4.000000e+00
   endloop
 endfacet
 facet normal  0.000000e+00  0.000000e+00  1.000000e+00
   outer loop
     vertex -1.428953e+01  4.561722e+00  4.000000e+00
     vertex -2.750000e+01  1.750000e+01  4.000000e+00
     vertex -1.450542e+01  3.820067e+00  4.000000e+00
   endloop
 endfacet
 facet normal  0.000000e+00  0.000000e+00  1.000000e+00
   outer loop
     vertex -1.403575e+01  5.291281e+00  4.000000e+00
     vertex -2.750000e+01  1.750000e+01  4.000000e+00
     vertex -1.428953e+01  4.561722e+00  4.000000e+00
   endloop
 endfacet
 facet normal  0.000000e+00  0.000000e+00  1.000000e+00
   outer loop
     vertex -1.374475e+01  6.006809e+00  4.000000e+00
     vertex -2.750000e+01  1.750000e+01  4.000000e+00
     vertex -1.403575e+01  5.291281e+00  4.000000e+00
   endloop
 endfacet
 facet normal  0.000000e+00  0.000000e+00  1.000000e+00
   outer loop
     vertex -1.341731e+01  6.706407e+00  4.000000e+00
     vertex -2.750000e+01  1.750000e+01  4.000000e+00
     vertex -1.374475e+01  6.006809e+00  4.000000e+00
   endloop
 endfacet
 facet normal  0.000000e+00  0.000000e+00  1.000000e+00
   outer loop
     vertex -1.305428e+01  7.388221e+00  4.000000e+00
     vertex -2.750000e+01  1.750000e+01  4.000000e+00
     vertex -1.341731e+01  6.706407e+00  4.000000e+00
   endloop
 endfacet
 facet normal  0.000000e+00  0.000000e+00  1.000000e+00
   outer loop
     vertex -1.265663e+01  8.050443e+00  4.000000e+00
     vertex -2.750000e+01  1.750000e+01  4.000000e+00
     vertex -1.305428e+01  7.388221e+00  4.000000e+00
   endloop
 endfacet
 facet normal  0.000000e+00  0.000000e+00  1.000000e+00
   outer loop
     vertex -1.222543e+01  8.691316e+00  4.000000e+00
     vertex -2.750000e+01  1.750000e+01  4.000000e+00
     vertex -1.265663e+01  8.050443e+00  4.000000e+00
   endloop
 endfacet
 facet normal  0.000000e+00  0.000000e+00  1.000000e+00
   outer loop
     vertex -1.176180e+01  9.309142e+00  4.000000e+00
     vertex -2.750000e+01  1.750000e+01  4.000000e+00
     vertex -1.222543e+01  8.691316e+00  4.000000e+00
   endloop
 endfacet
 facet normal  0.000000e+00  0.000000e+00  1.000000e+00
   outer loop
     vertex -1.126698e+01  9.902282e+00  4.000000e+00
     vertex -2.750000e+01  1.750000e+01  4.000000e+00
     vertex -1.176180e+01  9.309142e+00  4.000000e+00
   endloop
 endfacet
 facet normal  0.000000e+00  0.000000e+00  1.000000e+00
   outer loop
     vertex -1.074228e+01  1.046916e+01  4.000000e+00
     vertex -2.750000e+01  1.750000e+01  4.000000e+00
     vertex -1.126698e+01  9.902282e+00  4.000000e+00
   endloop
 endfacet
 facet normal  0.000000e+00  0.000000e+00  1.000000e+00
   outer loop
     vertex -1.018910e+01  1.100828e+01  4.000000e+00
     vertex -2.750000e+01  1.750000e+01  4.000000e+00
     vertex -1.074228e+01  1.046916e+01  4.000000e+00
   endloop
 endfacet
 facet normal  0.000000e+00  0.000000e+00  1.000000e+00
   outer loop
     vertex -9.608898e+00  1.151821e+01  4.000000e+00
     vertex -2.750000e+01  1.750000e+01  4.000000e+00
     vertex -1.018910e+01  1.100828e+01  4.000000e+00
   endloop
 endfacet
 facet normal  0.000000e+00  0.000000e+00  1.000000e+00
   outer loop
     vertex -9.003214e+00  1.199759e+01  4.000000e+00
     vertex -2.750000e+01  1.750000e+01  4.000000e+00
     vertex -9.608898e+00  1.151821e+01  4.000000e+00
   endloop
 endfacet
 facet normal  0.000000e+00  0.000000e+00  1.000000e+00
   outer loop
     vertex -8.373656e+00  1.244516e+01  4.000000e+00
     vertex -2.750000e+01  1.750000e+01  4.000000e+00
     vertex -9.003214e+00  1.199759e+01  4.000000e+00
   endloop
 endfacet
 facet normal  0.000000e+00  0.000000e+00  1.000000e+00
   outer loop
     vertex -7.721892e+00  1.285972e+01  4.000000e+00
     vertex -2.750000e+01  1.750000e+01  4.000000e+00
     vertex -8.373656e+00  1.244516e+01  4.000000e+00
   endloop
 endfacet
 facet normal  0.000000e+00  0.000000e+00  1.000000e+00
   outer loop
     vertex -7.049651e+00  1.324018e+01  4.000000e+00
     vertex -2.750000e+01  1.750000e+01  4.000000e+00
     vertex -7.721892e+00  1.285972e+01  4.000000e+00
   endloop
 endfacet
 facet normal  0.000000e+00  0.000000e+00  1.000000e+00
   outer loop
     vertex -6.358716e+00  1.358553e+01  4.000000e+00
     vertex -2.750000e+01  1.750000e+01  4.000000e+00
     vertex -7.049651e+00  1.324018e+01  4.000000e+00
   endloop
 endfacet
 facet normal  0.000000e+00  0.000000e+00  1.000000e+00
   outer loop
     vertex -5.650918e+00  1.389486e+01  4.000000e+00
     vertex -2.750000e+01  1.750000e+01  4.000000e+00
     vertex -6.358716e+00  1.358553e+01  4.000000e+00
   endloop
 endfacet
 facet normal  0.000000e+00  0.000000e+00  1.000000e+00
   outer loop
     vertex -4.928136e+00  1.416734e+01  4.000000e+00
     vertex -2.750000e+01  1.750000e+01  4.000000e+00
     vertex -5.650918e+00  1.389486e+01  4.000000e+00
   endloop
 endfacet
 facet normal  0.000000e+00  0.000000e+00  1.000000e+00
   outer loop
     vertex  2.750000e+01 -1.750000e+01  4.000000e+00
     vertex  4.192285e+00 -1.440225e+01  4.000000e+00
     vertex  3.445316e+00 -1.459897e+01  4.000000e+00
   endloop
 endfacet
 facet normal  0.000000e+00  0.000000e+00  1.000000e+00
   outer loop
     vertex  2.750000e+01 -1.750000e+01  4.000000e+00
     vertex  4.928136e+00 -1.416734e+01  4.000000e+00
     vertex  4.192285e+00 -1.440225e+01  4.000000e+00
   endloop
 endfacet
 facet normal  0.000000e+00  0.000000e+00  1.000000e+00
   outer loop
     vertex  2.750000e+01 -1.750000e+01  4.000000e+00
     vertex  5.650918e+00 -1.389486e+01  4.000000e+00
     vertex  4.928136e+00 -1.416734e+01  4.000000e+00
   endloop
 endfacet
 facet normal  0.000000e+00  0.000000e+00  1.000000e+00
   outer loop
     vertex  2.750000e+01 -1.750000e+01  4.000000e+00
     vertex  6.358716e+00 -1.358553e+01  4.000000e+00
     vertex  5.650918e+00 -1.389486e+01  4.000000e+00
   endloop
 endfacet
 facet normal  0.000000e+00  0.000000e+00  1.000000e+00
   outer loop
     vertex  2.750000e+01 -1.750000e+01  4.000000e+00
     vertex  7.049651e+00 -1.324018e+01  4.000000e+00
     vertex  6.358716e+00 -1.358553e+01  4.000000e+00
   endloop
 endfacet
 facet normal  0.000000e+00  0.000000e+00  1.000000e+00
   outer loop
     vertex  2.750000e+01 -1.750000e+01  4.000000e+00
     vertex  7.721892e+00 -1.285972e+01  4.000000e+00
     vertex  7.049651e+00 -1.324018e+01  4.000000e+00
   endloop
 endfacet
 facet normal  0.000000e+00  0.000000e+00  1.000000e+00
   outer loop
     vertex  2.750000e+01 -1.750000e+01  4.000000e+00
     vertex  8.373656e+00 -1.244516e+01  4.000000e+00
     vertex  7.721892e+00 -1.285972e+01  4.000000e+00
   endloop
 endfacet
 facet normal  0.000000e+00  0.000000e+00  1.000000e+00
   outer loop
     vertex  2.750000e+01 -1.750000e+01  4.000000e+00
     vertex  9.003214e+00 -1.199759e+01  4.000000e+00
     vertex  8.373656e+00 -1.244516e+01  4.000000e+00
   endloop
 endfacet
 facet normal  0.000000e+00  0.000000e+00  1.000000e+00
   outer loop
     vertex  2.750000e+01 -1.750000e+01  4.000000e+00
     vertex  9.608898e+00 -1.151821e+01  4.000000e+00
     vertex  9.003214e+00 -1.199759e+01  4.000000e+00
   endloop
 endfacet
 facet normal  0.000000e+00  0.000000e+00  1.000000e+00
   outer loop
     vertex  2.750000e+01 -1.750000e+01  4.000000e+00
     vertex  1.018910e+01 -1.100828e+01  4.000000e+00
     vertex  9.608898e+00 -1.151821e+01  4.000000e+00
   endloop
 endfacet
 facet normal  0.000000e+00  0.000000e+00  1.000000e+00
   outer loop
     vertex  2.750000e+01 -1.750000e+01  4.000000e+00
     vertex  1.074228e+01 -1.046916e+01  4.000000e+00
     vertex  1.018910e+01 -1.100828e+01  4.000000e+00
   endloop
 endfacet
 facet normal  0.000000e+00  0.000000e+00  1.000000e+00
   outer loop
     vertex  2.750000e+01 -1.750000e+01  4.000000e+00
     vertex  1.126698e+01 -9.902282e+00  4.000000e+00
     vertex  1.074228e+01 -1.046916e+01  4.000000e+00
   endloop
 endfacet
 facet normal  0.000000e+00  0.000000e+00  1.000000e+00
   outer loop
     vertex  2.750000e+01 -1.750000e+01  4.000000e+00
     vertex  1.176180e+01 -9.309142e+00  4.000000e+00
     vertex  1.126698e+01 -9.902282e+00  4.000000e+00
   endloop
 endfacet
 facet normal  0.000000e+00  0.000000e+00  1.000000e+00
   outer loop
     vertex  2.750000e+01 -1.750000e+01  4.000000e+00
     vertex  1.222543e+01 -8.691316e+00  4.000000e+00
     vertex  1.176180e+01 -9.309142e+00  4.000000e+00
   endloop
 endfacet
 facet normal  0.000000e+00  0.000000e+00  1.000000e+00
   outer loop
     vertex  2.750000e+01 -1.750000e+01  4.000000e+00
     vertex  1.265663e+01 -8.050443e+00  4.000000e+00
     vertex  1.222543e+01 -8.691316e+00  4.000000e+00
   endloop
 endfacet
 facet normal  0.000000e+00  0.000000e+00  1.000000e+00
   outer loop
     vertex  2.750000e+01 -1.750000e+01  4.000000e+00
     vertex  1.305428e+01 -7.388221e+00  4.000000e+00
     vertex  1.265663e+01 -8.050443e+00  4.000000e+00
   endloop
 endfacet
 facet normal  0.000000e+00  0.000000e+00  1.000000e+00
   outer loop
     vertex  2.750000e+01 -1.750000e+01  4.000000e+00
     vertex  1.341731e+01 -6.706407e+00  4.000000e+00
     vertex  1.305428e+01 -7.388221e+00  4.000000e+00
   endloop
 endfacet
 facet normal  0.000000e+00  0.000000e+00  1.000000e+00
   outer loop
     vertex  2.750000e+01 -1.750000e+01  4.000000e+00
     vertex  1.374475e+01 -6.006809e+00  4.000000e+00
     vertex  1.341731e+01 -6.706407e+00  4.000000e+00
   endloop
 endfacet
 facet normal  0.000000e+00  0.000000e+00  1.000000e+00
   outer loop
     vertex  2.750000e+01 -1.750000e+01  4.000000e+00
     vertex  1.403575e+01 -5.291281e+00  4.000000e+00
     vertex  1.374475e+01 -6.006809e+00  4.000000e+00
   endloop
 endfacet
 facet normal  0.000000e+00  0.000000e+00  1.000000e+00
   outer loop
     vertex  2.750000e+01 -1.750000e+01  4.000000e+00
     vertex  1.428953e+01 -4.561722e+00  4.000000e+00
     vertex  1.403575e+01 -5.291281e+00  4.000000e+00
   endloop
 endfacet
 facet normal  0.000000e+00  0.000000e+00  1.000000e+00
   outer loop
     vertex  2.750000e+01 -1.750000e+01  4.000000e+00
     vertex  3.862187e-01 -1.499503e+01  4.000000e+00
     vertex -2.750000e+01 -1.750000e+01  4.000000e+00
   endloop
 endfacet
 facet normal  0.000000e+00  0.000000e+00  1.000000e+00
   outer loop
     vertex  2.750000e+01 -1.750000e+01  4.000000e+00
     vertex  1.157632e+00 -1.495526e+01  4.000000e+00
     vertex  3.862187e-01 -1.499503e+01  4.000000e+00
   endloop
 endfacet
 facet normal  0.000000e+00  0.000000e+00  1.000000e+00
   outer loop
     vertex  2.750000e+01 -1.750000e+01  4.000000e+00
     vertex  1.925975e+00 -1.487584e+01  4.000000e+00
     vertex  1.157632e+00 -1.495526e+01  4.000000e+00
   endloop
 endfacet
 facet normal  0.000000e+00  0.000000e+00  1.000000e+00
   outer loop
     vertex  2.750000e+01 -1.750000e+01  4.000000e+00
     vertex  2.689211e+00 -1.475697e+01  4.000000e+00
     vertex  1.925975e+00 -1.487584e+01  4.000000e+00
   endloop
 endfacet
 facet normal  0.000000e+00  0.000000e+00  1.000000e+00
   outer loop
     vertex  2.750000e+01 -1.750000e+01  4.000000e+00
     vertex  3.445316e+00 -1.459897e+01  4.000000e+00
     vertex  2.689211e+00 -1.475697e+01  4.000000e+00
   endloop
 endfacet
 facet normal  0.000000e+00  0.000000e+00  1.000000e+00
   outer loop
     vertex -4.192285e+00  1.440225e+01  4.000000e+00
     vertex -2.750000e+01  1.750000e+01  4.000000e+00
     vertex -4.928136e+00  1.416734e+01  4.000000e+00
   endloop
 endfacet
 facet normal  0.000000e+00  0.000000e+00  1.000000e+00
   outer loop
     vertex  1.450542e+01 -3.820067e+00  4.000000e+00
     vertex  1.428953e+01 -4.561722e+00  4.000000e+00
     vertex  2.750000e+01 -1.750000e+01  4.000000e+00
   endloop
 endfacet
 facet normal  0.000000e+00  0.000000e+00  1.000000e+00
   outer loop
     vertex  1.468284e+01 -3.068281e+00  4.000000e+00
     vertex  1.450542e+01 -3.820067e+00  4.000000e+00
     vertex  2.750000e+01 -1.750000e+01  4.000000e+00
   endloop
 endfacet
 facet normal  0.000000e+00  0.000000e+00  1.000000e+00
   outer loop
     vertex  1.482132e+01 -2.308359e+00  4.000000e+00
     vertex  1.468284e+01 -3.068281e+00  4.000000e+00
     vertex  2.750000e+01 -1.750000e+01  4.000000e+00
   endloop
 endfacet
 facet normal  0.000000e+00  0.000000e+00  1.000000e+00
   outer loop
     vertex  1.492050e+01 -1.542315e+00  4.000000e+00
     vertex  1.482132e+01 -2.308359e+00  4.000000e+00
     vertex  2.750000e+01 -1.750000e+01  4.000000e+00
   endloop
 endfacet
 facet normal  0.000000e+00  0.000000e+00  1.000000e+00
   outer loop
     vertex  1.498011e+01 -7.721813e-01  4.000000e+00
     vertex  1.492050e+01 -1.542315e+00  4.000000e+00
     vertex  2.750000e+01 -1.750000e+01  4.000000e+00
   endloop
 endfacet
 facet normal  0.000000e+00  0.000000e+00  1.000000e+00
   outer loop
     vertex  1.500000e+01 -3.673940e-15  4.000000e+00
     vertex  1.498011e+01 -7.721813e-01  4.000000e+00
     vertex  2.750000e+01 -1.750000e+01  4.000000e+00
   endloop
 endfacet
 facet normal  0.000000e+00  0.000000e+00  1.000000e+00
   outer loop
     vertex  2.750000e+01  1.750000e+01  4.000000e+00
     vertex  1.498011e+01  7.721813e-01  4.000000e+00
     vertex  1.500000e+01 -3.673940e-15  4.000000e+00
   endloop
 endfacet
 facet normal  0.000000e+00  0.000000e+00  1.000000e+00
   outer loop
     vertex  2.750000e+01  1.750000e+01  4.000000e+00
     vertex  1.492050e+01  1.542315e+00  4.000000e+00
     vertex  1.498011e+01  7.721813e-01  4.000000e+00
   endloop
 endfacet
 facet normal  0.000000e+00  0.000000e+00  1.000000e+00
   outer loop
     vertex  2.750000e+01  1.750000e+01  4.000000e+00
     vertex  1.482132e+01  2.308359e+00  4.000000e+00
     vertex  1.492050e+01  1.542315e+00  4.000000e+00
   endloop
 endfacet
 facet normal  0.000000e+00  0.000000e+00  1.000000e+00
   outer loop
     vertex  2.750000e+01  1.750000e+01  4.000000e+00
     vertex  1.468284e+01  3.068281e+00  4.000000e+00
     vertex  1.482132e+01  2.308359e+00  4.000000e+00
   endloop
 endfacet
 facet normal  0.000000e+00  0.000000e+00  1.000000e+00
   outer loop
     vertex  2.750000e+01  1.750000e+01  4.000000e+00
     vertex  1.450542e+01  3.820067e+00  4.000000e+00
     vertex  1.468284e+01  3.068281e+00  4.000000e+00
   endloop
 endfacet
 facet normal  0.000000e+00  0.000000e+00  1.000000e+00
   outer loop
     vertex  2.750000e+01  1.750000e+01  4.000000e+00
     vertex  1.428953e+01  4.561722e+00  4.000000e+00
     vertex  1.450542e+01  3.820067e+00  4.000000e+00
   endloop
 endfacet
 facet normal  0.000000e+00  0.000000e+00  1.000000e+00
   outer loop
     vertex  2.750000e+01  1.750000e+01  4.000000e+00
     vertex  1.403575e+01  5.291281e+00  4.000000e+00
     vertex  1.428953e+01  4.561722e+00  4.000000e+00
   endloop
 endfacet
 facet normal  0.000000e+00  0.000000e+00  1.000000e+00
   outer loop
     vertex  2.750000e+01  1.750000e+01  4.000000e+00
     vertex  1.374475e+01  6.006809e+00  4.000000e+00
     vertex  1.403575e+01  5.291281e+00  4.000000e+00
   endloop
 endfacet
 facet normal  0.000000e+00  0.000000e+00  1.000000e+00
   outer loop
     vertex  2.750000e+01  1.750000e+01  4.000000e+00
     vertex  1.341731e+01  6.706407e+00  4.000000e+00
     vertex  1.374475e+01  6.006809e+00  4.000000e+00
   endloop
 endfacet
 facet normal  0.000000e+00  0.000000e+00  1.000000e+00
   outer loop
     vertex  2.750000e+01  1.750000e+01  4.000000e+00
     vertex  1.305428e+01  7.388221e+00  4.000000e+00
     vertex  1.341731e+01  6.706407e+00  4.000000e+00
   endloop
 endfacet
 facet normal  0.000000e+00  0.000000e+00  1.000000e+00
   outer loop
     vertex  2.750000e+01  1.750000e+01  4.000000e+00
     vertex  1.265663e+01  8.050443e+00  4.000000e+00
     vertex  1.305428e+01  7.388221e+00  4.000000e+00
   endloop
 endfacet
 facet normal  0.000000e+00  0.000000e+00  1.000000e+00
   outer loop
     vertex  2.750000e+01  1.750000e+01  4.000000e+00
     vertex  1.222543e+01  8.691316e+00  4.000000e+00
     vertex  1.265663e+01  8.050443e+00  4.000000e+00
   endloop
 endfacet
 facet normal  0.000000e+00  0.000000e+00  1.000000e+00
   outer loop
     vertex  2.750000e+01  1.750000e+01  4.000000e+00
     vertex  1.176180e+01  9.309142e+00  4.000000e+00
     vertex  1.222543e+01  8.691316e+00  4.000000e+00
   endloop
 endfacet
 facet normal  0.000000e+00  0.000000e+00  1.000000e+00
   outer loop
     vertex  2.750000e+01  1.750000e+01  4.000000e+00
     vertex  1.500000e+01 -3.673940e-15  4.000000e+00
     vertex  2.750000e+01 -1.750000e+01  4.000000e+00
   endloop
 endfacet
 facet normal  0.000000e+00  0.000000e+00  1.000000e+00
   outer loop
     vertex  2.750000e+01  1.750000e+01  4.000000e+00
     vertex  1.126698e+01  9.902282e+00  4.000000e+00
     vertex  1.176180e+01  9.309142e+00  4.000000e+00
   endloop
 endfacet
 facet normal  0.000000e+00  0.000000e+00  1.000000e+00
   outer loop
     vertex  2.750000e+01  1.750000e+01  4.000000e+00
     vertex  1.074228e+01  1.046916e+01  4.000000e+00
     vertex  1.126698e+01  9.902282e+00  4.000000e+00
   endloop
 endfacet
 facet normal  0.000000e+00  0.000000e+00  1.000000e+00
   outer loop
     vertex  2.750000e+01  1.750000e+01  4.000000e+00
     vertex  1.018910e+01  1.100828e+01  4.000000e+00
     vertex  1.074228e+01  1.046916e+01  4.000000e+00
   endloop
 endfacet
 facet normal  0.000000e+00  0.000000e+00  1.000000e+00
   outer loop
     vertex  2.750000e+01  1.750000e+01  4.000000e+00
     vertex  9.608898e+00  1.151821e+01  4.000000e+00
     vertex  1.018910e+01  1.100828e+01  4.000000e+00
   endloop
 endfacet
 facet normal  0.000000e+00  0.000000e+00  1.000000e+00
   outer loop
     vertex  2.750000e+01  1.750000e+01  4.000000e+00
     vertex  9.003214e+00  1.199759e+01  4.000000e+00
     vertex  9.608898e+00  1.151821e+01  4.000000e+00
   endloop
 endfacet
 facet normal  0.000000e+00  0.000000e+00  1.000000e+00
   outer loop
     vertex  2.750000e+01  1.750000e+01  4.000000e+00
     vertex  8.373656e+00  1.244516e+01  4.000000e+00
     vertex  9.003214e+00  1.199759e+01  4.000000e+00
   endloop
 endfacet
 facet normal  0.000000e+00  0.000000e+00  1.000000e+00
   outer loop
     vertex  2.750000e+01  1.750000e+01  4.000000e+00
     vertex  7.721892e+00  1.285972e+01  4.000000e+00
     vertex  8.373656e+00  1.244516e+01  4.000000e+00
   endloop
 endfacet
 facet normal  0.000000e+00  0.000000e+00  1.000000e+00
   outer loop
     vertex  2.750000e+01  1.750000e+01  4.000000e+00
     vertex  7.049651e+00  1.324018e+01  4.000000e+00
     vertex  7.721892e+00  1.285972e+01  4.000000e+00
   endloop
 endfacet
 facet normal  0.000000e+00  0.000000e+00  1.000000e+00
   outer loop
     vertex  2.750000e+01  1.750000e+01  4.000000e+00
     vertex  6.358716e+00  1.358553e+01  4.000000e+00
     vertex  7.049651e+00  1.324018e+01  4.000000e+00
   endloop
 endfacet
 facet normal  0.000000e+00  0.000000e+00  1.000000e+00
   outer loop
     vertex  2.750000e+01  1.750000e+01  4.000000e+00
     vertex  5.650918e+00  1.389486e+01  4.000000e+00
     vertex  6.358716e+00  1.358553e+01  4.000000e+00
   endloop
 endfacet
 facet normal  0.000000e+00  0.000000e+00  1.000000e+00
   outer loop
     vertex  2.750000e+01  1.750000e+01  4.000000e+00
     vertex  4.928136e+00  1.416734e+01  4.000000e+00
     vertex  5.650918e+00  1.389486e+01  4.000000e+00
   endloop
 endfacet
 facet normal  0.000000e+00  0.000000e+00  1.000000e+00
   outer loop
     vertex  2.750000e+01  1.750000e+01  4.000000e+00
     vertex  4.192285e+00  1.440225e+01  4.000000e+00
     vertex  4.928136e+00  1.416734e+01  4.000000e+00
   endloop
 endfacet
 facet normal  0.000000e+00  0.000000e+00  1.000000e+00
   outer loop
     vertex  2.750000e+01  1.750000e+01  4.000000e+00
     vertex -2.750000e+01  1.750000e+01  4.000000e+00
     vertex  3.862187e-01  1.499503e+01  4.000000e+00
   endloop
 endfacet
 facet normal  0.000000e+00  0.000000e+00  1.000000e+00
   outer loop
     vertex  3.862187e-01  1.499503e+01  4.000000e+00
     vertex -2.750000e+01  1.750000e+01  4.000000e+00
     vertex -3.862187e-01  1.499503e+01  4.000000e+00
   endloop
 endfacet
 facet normal  0.000000e+00  0.000000e+00  1.000000e+00
   outer loop
     vertex -3.862187e-01  1.499503e+01  4.000000e+00
     vertex -2.750000e+01  1.750000e+01  4.000000e+00
     vertex -1.157632e+00  1.495526e+01  4.000000e+00
   endloop
 endfacet
 facet normal  0.000000e+00  0.000000e+00  1.000000e+00
   outer loop
     vertex -1.157632e+00  1.495526e+01  4.000000e+00
     vertex -2.750000e+01  1.750000e+01  4.000000e+00
     vertex -1.925975e+00  1.487584e+01  4.000000e+00
   endloop
 endfacet
 facet normal  0.000000e+00  0.000000e+00  1.000000e+00
   outer loop
     vertex -1.925975e+00  1.487584e+01  4.000000e+00
     vertex -2.750000e+01  1.750000e+01  4.000000e+00
     vertex -2.689211e+00  1.475697e+01  4.000000e+00
   endloop
 endfacet
 facet normal  0.000000e+00  0.000000e+00  1.000000e+00
   outer loop
     vertex -2.689211e+00  1.475697e+01  4.000000e+00
     vertex -2.750000e+01  1.750000e+01  4.000000e+00
     vertex -3.445316e+00  1.459897e+01  4.000000e+00
   endloop
 endfacet
 facet normal  0.000000e+00  0.000000e+00  1.000000e+00
   outer loop
     vertex -3.445316e+00  1.459897e+01  4.000000e+00
     vertex -2.750000e+01  1.750000e+01  4.000000e+00
     vertex -4.192285e+00  1.440225e+01  4.000000e+00
   endloop
 endfacet
 facet normal  0.000000e+00  0.000000e+00  1.000000e+00
   outer loop
     vertex  2.750000e+01  1.750000e+01  4.000000e+00
     vertex  3.862187e-01  1.499503e+01  4.000000e+00
     vertex  1.157632e+00  1.495526e+01  4.000000e+00
   endloop
 endfacet
 facet normal  0.000000e+00  0.000000e+00  1.000000e+00
   outer loop
     vertex  2.750000e+01  1.750000e+01  4.000000e+00
     vertex  1.157632e+00  1.495526e+01  4.000000e+00
     vertex  1.925975e+00  1.487584e+01  4.000000e+00
   endloop
 endfacet
 facet normal  0.000000e+00  0.000000e+00  1.000000e+00
   outer loop
     vertex  2.750000e+01  1.750000e+01  4.000000e+00
     vertex  1.925975e+00  1.487584e+01  4.000000e+00
     vertex  2.689211e+00  1.475697e+01  4.000000e+00
   endloop
 endfacet
 facet normal  0.000000e+00  0.000000e+00  1.000000e+00
   outer loop
     vertex  2.750000e+01  1.750000e+01  4.000000e+00
     vertex  2.689211e+00  1.475697e+01  4.000000e+00
     vertex  3.445316e+00  1.459897e+01  4.000000e+00
   endloop
 endfacet
 facet normal  0.000000e+00  0.000000e+00  1.000000e+00
   outer loop
     vertex  2.750000e+01  1.750000e+01  4.000000e+00
     vertex  3.445316e+00  1.459897e+01  4.000000e+00
     vertex  4.192285e+00  1.440225e+01  4.000000e+00
   endloop
 endfacet
 facet normal -0.000000e+00  0.000000e+00 -1.000000e+00
   outer loop
     vertex -2.571394e+01 -1.633022e+01 -4.000000e+00
     vertex -2.750000e+01 -1.750000e+01 -4.000000e+00
     vertex -2.603553e+01 -1.603553e+01 -4.000000e+00
   endloop
 endfacet
 facet normal  0.000000e+00 -0.000000e+00 -1.000000e+00
   outer loop
     vertex -2.633022e+01 -1.571394e+01 -4.000000e+00
     vertex -2.603553e+01 -1.603553e+01 -4.000000e+00
     vertex -2.750000e+01 -1.750000e+01 -4.000000e+00
   endloop
 endfacet
 facet normal -0.000000e+00  0.000000e+00 -1.000000e+00
   outer loop
     vertex -2.536788e+01 -1.659576e+01 -4.000000e+00
     vertex -2.750000e+01 -1.750000e+01 -4.000000e+00
     vertex -2.571394e+01 -1.633022e+01 -4.000000e+00
   endloop
 endfacet
 facet normal  0.000000e+00 -0.000000e+00 -1.000000e+00
   outer loop
     vertex -2.659576e+01 -1.536788e+01 -4.000000e+00
     vertex -2.633022e+01 -1.571394e+01 -4.000000e+00
     vertex -2.750000e+01 -1.750000e+01 -4.000000e+00
   endloop
 endfacet
 facet normal -0.000000e+00  0.000000e+00 -1.000000e+00
   outer loop
     vertex -2.500000e+01 -1.683013e+01 -4.000000e+00
     vertex -2.750000e+01 -1.750000e+01 -4.000000e+00
     vertex -2.536788e+01 -1.659576e+01 -4.000000e+00
   endloop
 endfacet
 facet normal  0.000000e+00 -0.000000e+00 -1.000000e+00
   outer loop
     vertex -2.683013e+01 -1.500000e+01 -4.000000e+00
     vertex -2.659576e+01 -1.536788e+01 -4.000000e+00
     vertex -2.750000e+01 -1.750000e+01 -4.000000e+00
   endloop
 endfacet
 facet normal -0.000000e+00  0.000000e+00 -1.000000e+00
   outer loop
     vertex -2.461309e+01 -1.703154e+01 -4.000000e+00
     vertex -2.750000e+01 -1.750000e+01 -4.000000e+00
     vertex -2.500000e+01 -1.683013e+01 -4.000000e+00
   endloop
 endfacet
 facet normal  0.000000e+00 -0.000000e+00 -1.000000e+00
   outer loop
     vertex -2.703154e+01 -1.461309e+01 -4.000000e+00
     vertex -2.683013e+01 -1.500000e+01 -4.000000e+00
     vertex -2.750000e+01 -1.750000e+01 -4.000000e+00
   endloop
 endfacet
 facet normal -0.000000e+00  0.000000e+00 -1.000000e+00
   outer loop
     vertex -2.421010e+01 -1.719846e+01 -4.000000e+00
     vertex -2.750000e+01 -1.750000e+01 -4.000000e+00
     vertex -2.461309e+01 -1.703154e+01 -4.000000e+00
   endloop
 endfacet
 facet normal  0.000000e+00 -0.000000e+00 -1.000000e+00
   outer loop
     vertex -2.719846e+01 -1.421010e+01 -4.000000e+00
     vertex -2.703154e+01 -1.461309e+01 -4.000000e+00
     vertex -2.750000e+01 -1.750000e+01 -4.000000e+00
   endloop
 endfacet
 facet normal -0.000000e+00  0.000000e+00 -1.000000e+00
   outer loop
     vertex -2.379410e+01 -1.732963e+01 -4.000000e+00
     vertex -2.750000e+01 -1.750000e+01 -4.000000e+00
     vertex -2.421010e+01 -1.719846e+01 -4.000000e+00
   endloop
 endfacet
 facet normal  0.000000e+00 -0.000000e+00 -1.000000e+00
   outer loop
     vertex -2.732963e+01 -1.379410e+01 -4.000000e+00
     vertex -2.719846e+01 -1.421010e+01 -4.000000e+00
     vertex -2.750000e+01 -1.750000e+01 -4.000000e+00
   endloop
 endfacet
 facet normal -0.000000e+00  0.000000e+00 -1.000000e+00
   outer loop
     vertex -2.336824e+01 -1.742404e+01 -4.000000e+00
     vertex -2.750000e+01 -1.750000e+01 -4.000000e+00
     vertex -2.379410e+01 -1.732963e+01 -4.000000e+00
   endloop
 endfacet
 facet normal -0.000000e+00  0.000000e+00 -1.000000e+00
   outer loop
     vertex -2.293578e+01 -1.748097e+01 -4.000000e+00
     vertex -2.750000e+01 -1.750000e+01 -4.000000e+00
     vertex -2.336824e+01 -1.742404e+01 -4.000000e+00
   endloop
 endfacet
 facet normal  0.000000e+00  0.000000e+00 -1.000000e+00
   outer loop
     vertex -2.750000e+01 -1.250000e+01 -4.000000e+00
     vertex -2.748097e+01 -1.293578e+01 -4.000000e+00
     vertex -2.750000e+01 -1.750000e+01 -4.000000e+00
   endloop
 endfacet
 facet normal  0.000000e+00 -0.000000e+00 -1.000000e+00
   outer loop
     vertex -2.748097e+01 -1.293578e+01 -4.000000e+00
     vertex -2.742404e+01 -1.336824e+01 -4.000000e+00
     vertex -2.750000e+01 -1.750000e+01 -4.000000e+00
   endloop
 endfacet
 facet normal  0.000000e+00 -0.000000e+00 -1.000000e+00
   outer loop
     vertex -2.742404e+01 -1.336824e+01 -4.000000e+00
     vertex -2.732963e+01 -1.379410e+01 -4.000000e+00
     vertex -2.750000e+01 -1.750000e+01 -4.000000e+00
   endloop
 endfacet
 facet normal  0.000000e+00  0.000000e+00 -1.000000e+00
   outer loop
     vertex -2.750000e+01 -1.750000e+01 -4.000000e+00
     vertex -2.293578e+01 -1.748097e+01 -4.000000e+00
     vertex -2.250000e+01 -1.750000e+01 -4.000000e+00
   endloop
 endfacet
 facet normal  0.000000e+00  1.000000e+00  0.000000e+00
   outer loop
     vertex -2.250000e+01  1.750000e+01 -2.500000e+00
     vertex -2.250000e+01  1.750000e+01 -4.000000e+00
     vertex -2.750000e+01  1.750000e+01 -4.000000e+00
   endloop
 endfacet
 facet normal  0.000000e+00  1.000000e+00  0.000000e+00
   outer loop
     vertex -2.750000e+01  1.750000e+01  4.000000e+00
     vertex -2.250000e+01  1.750000e+01 -2.500000e+00
     vertex -2.750000e+01  1.750000e+01 -4.000000e+00
   endloop
 endfacet
 facet normal  0.000000e+00  1.000000e+00  0.000000e+00
   outer loop
     vertex  2.250000e+01  1.750000e+01 -2.500000e+00
     vertex  2.250000e+01  1.750000e+01 -4.000000e+00
     vertex -2.250000e+01  1.750000e+01 -4.000000e+00
   endloop
 endfacet
 facet normal  0.000000e+00  1.000000e+00  0.000000e+00
   outer loop
     vertex  2.250000e+01  1.750000e+01 -2.500000e+00
     vertex -2.250000e+01  1.750000e+01 -4.000000e+00
     vertex -2.250000e+01  1.750000e+01 -2.500000e+00
   endloop
 endfacet
 facet normal  0.000000e+00  1.000000e+00  0.000000e+00
   outer loop
     vertex  2.750000e+01  1.750000e+01 -4.000000e+00
     vertex  2.250000e+01  1.750000e+01 -4.000000e+00
     vertex  2.250000e+01  1.750000e+01 -2.500000e+00
   endloop
 endfacet
 facet normal  0.000000e+00  1.000000e+00  0.000000e+00
   outer loop
     vertex  2.750000e+01  1.750000e+01  4.000000e+00
     vertex  2.750000e+01  1.750000e+01 -4.000000e+00
     vertex  2.250000e+01  1.750000e+01 -2.500000e+00
   endloop
 endfacet
 facet normal  0.000000e+00  1.000000e+00  0.000000e+00
   outer loop
     vertex  2.750000e+01  1.750000e+01  4.000000e+00
     vertex -2.250000e+01  1.750000e+01 -2.500000e+00
     vertex -2.750000e+01  1.750000e+01  4.000000e+00
   endloop
 endfacet
 facet normal  0.000000e+00  1.000000e+00  0.000000e+00
   outer loop
     vertex  2.750000e+01  1.750000e+01  4.000000e+00
     vertex  2.250000e+01  1.750000e+01 -2.500000e+00
     vertex -2.250000e+01  1.750000e+01 -2.500000e+00
   endloop
 endfacet
 facet normal  0.000000e+00  0.000000e+00 -1.000000e+00
   outer loop
     vertex -1.074228e+01 -1.046916e+01 -4.000000e+00
     vertex -1.757596e+01 -1.336824e+01 -4.000000e+00
     vertex -1.751903e+01 -1.293578e+01 -4.000000e+00
   endloop
 endfacet
 facet normal  0.000000e+00  0.000000e+00 -1.000000e+00
   outer loop
     vertex -1.074228e+01 -1.046916e+01 -4.000000e+00
     vertex -1.751903e+01 -1.293578e+01 -4.000000e+00
     vertex -1.750000e+01 -1.250000e+01 -4.000000e+00
   endloop
 endfacet
 facet normal -0.000000e+00  0.000000e+00 -1.000000e+00
   outer loop
     vertex -1.018910e+01 -1.100828e+01 -4.000000e+00
     vertex -1.757596e+01 -1.336824e+01 -4.000000e+00
     vertex -1.074228e+01 -1.046916e+01 -4.000000e+00
   endloop
 endfacet
 facet normal  0.000000e+00  0.000000e+00 -1.000000e+00
   outer loop
     vertex -1.018910e+01 -1.100828e+01 -4.000000e+00
     vertex -1.767037e+01 -1.379410e+01 -4.000000e+00
     vertex -1.757596e+01 -1.336824e+01 -4.000000e+00
   endloop
 endfacet
 facet normal  0.000000e+00  0.000000e+00 -1.000000e+00
   outer loop
     vertex -1.126698e+01 -9.902282e+00 -4.000000e+00
     vertex -1.750000e+01 -1.250000e+01 -4.000000e+00
     vertex -1.751903e+01 -1.206422e+01 -4.000000e+00
   endloop
 endfacet
 facet normal  0.000000e+00 -0.000000e+00 -1.000000e+00
   outer loop
     vertex -1.126698e+01 -9.902282e+00 -4.000000e+00
     vertex -1.074228e+01 -1.046916e+01 -4.000000e+00
     vertex -1.750000e+01 -1.250000e+01 -4.000000e+00
   endloop
 endfacet
 facet normal -0.000000e+00  0.000000e+00 -1.000000e+00
   outer loop
     vertex -9.608898e+00 -1.151821e+01 -4.000000e+00
     vertex -1.767037e+01 -1.379410e+01 -4.000000e+00
     vertex -1.018910e+01 -1.100828e+01 -4.000000e+00
   endloop
 endfacet
 facet normal  0.000000e+00  0.000000e+00 -1.000000e+00
   outer loop
     vertex -9.608898e+00 -1.151821e+01 -4.000000e+00
     vertex -1.780154e+01 -1.421010e+01 -4.000000e+00
     vertex -1.767037e+01 -1.379410e+01 -4.000000e+00
   endloop
 endfacet
 facet normal  0.000000e+00  0.000000e+00 -1.000000e+00
   outer loop
     vertex -1.176180e+01 -9.309142e+00 -4.000000e+00
     vertex -1.751903e+01 -1.206422e+01 -4.000000e+00
     vertex -1.757596e+01 -1.163176e+01 -4.000000e+00
   endloop
 endfacet
 facet normal  0.000000e+00 -0.000000e+00 -1.000000e+00
   outer loop
     vertex -1.176180e+01 -9.309142e+00 -4.000000e+00
     vertex -1.126698e+01 -9.902282e+00 -4.000000e+00
     vertex -1.751903e+01 -1.206422e+01 -4.000000e+00
   endloop
 endfacet
 facet normal -0.000000e+00  0.000000e+00 -1.000000e+00
   outer loop
     vertex -9.003214e+00 -1.199759e+01 -4.000000e+00
     vertex -1.780154e+01 -1.421010e+01 -4.000000e+00
     vertex -9.608898e+00 -1.151821e+01 -4.000000e+00
   endloop
 endfacet
 facet normal  0.000000e+00  0.000000e+00 -1.000000e+00
   outer loop
     vertex -9.003214e+00 -1.199759e+01 -4.000000e+00
     vertex -1.796846e+01 -1.461309e+01 -4.000000e+00
     vertex -1.780154e+01 -1.421010e+01 -4.000000e+00
   endloop
 endfacet
 facet normal  0.000000e+00  0.000000e+00 -1.000000e+00
   outer loop
     vertex -1.222543e+01 -8.691316e+00 -4.000000e+00
     vertex -1.757596e+01 -1.163176e+01 -4.000000e+00
     vertex -1.767037e+01 -1.120590e+01 -4.000000e+00
   endloop
 endfacet
 facet normal  0.000000e+00  0.000000e+00 -1.000000e+00
   outer loop
     vertex -1.222543e+01 -8.691316e+00 -4.000000e+00
     vertex -1.767037e+01 -1.120590e+01 -4.000000e+00
     vertex -1.780154e+01 -1.078990e+01 -4.000000e+00
   endloop
 endfacet
 facet normal  0.000000e+00 -0.000000e+00 -1.000000e+00
   outer loop
     vertex -1.222543e+01 -8.691316e+00 -4.000000e+00
     vertex -1.176180e+01 -9.309142e+00 -4.000000e+00
     vertex -1.757596e+01 -1.163176e+01 -4.000000e+00
   endloop
 endfacet
 facet normal -0.000000e+00  0.000000e+00 -1.000000e+00
   outer loop
     vertex -8.373656e+00 -1.244516e+01 -4.000000e+00
     vertex -1.796846e+01 -1.461309e+01 -4.000000e+00
     vertex -9.003214e+00 -1.199759e+01 -4.000000e+00
   endloop
 endfacet
 facet normal  0.000000e+00  0.000000e+00 -1.000000e+00
   outer loop
     vertex -8.373656e+00 -1.244516e+01 -4.000000e+00
     vertex -1.816987e+01 -1.500000e+01 -4.000000e+00
     vertex -1.796846e+01 -1.461309e+01 -4.000000e+00
   endloop
 endfacet
 facet normal  0.000000e+00 -0.000000e+00 -1.000000e+00
   outer loop
     vertex -1.265663e+01 -8.050443e+00 -4.000000e+00
     vertex -1.222543e+01 -8.691316e+00 -4.000000e+00
     vertex -1.780154e+01 -1.078990e+01 -4.000000e+00
   endloop
 endfacet
 facet normal  0.000000e+00  0.000000e+00 -1.000000e+00
   outer loop
     vertex -1.265663e+01 -8.050443e+00 -4.000000e+00
     vertex -1.780154e+01 -1.078990e+01 -4.000000e+00
     vertex -1.796846e+01 -1.038691e+01 -4.000000e+00
   endloop
 endfacet
 facet normal -0.000000e+00  0.000000e+00 -1.000000e+00
   outer loop
     vertex -7.721892e+00 -1.285972e+01 -4.000000e+00
     vertex -1.816987e+01 -1.500000e+01 -4.000000e+00
     vertex -8.373656e+00 -1.244516e+01 -4.000000e+00
   endloop
 endfacet
 facet normal  0.000000e+00  0.000000e+00 -1.000000e+00
   outer loop
     vertex -7.721892e+00 -1.285972e+01 -4.000000e+00
     vertex -1.840424e+01 -1.536788e+01 -4.000000e+00
     vertex -1.816987e+01 -1.500000e+01 -4.000000e+00
   endloop
 endfacet
 facet normal  0.000000e+00 -0.000000e+00 -1.000000e+00
   outer loop
     vertex -1.305428e+01 -7.388221e+00 -4.000000e+00
     vertex -1.265663e+01 -8.050443e+00 -4.000000e+00
     vertex -1.796846e+01 -1.038691e+01 -4.000000e+00
   endloop
 endfacet
 facet normal  0.000000e+00  0.000000e+00 -1.000000e+00
   outer loop
     vertex -1.305428e+01 -7.388221e+00 -4.000000e+00
     vertex -1.796846e+01 -1.038691e+01 -4.000000e+00
     vertex -1.816987e+01 -1.000000e+01 -4.000000e+00
   endloop
 endfacet
 facet normal  0.000000e+00  0.000000e+00 -1.000000e+00
   outer loop
     vertex -7.049651e+00 -1.324018e+01 -4.000000e+00
     vertex -1.866978e+01 -1.571394e+01 -4.000000e+00
     vertex -1.840424e+01 -1.536788e+01 -4.000000e+00
   endloop
 endfacet
 facet normal -0.000000e+00  0.000000e+00 -1.000000e+00
   outer loop
     vertex -7.049651e+00 -1.324018e+01 -4.000000e+00
     vertex -1.840424e+01 -1.536788e+01 -4.000000e+00
     vertex -7.721892e+00 -1.285972e+01 -4.000000e+00
   endloop
 endfacet
 facet normal  0.000000e+00  0.000000e+00 -1.000000e+00
   outer loop
     vertex -1.341731e+01 -6.706407e+00 -4.000000e+00
     vertex -1.816987e+01 -1.000000e+01 -4.000000e+00
     vertex -1.840424e+01 -9.632118e+00 -4.000000e+00
   endloop
 endfacet
 facet normal  0.000000e+00  0.000000e+00 -1.000000e+00
   outer loop
     vertex -1.341731e+01 -6.706407e+00 -4.000000e+00
     vertex -1.840424e+01 -9.632118e+00 -4.000000e+00
     vertex -1.866978e+01 -9.286062e+00 -4.000000e+00
   endloop
 endfacet
 facet normal  0.000000e+00 -0.000000e+00 -1.000000e+00
   outer loop
     vertex -1.341731e+01 -6.706407e+00 -4.000000e+00
     vertex -1.305428e+01 -7.388221e+00 -4.000000e+00
     vertex -1.816987e+01 -1.000000e+01 -4.000000e+00
   endloop
 endfacet
 facet normal -0.000000e+00  0.000000e+00 -1.000000e+00
   outer loop
     vertex -6.358716e+00 -1.358553e+01 -4.000000e+00
     vertex -1.866978e+01 -1.571394e+01 -4.000000e+00
     vertex -7.049651e+00 -1.324018e+01 -4.000000e+00
   endloop
 endfacet
 facet normal  0.000000e+00  0.000000e+00 -1.000000e+00
   outer loop
     vertex -6.358716e+00 -1.358553e+01 -4.000000e+00
     vertex -1.896447e+01 -1.603553e+01 -4.000000e+00
     vertex -1.866978e+01 -1.571394e+01 -4.000000e+00
   endloop
 endfacet
 facet normal  0.000000e+00  0.000000e+00 -1.000000e+00
   outer loop
     vertex -1.374475e+01 -6.006809e+00 -4.000000e+00
     vertex -1.866978e+01 -9.286062e+00 -4.000000e+00
     vertex -1.896447e+01 -8.964466e+00 -4.000000e+00
   endloop
 endfacet
 facet normal  0.000000e+00 -0.000000e+00 -1.000000e+00
   outer loop
     vertex -1.374475e+01 -6.006809e+00 -4.000000e+00
     vertex -1.341731e+01 -6.706407e+00 -4.000000e+00
     vertex -1.866978e+01 -9.286062e+00 -4.000000e+00
   endloop
 endfacet
 facet normal  0.000000e+00  0.000000e+00 -1.000000e+00
   outer loop
     vertex -5.650918e+00 -1.389486e+01 -4.000000e+00
     vertex -1.928606e+01 -1.633022e+01 -4.000000e+00
     vertex -1.896447e+01 -1.603553e+01 -4.000000e+00
   endloop
 endfacet
 facet normal -0.000000e+00  0.000000e+00 -1.000000e+00
   outer loop
     vertex -5.650918e+00 -1.389486e+01 -4.000000e+00
     vertex -1.896447e+01 -1.603553e+01 -4.000000e+00
     vertex -6.358716e+00 -1.358553e+01 -4.000000e+00
   endloop
 endfacet
 facet normal  0.000000e+00 -0.000000e+00 -1.000000e+00
   outer loop
     vertex -1.403575e+01 -5.291281e+00 -4.000000e+00
     vertex -1.374475e+01 -6.006809e+00 -4.000000e+00
     vertex -1.896447e+01 -8.964466e+00 -4.000000e+00
   endloop
 endfacet
 facet normal  0.000000e+00  0.000000e+00 -1.000000e+00
   outer loop
     vertex -1.403575e+01 -5.291281e+00 -4.000000e+00
     vertex -1.896447e+01 -8.964466e+00 -4.000000e+00
     vertex -1.928606e+01 -8.669778e+00 -4.000000e+00
   endloop
 endfacet
 facet normal -0.000000e+00  0.000000e+00 -1.000000e+00
   outer loop
     vertex -4.928136e+00 -1.416734e+01 -4.000000e+00
     vertex -1.928606e+01 -1.633022e+01 -4.000000e+00
     vertex -5.650918e+00 -1.389486e+01 -4.000000e+00
   endloop
 endfacet
 facet normal  0.000000e+00  0.000000e+00 -1.000000e+00
   outer loop
     vertex -4.928136e+00 -1.416734e+01 -4.000000e+00
     vertex -1.963212e+01 -1.659576e+01 -4.000000e+00
     vertex -1.928606e+01 -1.633022e+01 -4.000000e+00
   endloop
 endfacet
 facet normal  0.000000e+00 -0.000000e+00 -1.000000e+00
   outer loop
     vertex -1.428953e+01 -4.561722e+00 -4.000000e+00
     vertex -1.403575e+01 -5.291281e+00 -4.000000e+00
     vertex -1.928606e+01 -8.669778e+00 -4.000000e+00
   endloop
 endfacet
 facet normal  0.000000e+00  0.000000e+00 -1.000000e+00
   outer loop
     vertex -1.428953e+01 -4.561722e+00 -4.000000e+00
     vertex -1.928606e+01 -8.669778e+00 -4.000000e+00
     vertex -1.963212e+01 -8.404240e+00 -4.000000e+00
   endloop
 endfacet
 facet normal  0.000000e+00  0.000000e+00 -1.000000e+00
   outer loop
     vertex -1.428953e+01 -4.561722e+00 -4.000000e+00
     vertex -1.963212e+01 -8.404240e+00 -4.000000e+00
     vertex -2.000000e+01 -8.169873e+00 -4.000000e+00
   endloop
 endfacet
 facet normal -0.000000e+00  0.000000e+00 -1.000000e+00
   outer loop
     vertex -4.192285e+00 -1.440225e+01 -4.000000e+00
     vertex -1.963212e+01 -1.659576e+01 -4.000000e+00
     vertex -4.928136e+00 -1.416734e+01 -4.000000e+00
   endloop
 endfacet
 facet normal  0.000000e+00  0.000000e+00 -1.000000e+00
   outer loop
     vertex -4.192285e+00 -1.440225e+01 -4.000000e+00
     vertex -2.000000e+01 -1.683013e+01 -4.000000e+00
     vertex -1.963212e+01 -1.659576e+01 -4.000000e+00
   endloop
 endfacet
 facet normal  0.000000e+00 -0.000000e+00 -1.000000e+00
   outer loop
     vertex -1.450542e+01 -3.820067e+00 -4.000000e+00
     vertex -1.428953e+01 -4.561722e+00 -4.000000e+00
     vertex -2.000000e+01 -8.169873e+00 -4.000000e+00
   endloop
 endfacet
 facet normal  0.000000e+00  0.000000e+00 -1.000000e+00
   outer loop
     vertex -1.450542e+01 -3.820067e+00 -4.000000e+00
     vertex -2.000000e+01 -8.169873e+00 -4.000000e+00
     vertex -2.038691e+01 -7.968461e+00 -4.000000e+00
   endloop
 endfacet
 facet normal  0.000000e+00  0.000000e+00 -1.000000e+00
   outer loop
     vertex -3.445316e+00 -1.459897e+01 -4.000000e+00
     vertex -2.038691e+01 -1.703154e+01 -4.000000e+00
     vertex -2.000000e+01 -1.683013e+01 -4.000000e+00
   endloop
 endfacet
 facet normal -0.000000e+00  0.000000e+00 -1.000000e+00
   outer loop
     vertex -3.445316e+00 -1.459897e+01 -4.000000e+00
     vertex -2.000000e+01 -1.683013e+01 -4.000000e+00
     vertex -4.192285e+00 -1.440225e+01 -4.000000e+00
   endloop
 endfacet
 facet normal  0.000000e+00 -0.000000e+00 -1.000000e+00
   outer loop
     vertex -1.468284e+01 -3.068281e+00 -4.000000e+00
     vertex -1.450542e+01 -3.820067e+00 -4.000000e+00
     vertex -2.038691e+01 -7.968461e+00 -4.000000e+00
   endloop
 endfacet
 facet normal  0.000000e+00  0.000000e+00 -1.000000e+00
   outer loop
     vertex -1.468284e+01 -3.068281e+00 -4.000000e+00
     vertex -2.038691e+01 -7.968461e+00 -4.000000e+00
     vertex -2.078990e+01 -7.801537e+00 -4.000000e+00
   endloop
 endfacet
 facet normal -0.000000e+00  0.000000e+00 -1.000000e+00
   outer loop
     vertex -2.689211e+00 -1.475697e+01 -4.000000e+00
     vertex -2.038691e+01 -1.703154e+01 -4.000000e+00
     vertex -3.445316e+00 -1.459897e+01 -4.000000e+00
   endloop
 endfacet
 facet normal  0.000000e+00  0.000000e+00 -1.000000e+00
   outer loop
     vertex -1.482132e+01 -2.308359e+00 -4.000000e+00
     vertex -2.078990e+01 -7.801537e+00 -4.000000e+00
     vertex -2.120590e+01 -7.670371e+00 -4.000000e+00
   endloop
 endfacet
 facet normal  0.000000e+00 -0.000000e+00 -1.000000e+00
   outer loop
     vertex -1.482132e+01 -2.308359e+00 -4.000000e+00
     vertex -1.468284e+01 -3.068281e+00 -4.000000e+00
     vertex -2.078990e+01 -7.801537e+00 -4.000000e+00
   endloop
 endfacet
 facet normal  0.000000e+00  0.000000e+00 -1.000000e+00
   outer loop
     vertex -2.633022e+01  9.286062e+00 -4.000000e+00
     vertex -2.603553e+01 -8.964466e+00 -4.000000e+00
     vertex -2.633022e+01 -9.286062e+00 -4.000000e+00
   endloop
 endfacet
 facet normal  0.000000e+00 -0.000000e+00 -1.000000e+00
   outer loop
     vertex -2.633022e+01  9.286062e+00 -4.000000e+00
     vertex -2.633022e+01 -9.286062e+00 -4.000000e+00
     vertex -2.659576e+01 -9.632118e+00 -4.000000e+00
   endloop
 endfacet
 facet normal  0.000000e+00  0.000000e+00 -1.000000e+00
   outer loop
     vertex -2.633022e+01  9.286062e+00 -4.000000e+00
     vertex -2.603553e+01  8.964466e+00 -4.000000e+00
     vertex -2.603553e+01 -8.964466e+00 -4.000000e+00
   endloop
 endfacet
 facet normal  0.000000e+00 -0.000000e+00 -1.000000e+00
   outer loop
     vertex -2.571394e+01  8.669778e+00 -4.000000e+00
     vertex -2.571394e+01 -8.669778e+00 -4.000000e+00
     vertex -2.603553e+01 -8.964466e+00 -4.000000e+00
   endloop
 endfacet
 facet normal -0.000000e+00  0.000000e+00 -1.000000e+00
   outer loop
     vertex -2.571394e+01  8.669778e+00 -4.000000e+00
     vertex -2.603553e+01 -8.964466e+00 -4.000000e+00
     vertex -2.603553e+01  8.964466e+00 -4.000000e+00
   endloop
 endfacet
 facet normal -0.000000e+00  0.000000e+00 -1.000000e+00
   outer loop
     vertex -2.536788e+01  8.404240e+00 -4.000000e+00
     vertex -2.571394e+01 -8.669778e+00 -4.000000e+00
     vertex -2.571394e+01  8.669778e+00 -4.000000e+00
   endloop
 endfacet
 facet normal  0.000000e+00 -0.000000e+00 -1.000000e+00
   outer loop
     vertex -2.536788e+01  8.404240e+00 -4.000000e+00
     vertex -2.536788e+01 -8.404240e+00 -4.000000e+00
     vertex -2.571394e+01 -8.669778e+00 -4.000000e+00
   endloop
 endfacet
 facet normal  0.000000e+00  0.000000e+00 -1.000000e+00
   outer loop
     vertex -2.659576e+01  9.632118e+00 -4.000000e+00
     vertex -2.633022e+01  9.286062e+00 -4.000000e+00
     vertex -2.659576e+01 -9.632118e+00 -4.000000e+00
   endloop
 endfacet
 facet normal -0.000000e+00  0.000000e+00 -1.000000e+00
   outer loop
     vertex -2.500000e+01  8.169873e+00 -4.000000e+00
     vertex -2.536788e+01 -8.404240e+00 -4.000000e+00
     vertex -2.536788e+01  8.404240e+00 -4.000000e+00
   endloop
 endfacet
 facet normal  0.000000e+00  0.000000e+00 -1.000000e+00
   outer loop
     vertex -2.500000e+01  8.169873e+00 -4.000000e+00
     vertex -2.461309e+01 -7.968461e+00 -4.000000e+00
     vertex -2.500000e+01 -8.169873e+00 -4.000000e+00
   endloop
 endfacet
 facet normal  0.000000e+00 -0.000000e+00 -1.000000e+00
   outer loop
     vertex -2.500000e+01  8.169873e+00 -4.000000e+00
     vertex -2.500000e+01 -8.169873e+00 -4.000000e+00
     vertex -2.536788e+01 -8.404240e+00 -4.000000e+00
   endloop
 endfacet
 facet normal  0.000000e+00  0.000000e+00 -1.000000e+00
   outer loop
     vertex -2.683013e+01  1.000000e+01 -4.000000e+00
     vertex -2.659576e+01  9.632118e+00 -4.000000e+00
     vertex -2.659576e+01 -9.632118e+00 -4.000000e+00
   endloop
 endfacet
 facet normal  0.000000e+00  0.000000e+00 -1.000000e+00
   outer loop
     vertex -2.683013e+01  1.000000e+01 -4.000000e+00
     vertex -2.659576e+01 -9.632118e+00 -4.000000e+00
     vertex -2.683013e+01 -1.000000e+01 -4.000000e+00
   endloop
 endfacet
 facet normal  0.000000e+00  0.000000e+00 -1.000000e+00
   outer loop
     vertex -1.925975e+00 -1.487584e+01 -4.000000e+00
     vertex -2.078990e+01 -1.719846e+01 -4.000000e+00
     vertex -2.038691e+01 -1.703154e+01 -4.000000e+00
   endloop
 endfacet
 facet normal -0.000000e+00  0.000000e+00 -1.000000e+00
   outer loop
     vertex -1.925975e+00 -1.487584e+01 -4.000000e+00
     vertex -2.038691e+01 -1.703154e+01 -4.000000e+00
     vertex -2.689211e+00 -1.475697e+01 -4.000000e+00
   endloop
 endfacet
 facet normal -0.000000e+00 -0.000000e+00 -1.000000e+00
   outer loop
     vertex -2.461309e+01  7.968461e+00 -4.000000e+00
     vertex -2.461309e+01 -7.968461e+00 -4.000000e+00
     vertex -2.500000e+01  8.169873e+00 -4.000000e+00
   endloop
 endfacet
 facet normal  0.000000e+00  0.000000e+00 -1.000000e+00
   outer loop
     vertex -2.703154e+01  1.038691e+01 -4.000000e+00
     vertex -2.683013e+01 -1.000000e+01 -4.000000e+00
     vertex -2.703154e+01 -1.038691e+01 -4.000000e+00
   endloop
 endfacet
 facet normal  0.000000e+00  0.000000e+00 -1.000000e+00
   outer loop
     vertex -2.703154e+01  1.038691e+01 -4.000000e+00
     vertex -2.683013e+01  1.000000e+01 -4.000000e+00
     vertex -2.683013e+01 -1.000000e+01 -4.000000e+00
   endloop
 endfacet
 facet normal  0.000000e+00  0.000000e+00 -1.000000e+00
   outer loop
     vertex -1.492050e+01 -1.542315e+00 -4.000000e+00
     vertex -2.120590e+01 -7.670371e+00 -4.000000e+00
     vertex -2.163176e+01 -7.575961e+00 -4.000000e+00
   endloop
 endfacet
 facet normal  0.000000e+00 -0.000000e+00 -1.000000e+00
   outer loop
     vertex -1.492050e+01 -1.542315e+00 -4.000000e+00
     vertex -1.482132e+01 -2.308359e+00 -4.000000e+00
     vertex -2.120590e+01 -7.670371e+00 -4.000000e+00
   endloop
 endfacet
 facet normal -0.000000e+00  0.000000e+00 -1.000000e+00
   outer loop
     vertex -2.421010e+01  7.801537e+00 -4.000000e+00
     vertex -2.461309e+01 -7.968461e+00 -4.000000e+00
     vertex -2.461309e+01  7.968461e+00 -4.000000e+00
   endloop
 endfacet
 facet normal  0.000000e+00 -0.000000e+00 -1.000000e+00
   outer loop
     vertex -2.421010e+01  7.801537e+00 -4.000000e+00
     vertex -2.421010e+01 -7.801537e+00 -4.000000e+00
     vertex -2.461309e+01 -7.968461e+00 -4.000000e+00
   endloop
 endfacet
 facet normal  0.000000e+00  0.000000e+00 -1.000000e+00
   outer loop
     vertex -2.719846e+01  1.078990e+01 -4.000000e+00
     vertex -2.703154e+01  1.038691e+01 -4.000000e+00
     vertex -2.703154e+01 -1.038691e+01 -4.000000e+00
   endloop
 endfacet
 facet normal  0.000000e+00  0.000000e+00 -1.000000e+00
   outer loop
     vertex -2.719846e+01  1.078990e+01 -4.000000e+00
     vertex -2.703154e+01 -1.038691e+01 -4.000000e+00
     vertex -2.719846e+01 -1.078990e+01 -4.000000e+00
   endloop
 endfacet
 facet normal -0.000000e+00  0.000000e+00 -1.000000e+00
   outer loop
     vertex -2.379410e+01  7.670371e+00 -4.000000e+00
     vertex -2.421010e+01 -7.801537e+00 -4.000000e+00
     vertex -2.421010e+01  7.801537e+00 -4.000000e+00
   endloop
 endfacet
 facet normal  0.000000e+00 -0.000000e+00 -1.000000e+00
   outer loop
     vertex -2.379410e+01  7.670371e+00 -4.000000e+00
     vertex -2.379410e+01 -7.670371e+00 -4.000000e+00
     vertex -2.421010e+01 -7.801537e+00 -4.000000e+00
   endloop
 endfacet
 facet normal  0.000000e+00  0.000000e+00 -1.000000e+00
   outer loop
     vertex -2.732963e+01  1.120590e+01 -4.000000e+00
     vertex -2.719846e+01  1.078990e+01 -4.000000e+00
     vertex -2.719846e+01 -1.078990e+01 -4.000000e+00
   endloop
 endfacet
 facet normal  0.000000e+00  0.000000e+00 -1.000000e+00
   outer loop
     vertex -2.732963e+01  1.120590e+01 -4.000000e+00
     vertex -2.719846e+01 -1.078990e+01 -4.000000e+00
     vertex -2.732963e+01 -1.120590e+01 -4.000000e+00
   endloop
 endfacet
 facet normal -0.000000e+00  0.000000e+00 -1.000000e+00
   outer loop
     vertex -1.157632e+00 -1.495526e+01 -4.000000e+00
     vertex -2.078990e+01 -1.719846e+01 -4.000000e+00
     vertex -1.925975e+00 -1.487584e+01 -4.000000e+00
   endloop
 endfacet
 facet normal  0.000000e+00  0.000000e+00 -1.000000e+00
   outer loop
     vertex -1.157632e+00 -1.495526e+01 -4.000000e+00
     vertex -2.120590e+01 -1.732963e+01 -4.000000e+00
     vertex -2.078990e+01 -1.719846e+01 -4.000000e+00
   endloop
 endfacet
 facet normal -0.000000e+00  0.000000e+00 -1.000000e+00
   outer loop
     vertex -2.336824e+01  7.575961e+00 -4.000000e+00
     vertex -2.379410e+01 -7.670371e+00 -4.000000e+00
     vertex -2.379410e+01  7.670371e+00 -4.000000e+00
   endloop
 endfacet
 facet normal  0.000000e+00 -0.000000e+00 -1.000000e+00
   outer loop
     vertex -2.336824e+01  7.575961e+00 -4.000000e+00
     vertex -2.336824e+01 -7.575961e+00 -4.000000e+00
     vertex -2.379410e+01 -7.670371e+00 -4.000000e+00
   endloop
 endfacet
 facet normal  0.000000e+00  0.000000e+00 -1.000000e+00
   outer loop
     vertex -2.742404e+01  1.163176e+01 -4.000000e+00
     vertex -2.732963e+01  1.120590e+01 -4.000000e+00
     vertex -2.732963e+01 -1.120590e+01 -4.000000e+00
   endloop
 endfacet
 facet normal  0.000000e+00  0.000000e+00 -1.000000e+00
   outer loop
     vertex -2.742404e+01  1.163176e+01 -4.000000e+00
     vertex -2.732963e+01 -1.120590e+01 -4.000000e+00
     vertex -2.742404e+01 -1.163176e+01 -4.000000e+00
   endloop
 endfacet
 facet normal  0.000000e+00  0.000000e+00 -1.000000e+00
   outer loop
     vertex -1.498011e+01 -7.721813e-01 -4.000000e+00
     vertex -2.163176e+01 -7.575961e+00 -4.000000e+00
     vertex -2.206422e+01 -7.519027e+00 -4.000000e+00
   endloop
 endfacet
 facet normal  0.000000e+00 -0.000000e+00 -1.000000e+00
   outer loop
     vertex -1.498011e+01 -7.721813e-01 -4.000000e+00
     vertex -1.492050e+01 -1.542315e+00 -4.000000e+00
     vertex -2.163176e+01 -7.575961e+00 -4.000000e+00
   endloop
 endfacet
 facet normal -0.000000e+00  0.000000e+00 -1.000000e+00
   outer loop
     vertex -2.293578e+01  7.519027e+00 -4.000000e+00
     vertex -2.336824e+01 -7.575961e+00 -4.000000e+00
     vertex -2.336824e+01  7.575961e+00 -4.000000e+00
   endloop
 endfacet
 facet normal  0.000000e+00 -0.000000e+00 -1.000000e+00
   outer loop
     vertex -2.293578e+01  7.519027e+00 -4.000000e+00
     vertex -2.293578e+01 -7.519027e+00 -4.000000e+00
     vertex -2.336824e+01 -7.575961e+00 -4.000000e+00
   endloop
 endfacet
 facet normal -0.000000e+00  0.000000e+00 -1.000000e+00
   outer loop
     vertex -3.862187e-01 -1.499503e+01 -4.000000e+00
     vertex -2.120590e+01 -1.732963e+01 -4.000000e+00
     vertex -1.157632e+00 -1.495526e+01 -4.000000e+00
   endloop
 endfacet
 facet normal  0.000000e+00  0.000000e+00 -1.000000e+00
   outer loop
     vertex -1.500000e+01 -3.813106e-14 -4.000000e+00
     vertex -2.206422e+01 -7.519027e+00 -4.000000e+00
     vertex -2.250000e+01 -7.500000e+00 -4.000000e+00
   endloop
 endfacet
 facet normal  0.000000e+00 -0.000000e+00 -1.000000e+00
   outer loop
     vertex -1.500000e+01 -3.813106e-14 -4.000000e+00
     vertex -1.498011e+01 -7.721813e-01 -4.000000e+00
     vertex -2.206422e+01 -7.519027e+00 -4.000000e+00
   endloop
 endfacet
 facet normal  0.000000e+00  0.000000e+00 -1.000000e+00
   outer loop
     vertex -2.250000e+01  7.500000e+00 -4.000000e+00
     vertex -1.500000e+01 -3.813106e-14 -4.000000e+00
     vertex -2.250000e+01 -7.500000e+00 -4.000000e+00
   endloop
 endfacet
 facet normal  0.000000e+00 -0.000000e+00 -1.000000e+00
   outer loop
     vertex -2.250000e+01  7.500000e+00 -4.000000e+00
     vertex -2.250000e+01 -7.500000e+00 -4.000000e+00
     vertex -2.293578e+01 -7.519027e+00 -4.000000e+00
   endloop
 endfacet
 facet normal -0.000000e+00  0.000000e+00 -1.000000e+00
   outer loop
     vertex -2.250000e+01  7.500000e+00 -4.000000e+00
     vertex -2.293578e+01 -7.519027e+00 -4.000000e+00
     vertex -2.293578e+01  7.519027e+00 -4.000000e+00
   endloop
 endfacet
 facet normal -0.000000e+00  0.000000e+00 -1.000000e+00
   outer loop
     vertex  3.862187e-01 -1.499503e+01 -4.000000e+00
     vertex -2.120590e+01 -1.732963e+01 -4.000000e+00
     vertex -3.862187e-01 -1.499503e+01 -4.000000e+00
   endloop
 endfacet
 facet normal  0.000000e+00 -0.000000e+00 -1.000000e+00
   outer loop
     vertex -2.206422e+01  7.519027e+00 -4.000000e+00
     vertex -1.500000e+01 -3.813106e-14 -4.000000e+00
     vertex -2.250000e+01  7.500000e+00 -4.000000e+00
   endloop
 endfacet
 facet normal -0.000000e+00  0.000000e+00 -1.000000e+00
   outer loop
     vertex -1.498011e+01  7.721813e-01 -4.000000e+00
     vertex -1.500000e+01 -3.813106e-14 -4.000000e+00
     vertex -2.206422e+01  7.519027e+00 -4.000000e+00
   endloop
 endfacet
 facet normal  0.000000e+00 -0.000000e+00 -1.000000e+00
   outer loop
     vertex -2.163176e+01  7.575961e+00 -4.000000e+00
     vertex -1.498011e+01  7.721813e-01 -4.000000e+00
     vertex -2.206422e+01  7.519027e+00 -4.000000e+00
   endloop
 endfacet
 facet normal  0.000000e+00  0.000000e+00 -1.000000e+00
   outer loop
     vertex -1.492050e+01  1.542315e+00 -4.000000e+00
     vertex -2.163176e+01  7.575961e+00 -4.000000e+00
     vertex -2.120590e+01  7.670371e+00 -4.000000e+00
   endloop
 endfacet
 facet normal -0.000000e+00  0.000000e+00 -1.000000e+00
   outer loop
     vertex -1.492050e+01  1.542315e+00 -4.000000e+00
     vertex -1.498011e+01  7.721813e-01 -4.000000e+00
     vertex -2.163176e+01  7.575961e+00 -4.000000e+00
   endloop
 endfacet
 facet normal  0.000000e+00  0.000000e+00 -1.000000e+00
   outer loop
     vertex -1.482132e+01  2.308359e+00 -4.000000e+00
     vertex -2.120590e+01  7.670371e+00 -4.000000e+00
     vertex -2.078990e+01  7.801537e+00 -4.000000e+00
   endloop
 endfacet
 facet normal -0.000000e+00  0.000000e+00 -1.000000e+00
   outer loop
     vertex -1.482132e+01  2.308359e+00 -4.000000e+00
     vertex -1.492050e+01  1.542315e+00 -4.000000e+00
     vertex -2.120590e+01  7.670371e+00 -4.000000e+00
   endloop
 endfacet
 facet normal  0.000000e+00  0.000000e+00 -1.000000e+00
   outer loop
     vertex -1.468284e+01  3.068281e+00 -4.000000e+00
     vertex -2.078990e+01  7.801537e+00 -4.000000e+00
     vertex -2.038691e+01  7.968461e+00 -4.000000e+00
   endloop
 endfacet
 facet normal -0.000000e+00  0.000000e+00 -1.000000e+00
   outer loop
     vertex -1.468284e+01  3.068281e+00 -4.000000e+00
     vertex -1.482132e+01  2.308359e+00 -4.000000e+00
     vertex -2.078990e+01  7.801537e+00 -4.000000e+00
   endloop
 endfacet
 facet normal  0.000000e+00  0.000000e+00 -1.000000e+00
   outer loop
     vertex -1.450542e+01  3.820067e+00 -4.000000e+00
     vertex -2.038691e+01  7.968461e+00 -4.000000e+00
     vertex -2.000000e+01  8.169873e+00 -4.000000e+00
   endloop
 endfacet
 facet normal -0.000000e+00  0.000000e+00 -1.000000e+00
   outer loop
     vertex -1.450542e+01  3.820067e+00 -4.000000e+00
     vertex -1.468284e+01  3.068281e+00 -4.000000e+00
     vertex -2.038691e+01  7.968461e+00 -4.000000e+00
   endloop
 endfacet
 facet normal  0.000000e+00  0.000000e+00 -1.000000e+00
   outer loop
     vertex -1.428953e+01  4.561722e+00 -4.000000e+00
     vertex -2.000000e+01  8.169873e+00 -4.000000e+00
     vertex -1.963212e+01  8.404240e+00 -4.000000e+00
   endloop
 endfacet
 facet normal  0.000000e+00  0.000000e+00 -1.000000e+00
   outer loop
     vertex -1.428953e+01  4.561722e+00 -4.000000e+00
     vertex -1.963212e+01  8.404240e+00 -4.000000e+00
     vertex -1.928606e+01  8.669778e+00 -4.000000e+00
   endloop
 endfacet
 facet normal -0.000000e+00  0.000000e+00 -1.000000e+00
   outer loop
     vertex -1.428953e+01  4.561722e+00 -4.000000e+00
     vertex -1.450542e+01  3.820067e+00 -4.000000e+00
     vertex -2.000000e+01  8.169873e+00 -4.000000e+00
   endloop
 endfacet
 facet normal  0.000000e+00  0.000000e+00 -1.000000e+00
   outer loop
     vertex -1.403575e+01  5.291281e+00 -4.000000e+00
     vertex -1.928606e+01  8.669778e+00 -4.000000e+00
     vertex -1.896447e+01  8.964466e+00 -4.000000e+00
   endloop
 endfacet
 facet normal -0.000000e+00  0.000000e+00 -1.000000e+00
   outer loop
     vertex -1.403575e+01  5.291281e+00 -4.000000e+00
     vertex -1.428953e+01  4.561722e+00 -4.000000e+00
     vertex -1.928606e+01  8.669778e+00 -4.000000e+00
   endloop
 endfacet
 facet normal  0.000000e+00  0.000000e+00 -1.000000e+00
   outer loop
     vertex -1.374475e+01  6.006809e+00 -4.000000e+00
     vertex -1.896447e+01  8.964466e+00 -4.000000e+00
     vertex -1.866978e+01  9.286062e+00 -4.000000e+00
   endloop
 endfacet
 facet normal -0.000000e+00  0.000000e+00 -1.000000e+00
   outer loop
     vertex -1.374475e+01  6.006809e+00 -4.000000e+00
     vertex -1.403575e+01  5.291281e+00 -4.000000e+00
     vertex -1.896447e+01  8.964466e+00 -4.000000e+00
   endloop
 endfacet
 facet normal  0.000000e+00  0.000000e+00 -1.000000e+00
   outer loop
     vertex -1.341731e+01  6.706407e+00 -4.000000e+00
     vertex -1.866978e+01  9.286062e+00 -4.000000e+00
     vertex -1.840424e+01  9.632118e+00 -4.000000e+00
   endloop
 endfacet
 facet normal  0.000000e+00  0.000000e+00 -1.000000e+00
   outer loop
     vertex -1.341731e+01  6.706407e+00 -4.000000e+00
     vertex -1.840424e+01  9.632118e+00 -4.000000e+00
     vertex -1.816987e+01  1.000000e+01 -4.000000e+00
   endloop
 endfacet
 facet normal -0.000000e+00  0.000000e+00 -1.000000e+00
   outer loop
     vertex -1.341731e+01  6.706407e+00 -4.000000e+00
     vertex -1.374475e+01  6.006809e+00 -4.000000e+00
     vertex -1.866978e+01  9.286062e+00 -4.000000e+00
   endloop
 endfacet
 facet normal -0.000000e+00  0.000000e+00 -1.000000e+00
   outer loop
     vertex -1.305428e+01  7.388221e+00 -4.000000e+00
     vertex -1.341731e+01  6.706407e+00 -4.000000e+00
     vertex -1.816987e+01  1.000000e+01 -4.000000e+00
   endloop
 endfacet
 facet normal  0.000000e+00  0.000000e+00 -1.000000e+00
   outer loop
     vertex -1.305428e+01  7.388221e+00 -4.000000e+00
     vertex -1.816987e+01  1.000000e+01 -4.000000e+00
     vertex -1.796846e+01  1.038691e+01 -4.000000e+00
   endloop
 endfacet
 facet normal -0.000000e+00  0.000000e+00 -1.000000e+00
   outer loop
     vertex -1.265663e+01  8.050443e+00 -4.000000e+00
     vertex -1.305428e+01  7.388221e+00 -4.000000e+00
     vertex -1.796846e+01  1.038691e+01 -4.000000e+00
   endloop
 endfacet
 facet normal  0.000000e+00  0.000000e+00 -1.000000e+00
   outer loop
     vertex -1.265663e+01  8.050443e+00 -4.000000e+00
     vertex -1.796846e+01  1.038691e+01 -4.000000e+00
     vertex -1.780154e+01  1.078990e+01 -4.000000e+00
   endloop
 endfacet
 facet normal  0.000000e+00  0.000000e+00 -1.000000e+00
   outer loop
     vertex -1.222543e+01  8.691316e+00 -4.000000e+00
     vertex -1.780154e+01  1.078990e+01 -4.000000e+00
     vertex -1.767037e+01  1.120590e+01 -4.000000e+00
   endloop
 endfacet
 facet normal  0.000000e+00  0.000000e+00 -1.000000e+00
   outer loop
     vertex -1.222543e+01  8.691316e+00 -4.000000e+00
     vertex -1.767037e+01  1.120590e+01 -4.000000e+00
     vertex -1.757596e+01  1.163176e+01 -4.000000e+00
   endloop
 endfacet
 facet normal -0.000000e+00  0.000000e+00 -1.000000e+00
   outer loop
     vertex -1.222543e+01  8.691316e+00 -4.000000e+00
     vertex -1.265663e+01  8.050443e+00 -4.000000e+00
     vertex -1.780154e+01  1.078990e+01 -4.000000e+00
   endloop
 endfacet
 facet normal -0.000000e+00  0.000000e+00 -1.000000e+00
   outer loop
     vertex -1.176180e+01  9.309142e+00 -4.000000e+00
     vertex -1.222543e+01  8.691316e+00 -4.000000e+00
     vertex -1.757596e+01  1.163176e+01 -4.000000e+00
   endloop
 endfacet
 facet normal  0.000000e+00  0.000000e+00 -1.000000e+00
   outer loop
     vertex -1.176180e+01  9.309142e+00 -4.000000e+00
     vertex -1.757596e+01  1.163176e+01 -4.000000e+00
     vertex -1.751903e+01  1.206422e+01 -4.000000e+00
   endloop
 endfacet
 facet normal  0.000000e+00  0.000000e+00 -1.000000e+00
   outer loop
     vertex -1.126698e+01  9.902282e+00 -4.000000e+00
     vertex -1.751903e+01  1.206422e+01 -4.000000e+00
     vertex -1.750000e+01  1.250000e+01 -4.000000e+00
   endloop
 endfacet
 facet normal -0.000000e+00  0.000000e+00 -1.000000e+00
   outer loop
     vertex -1.126698e+01  9.902282e+00 -4.000000e+00
     vertex -1.176180e+01  9.309142e+00 -4.000000e+00
     vertex -1.751903e+01  1.206422e+01 -4.000000e+00
   endloop
 endfacet
 facet normal -0.000000e+00  0.000000e+00 -1.000000e+00
   outer loop
     vertex -1.074228e+01  1.046916e+01 -4.000000e+00
     vertex -1.126698e+01  9.902282e+00 -4.000000e+00
     vertex -1.750000e+01  1.250000e+01 -4.000000e+00
   endloop
 endfacet
 facet normal  0.000000e+00  0.000000e+00 -1.000000e+00
   outer loop
     vertex -1.074228e+01  1.046916e+01 -4.000000e+00
     vertex -1.750000e+01  1.250000e+01 -4.000000e+00
     vertex -1.751903e+01  1.293578e+01 -4.000000e+00
   endloop
 endfacet
 facet normal  0.000000e+00  0.000000e+00 -1.000000e+00
   outer loop
     vertex -1.074228e+01  1.046916e+01 -4.000000e+00
     vertex -1.751903e+01  1.293578e+01 -4.000000e+00
     vertex -1.757596e+01  1.336824e+01 -4.000000e+00
   endloop
 endfacet
 facet normal -0.000000e+00  0.000000e+00 -1.000000e+00
   outer loop
     vertex -1.018910e+01  1.100828e+01 -4.000000e+00
     vertex -1.074228e+01  1.046916e+01 -4.000000e+00
     vertex -1.757596e+01  1.336824e+01 -4.000000e+00
   endloop
 endfacet
 facet normal  0.000000e+00  0.000000e+00 -1.000000e+00
   outer loop
     vertex -1.018910e+01  1.100828e+01 -4.000000e+00
     vertex -1.757596e+01  1.336824e+01 -4.000000e+00
     vertex -1.767037e+01  1.379410e+01 -4.000000e+00
   endloop
 endfacet
 facet normal -0.000000e+00  0.000000e+00 -1.000000e+00
   outer loop
     vertex -9.608898e+00  1.151821e+01 -4.000000e+00
     vertex -1.018910e+01  1.100828e+01 -4.000000e+00
     vertex -1.767037e+01  1.379410e+01 -4.000000e+00
   endloop
 endfacet
 facet normal  0.000000e+00  0.000000e+00 -1.000000e+00
   outer loop
     vertex -9.608898e+00  1.151821e+01 -4.000000e+00
     vertex -1.767037e+01  1.379410e+01 -4.000000e+00
     vertex -1.780154e+01  1.421010e+01 -4.000000e+00
   endloop
 endfacet
 facet normal  0.000000e+00  0.000000e+00 -1.000000e+00
   outer loop
     vertex  1.891246e+01 -1.598276e+01 -4.000000e+00
     vertex  5.650918e+00 -1.389486e+01 -4.000000e+00
     vertex  6.358716e+00 -1.358553e+01 -4.000000e+00
   endloop
 endfacet
 facet normal  0.000000e+00  0.000000e+00 -1.000000e+00
   outer loop
     vertex  1.923589e+01 -1.628756e+01 -4.000000e+00
     vertex  5.650918e+00 -1.389486e+01 -4.000000e+00
     vertex  1.891246e+01 -1.598276e+01 -4.000000e+00
   endloop
 endfacet
 facet normal  0.000000e+00  0.000000e+00 -1.000000e+00
   outer loop
     vertex  1.923589e+01 -1.628756e+01 -4.000000e+00
     vertex  4.928136e+00 -1.416734e+01 -4.000000e+00
     vertex  5.650918e+00 -1.389486e+01 -4.000000e+00
   endloop
 endfacet
 facet normal  0.000000e+00  0.000000e+00 -1.000000e+00
   outer loop
     vertex  1.861738e+01 -1.565044e+01 -4.000000e+00
     vertex  6.358716e+00 -1.358553e+01 -4.000000e+00
     vertex  7.049651e+00 -1.324018e+01 -4.000000e+00
   endloop
 endfacet
 facet normal -0.000000e+00 -0.000000e+00 -1.000000e+00
   outer loop
     vertex  1.861738e+01 -1.565044e+01 -4.000000e+00
     vertex  1.891246e+01 -1.598276e+01 -4.000000e+00
     vertex  6.358716e+00 -1.358553e+01 -4.000000e+00
   endloop
 endfacet
 facet normal -0.000000e+00  0.000000e+00 -1.000000e+00
   outer loop
     vertex -9.003214e+00  1.199759e+01 -4.000000e+00
     vertex -9.608898e+00  1.151821e+01 -4.000000e+00
     vertex -1.780154e+01  1.421010e+01 -4.000000e+00
   endloop
 endfacet
 facet normal  0.000000e+00  0.000000e+00 -1.000000e+00
   outer loop
     vertex -9.003214e+00  1.199759e+01 -4.000000e+00
     vertex -1.780154e+01  1.421010e+01 -4.000000e+00
     vertex -1.796846e+01  1.461309e+01 -4.000000e+00
   endloop
 endfacet
 facet normal  0.000000e+00  0.000000e+00 -1.000000e+00
   outer loop
     vertex  1.958510e+01 -1.656243e+01 -4.000000e+00
     vertex  4.928136e+00 -1.416734e+01 -4.000000e+00
     vertex  1.923589e+01 -1.628756e+01 -4.000000e+00
   endloop
 endfacet
 facet normal  0.000000e+00  0.000000e+00 -1.000000e+00
   outer loop
     vertex  1.958510e+01 -1.656243e+01 -4.000000e+00
     vertex  4.192285e+00 -1.440225e+01 -4.000000e+00
     vertex  4.928136e+00 -1.416734e+01 -4.000000e+00
   endloop
 endfacet
 facet normal  0.000000e+00  0.000000e+00 -1.000000e+00
   outer loop
     vertex  1.835297e+01 -1.529323e+01 -4.000000e+00
     vertex  7.049651e+00 -1.324018e+01 -4.000000e+00
     vertex  7.721892e+00 -1.285972e+01 -4.000000e+00
   endloop
 endfacet
 facet normal -0.000000e+00 -0.000000e+00 -1.000000e+00
   outer loop
     vertex  1.835297e+01 -1.529323e+01 -4.000000e+00
     vertex  1.861738e+01 -1.565044e+01 -4.000000e+00
     vertex  7.049651e+00 -1.324018e+01 -4.000000e+00
   endloop
 endfacet
 facet normal  0.000000e+00  0.000000e+00 -1.000000e+00
   outer loop
     vertex  1.995734e+01 -1.680522e+01 -4.000000e+00
     vertex  4.192285e+00 -1.440225e+01 -4.000000e+00
     vertex  1.958510e+01 -1.656243e+01 -4.000000e+00
   endloop
 endfacet
 facet normal  0.000000e+00  0.000000e+00 -1.000000e+00
   outer loop
     vertex  1.995734e+01 -1.680522e+01 -4.000000e+00
     vertex  3.445316e+00 -1.459897e+01 -4.000000e+00
     vertex  4.192285e+00 -1.440225e+01 -4.000000e+00
   endloop
 endfacet
 facet normal  0.000000e+00  0.000000e+00 -1.000000e+00
   outer loop
     vertex  1.812133e+01 -1.491396e+01 -4.000000e+00
     vertex  7.721892e+00 -1.285972e+01 -4.000000e+00
     vertex  8.373656e+00 -1.244516e+01 -4.000000e+00
   endloop
 endfacet
 facet normal -0.000000e+00 -0.000000e+00 -1.000000e+00
   outer loop
     vertex  1.812133e+01 -1.491396e+01 -4.000000e+00
     vertex  1.835297e+01 -1.529323e+01 -4.000000e+00
     vertex  7.721892e+00 -1.285972e+01 -4.000000e+00
   endloop
 endfacet
 facet normal  0.000000e+00  0.000000e+00 -1.000000e+00
   outer loop
     vertex  2.034967e+01 -1.701399e+01 -4.000000e+00
     vertex  3.445316e+00 -1.459897e+01 -4.000000e+00
     vertex  1.995734e+01 -1.680522e+01 -4.000000e+00
   endloop
 endfacet
 facet normal  0.000000e+00  0.000000e+00 -1.000000e+00
   outer loop
     vertex  2.034967e+01 -1.701399e+01 -4.000000e+00
     vertex  1.925975e+00 -1.487584e+01 -4.000000e+00
     vertex  2.689211e+00 -1.475697e+01 -4.000000e+00
   endloop
 endfacet
 facet normal  0.000000e+00  0.000000e+00 -1.000000e+00
   outer loop
     vertex  2.034967e+01 -1.701399e+01 -4.000000e+00
     vertex  2.689211e+00 -1.475697e+01 -4.000000e+00
     vertex  3.445316e+00 -1.459897e+01 -4.000000e+00
   endloop
 endfacet
 facet normal  0.000000e+00  0.000000e+00 -1.000000e+00
   outer loop
     vertex  1.792427e+01 -1.451562e+01 -4.000000e+00
     vertex  8.373656e+00 -1.244516e+01 -4.000000e+00
     vertex  9.003214e+00 -1.199759e+01 -4.000000e+00
   endloop
 endfacet
 facet normal -0.000000e+00 -0.000000e+00 -1.000000e+00
   outer loop
     vertex  1.792427e+01 -1.451562e+01 -4.000000e+00
     vertex  1.812133e+01 -1.491396e+01 -4.000000e+00
     vertex  8.373656e+00 -1.244516e+01 -4.000000e+00
   endloop
 endfacet
 facet normal  0.000000e+00  0.000000e+00 -1.000000e+00
   outer loop
     vertex  2.075899e+01 -1.718710e+01 -4.000000e+00
     vertex  1.925975e+00 -1.487584e+01 -4.000000e+00
     vertex  2.034967e+01 -1.701399e+01 -4.000000e+00
   endloop
 endfacet
 facet normal  0.000000e+00  0.000000e+00 -1.000000e+00
   outer loop
     vertex  2.075899e+01 -1.718710e+01 -4.000000e+00
     vertex  1.157632e+00 -1.495526e+01 -4.000000e+00
     vertex  1.925975e+00 -1.487584e+01 -4.000000e+00
   endloop
 endfacet
 facet normal  0.000000e+00  0.000000e+00 -1.000000e+00
   outer loop
     vertex  1.776337e+01 -1.410135e+01 -4.000000e+00
     vertex  9.003214e+00 -1.199759e+01 -4.000000e+00
     vertex  9.608898e+00 -1.151821e+01 -4.000000e+00
   endloop
 endfacet
 facet normal -0.000000e+00 -0.000000e+00 -1.000000e+00
   outer loop
     vertex  1.776337e+01 -1.410135e+01 -4.000000e+00
     vertex  1.792427e+01 -1.451562e+01 -4.000000e+00
     vertex  9.003214e+00 -1.199759e+01 -4.000000e+00
   endloop
 endfacet
 facet normal  0.000000e+00  0.000000e+00 -1.000000e+00
   outer loop
     vertex  2.118206e+01 -1.732318e+01 -4.000000e+00
     vertex  1.157632e+00 -1.495526e+01 -4.000000e+00
     vertex  2.075899e+01 -1.718710e+01 -4.000000e+00
   endloop
 endfacet
 facet normal  0.000000e+00  0.000000e+00 -1.000000e+00
   outer loop
     vertex  2.118206e+01 -1.732318e+01 -4.000000e+00
     vertex  3.862187e-01 -1.499503e+01 -4.000000e+00
     vertex  1.157632e+00 -1.495526e+01 -4.000000e+00
   endloop
 endfacet
 facet normal  0.000000e+00  0.000000e+00 -1.000000e+00
   outer loop
     vertex  1.763989e+01 -1.367443e+01 -4.000000e+00
     vertex  9.608898e+00 -1.151821e+01 -4.000000e+00
     vertex  1.018910e+01 -1.100828e+01 -4.000000e+00
   endloop
 endfacet
 facet normal -0.000000e+00 -0.000000e+00 -1.000000e+00
   outer loop
     vertex  1.763989e+01 -1.367443e+01 -4.000000e+00
     vertex  1.776337e+01 -1.410135e+01 -4.000000e+00
     vertex  9.608898e+00 -1.151821e+01 -4.000000e+00
   endloop
 endfacet
 facet normal -0.000000e+00  0.000000e+00 -1.000000e+00
   outer loop
     vertex -8.373656e+00  1.244516e+01 -4.000000e+00
     vertex -9.003214e+00  1.199759e+01 -4.000000e+00
     vertex -1.796846e+01  1.461309e+01 -4.000000e+00
   endloop
 endfacet
 facet normal  0.000000e+00  0.000000e+00 -1.000000e+00
   outer loop
     vertex -8.373656e+00  1.244516e+01 -4.000000e+00
     vertex -1.796846e+01  1.461309e+01 -4.000000e+00
     vertex -1.816987e+01  1.500000e+01 -4.000000e+00
   endloop
 endfacet
 facet normal  0.000000e+00  0.000000e+00 -1.000000e+00
   outer loop
     vertex  2.161555e+01 -1.742115e+01 -4.000000e+00
     vertex  3.862187e-01 -1.499503e+01 -4.000000e+00
     vertex  2.118206e+01 -1.732318e+01 -4.000000e+00
   endloop
 endfacet
 facet normal  0.000000e+00  0.000000e+00 -1.000000e+00
   outer loop
     vertex  2.161555e+01 -1.742115e+01 -4.000000e+00
     vertex -2.120590e+01 -1.732963e+01 -4.000000e+00
     vertex  3.862187e-01 -1.499503e+01 -4.000000e+00
   endloop
 endfacet
 facet normal -0.000000e+00  0.000000e+00 -1.000000e+00
   outer loop
     vertex  2.161555e+01 -1.742115e+01 -4.000000e+00
     vertex -2.163176e+01 -1.742404e+01 -4.000000e+00
     vertex -2.120590e+01 -1.732963e+01 -4.000000e+00
   endloop
 endfacet
 facet normal  0.000000e+00  0.000000e+00 -1.000000e+00
   outer loop
     vertex  1.755480e+01 -1.323823e+01 -4.000000e+00
     vertex  1.018910e+01 -1.100828e+01 -4.000000e+00
     vertex  1.074228e+01 -1.046916e+01 -4.000000e+00
   endloop
 endfacet
 facet normal -0.000000e+00 -0.000000e+00 -1.000000e+00
   outer loop
     vertex  1.755480e+01 -1.323823e+01 -4.000000e+00
     vertex  1.763989e+01 -1.367443e+01 -4.000000e+00
     vertex  1.018910e+01 -1.100828e+01 -4.000000e+00
   endloop
 endfacet
 facet normal  0.000000e+00  0.000000e+00 -1.000000e+00
   outer loop
     vertex  2.205602e+01 -1.748025e+01 -4.000000e+00
     vertex -2.163176e+01 -1.742404e+01 -4.000000e+00
     vertex  2.161555e+01 -1.742115e+01 -4.000000e+00
   endloop
 endfacet
 facet normal -0.000000e+00  0.000000e+00 -1.000000e+00
   outer loop
     vertex  2.205602e+01 -1.748025e+01 -4.000000e+00
     vertex -2.206422e+01 -1.748097e+01 -4.000000e+00
     vertex -2.163176e+01 -1.742404e+01 -4.000000e+00
   endloop
 endfacet
 facet normal  0.000000e+00  0.000000e+00 -1.000000e+00
   outer loop
     vertex  1.750878e+01 -1.279620e+01 -4.000000e+00
     vertex  1.074228e+01 -1.046916e+01 -4.000000e+00
     vertex  1.126698e+01 -9.902282e+00 -4.000000e+00
   endloop
 endfacet
 facet normal -0.000000e+00 -0.000000e+00 -1.000000e+00
   outer loop
     vertex  1.750878e+01 -1.279620e+01 -4.000000e+00
     vertex  1.755480e+01 -1.323823e+01 -4.000000e+00
     vertex  1.074228e+01 -1.046916e+01 -4.000000e+00
   endloop
 endfacet
 facet normal -0.000000e+00  0.000000e+00 -1.000000e+00
   outer loop
     vertex -7.721892e+00  1.285972e+01 -4.000000e+00
     vertex -8.373656e+00  1.244516e+01 -4.000000e+00
     vertex -1.816987e+01  1.500000e+01 -4.000000e+00
   endloop
 endfacet
 facet normal  0.000000e+00  0.000000e+00 -1.000000e+00
   outer loop
     vertex -7.721892e+00  1.285972e+01 -4.000000e+00
     vertex -1.816987e+01  1.500000e+01 -4.000000e+00
     vertex -1.840424e+01  1.536788e+01 -4.000000e+00
   endloop
 endfacet
 facet normal -0.000000e+00 -0.000000e+00 -1.000000e+00
   outer loop
     vertex  1.750220e+01 -1.235183e+01 -4.000000e+00
     vertex  1.750878e+01 -1.279620e+01 -4.000000e+00
     vertex  1.126698e+01 -9.902282e+00 -4.000000e+00
   endloop
 endfacet
 facet normal  0.000000e+00  0.000000e+00 -1.000000e+00
   outer loop
     vertex  1.753509e+01 -1.190863e+01 -4.000000e+00
     vertex  1.126698e+01 -9.902282e+00 -4.000000e+00
     vertex  1.176180e+01 -9.309142e+00 -4.000000e+00
   endloop
 endfacet
 facet normal -0.000000e+00  0.000000e+00 -1.000000e+00
   outer loop
     vertex  1.753509e+01 -1.190863e+01 -4.000000e+00
     vertex  1.750220e+01 -1.235183e+01 -4.000000e+00
     vertex  1.126698e+01 -9.902282e+00 -4.000000e+00
   endloop
 endfacet
 facet normal  0.000000e+00  0.000000e+00 -1.000000e+00
   outer loop
     vertex  1.760722e+01 -1.147011e+01 -4.000000e+00
     vertex  1.176180e+01 -9.309142e+00 -4.000000e+00
     vertex  1.222543e+01 -8.691316e+00 -4.000000e+00
   endloop
 endfacet
 facet normal -0.000000e+00  0.000000e+00 -1.000000e+00
   outer loop
     vertex  1.760722e+01 -1.147011e+01 -4.000000e+00
     vertex  1.753509e+01 -1.190863e+01 -4.000000e+00
     vertex  1.176180e+01 -9.309142e+00 -4.000000e+00
   endloop
 endfacet
 facet normal -0.000000e+00  0.000000e+00 -1.000000e+00
   outer loop
     vertex -7.049651e+00  1.324018e+01 -4.000000e+00
     vertex -7.721892e+00  1.285972e+01 -4.000000e+00
     vertex -1.840424e+01  1.536788e+01 -4.000000e+00
   endloop
 endfacet
 facet normal  0.000000e+00  0.000000e+00 -1.000000e+00
   outer loop
     vertex -7.049651e+00  1.324018e+01 -4.000000e+00
     vertex -1.840424e+01  1.536788e+01 -4.000000e+00
     vertex -1.866978e+01  1.571394e+01 -4.000000e+00
   endloop
 endfacet
 facet normal  0.000000e+00  0.000000e+00 -1.000000e+00
   outer loop
     vertex  1.771800e+01 -1.103972e+01 -4.000000e+00
     vertex  1.222543e+01 -8.691316e+00 -4.000000e+00
     vertex  1.265663e+01 -8.050443e+00 -4.000000e+00
   endloop
 endfacet
 facet normal -0.000000e+00  0.000000e+00 -1.000000e+00
   outer loop
     vertex  1.771800e+01 -1.103972e+01 -4.000000e+00
     vertex  1.760722e+01 -1.147011e+01 -4.000000e+00
     vertex  1.222543e+01 -8.691316e+00 -4.000000e+00
   endloop
 endfacet
 facet normal  0.000000e+00  0.000000e+00 -1.000000e+00
   outer loop
     vertex -6.358716e+00  1.358553e+01 -4.000000e+00
     vertex -1.866978e+01  1.571394e+01 -4.000000e+00
     vertex -1.896447e+01  1.603553e+01 -4.000000e+00
   endloop
 endfacet
 facet normal -0.000000e+00  0.000000e+00 -1.000000e+00
   outer loop
     vertex -6.358716e+00  1.358553e+01 -4.000000e+00
     vertex -7.049651e+00  1.324018e+01 -4.000000e+00
     vertex -1.866978e+01  1.571394e+01 -4.000000e+00
   endloop
 endfacet
 facet normal -0.000000e+00  0.000000e+00 -1.000000e+00
   outer loop
     vertex  1.786655e+01 -1.062086e+01 -4.000000e+00
     vertex  1.771800e+01 -1.103972e+01 -4.000000e+00
     vertex  1.265663e+01 -8.050443e+00 -4.000000e+00
   endloop
 endfacet
 facet normal  0.000000e+00  0.000000e+00 -1.000000e+00
   outer loop
     vertex  1.805171e+01 -1.021685e+01 -4.000000e+00
     vertex  1.265663e+01 -8.050443e+00 -4.000000e+00
     vertex  1.305428e+01 -7.388221e+00 -4.000000e+00
   endloop
 endfacet
 facet normal -0.000000e+00  0.000000e+00 -1.000000e+00
   outer loop
     vertex  1.805171e+01 -1.021685e+01 -4.000000e+00
     vertex  1.786655e+01 -1.062086e+01 -4.000000e+00
     vertex  1.265663e+01 -8.050443e+00 -4.000000e+00
   endloop
 endfacet
 facet normal -0.000000e+00  0.000000e+00 -1.000000e+00
   outer loop
     vertex -5.650918e+00  1.389486e+01 -4.000000e+00
     vertex -6.358716e+00  1.358553e+01 -4.000000e+00
     vertex -1.896447e+01  1.603553e+01 -4.000000e+00
   endloop
 endfacet
 facet normal  0.000000e+00  0.000000e+00 -1.000000e+00
   outer loop
     vertex -5.650918e+00  1.389486e+01 -4.000000e+00
     vertex -1.896447e+01  1.603553e+01 -4.000000e+00
     vertex -1.928606e+01  1.633022e+01 -4.000000e+00
   endloop
 endfacet
 facet normal  0.000000e+00  0.000000e+00 -1.000000e+00
   outer loop
     vertex  1.827202e+01 -9.830883e+00 -4.000000e+00
     vertex  1.305428e+01 -7.388221e+00 -4.000000e+00
     vertex  1.341731e+01 -6.706407e+00 -4.000000e+00
   endloop
 endfacet
 facet normal -0.000000e+00  0.000000e+00 -1.000000e+00
   outer loop
     vertex  1.827202e+01 -9.830883e+00 -4.000000e+00
     vertex  1.805171e+01 -1.021685e+01 -4.000000e+00
     vertex  1.305428e+01 -7.388221e+00 -4.000000e+00
   endloop
 endfacet
 facet normal  0.000000e+00  0.000000e+00 -1.000000e+00
   outer loop
     vertex  1.852573e+01 -9.465999e+00 -4.000000e+00
     vertex  1.341731e+01 -6.706407e+00 -4.000000e+00
     vertex  1.374475e+01 -6.006809e+00 -4.000000e+00
   endloop
 endfacet
 facet normal -0.000000e+00  0.000000e+00 -1.000000e+00
   outer loop
     vertex  1.852573e+01 -9.465999e+00 -4.000000e+00
     vertex  1.827202e+01 -9.830883e+00 -4.000000e+00
     vertex  1.341731e+01 -6.706407e+00 -4.000000e+00
   endloop
 endfacet
 facet normal -0.000000e+00  0.000000e+00 -1.000000e+00
   outer loop
     vertex -4.928136e+00  1.416734e+01 -4.000000e+00
     vertex -5.650918e+00  1.389486e+01 -4.000000e+00
     vertex -1.928606e+01  1.633022e+01 -4.000000e+00
   endloop
 endfacet
 facet normal  0.000000e+00  0.000000e+00 -1.000000e+00
   outer loop
     vertex -4.928136e+00  1.416734e+01 -4.000000e+00
     vertex -1.928606e+01  1.633022e+01 -4.000000e+00
     vertex -1.963212e+01  1.659576e+01 -4.000000e+00
   endloop
 endfacet
 facet normal  0.000000e+00  0.000000e+00 -1.000000e+00
   outer loop
     vertex  1.881083e+01 -9.125085e+00 -4.000000e+00
     vertex  1.374475e+01 -6.006809e+00 -4.000000e+00
     vertex  1.403575e+01 -5.291281e+00 -4.000000e+00
   endloop
 endfacet
 facet normal -0.000000e+00  0.000000e+00 -1.000000e+00
   outer loop
     vertex  1.881083e+01 -9.125085e+00 -4.000000e+00
     vertex  1.852573e+01 -9.465999e+00 -4.000000e+00
     vertex  1.374475e+01 -6.006809e+00 -4.000000e+00
   endloop
 endfacet
 facet normal -0.000000e+00  0.000000e+00 -1.000000e+00
   outer loop
     vertex -4.192285e+00  1.440225e+01 -4.000000e+00
     vertex -4.928136e+00  1.416734e+01 -4.000000e+00
     vertex -1.963212e+01  1.659576e+01 -4.000000e+00
   endloop
 endfacet
 facet normal  0.000000e+00  0.000000e+00 -1.000000e+00
   outer loop
     vertex -4.192285e+00  1.440225e+01 -4.000000e+00
     vertex -1.963212e+01  1.659576e+01 -4.000000e+00
     vertex -2.000000e+01  1.683013e+01 -4.000000e+00
   endloop
 endfacet
 facet normal -0.000000e+00  0.000000e+00 -1.000000e+00
   outer loop
     vertex  1.912508e+01 -8.810834e+00 -4.000000e+00
     vertex  1.881083e+01 -9.125085e+00 -4.000000e+00
     vertex  1.403575e+01 -5.291281e+00 -4.000000e+00
   endloop
 endfacet
 facet normal  0.000000e+00  0.000000e+00 -1.000000e+00
   outer loop
     vertex  1.946600e+01 -8.525728e+00 -4.000000e+00
     vertex  1.403575e+01 -5.291281e+00 -4.000000e+00
     vertex  1.428953e+01 -4.561722e+00 -4.000000e+00
   endloop
 endfacet
 facet normal -0.000000e+00  0.000000e+00 -1.000000e+00
   outer loop
     vertex  1.946600e+01 -8.525728e+00 -4.000000e+00
     vertex  1.912508e+01 -8.810834e+00 -4.000000e+00
     vertex  1.403575e+01 -5.291281e+00 -4.000000e+00
   endloop
 endfacet
 facet normal -0.000000e+00  0.000000e+00 -1.000000e+00
   outer loop
     vertex -3.445316e+00  1.459897e+01 -4.000000e+00
     vertex -4.192285e+00  1.440225e+01 -4.000000e+00
     vertex -2.000000e+01  1.683013e+01 -4.000000e+00
   endloop
 endfacet
 facet normal  0.000000e+00  0.000000e+00 -1.000000e+00
   outer loop
     vertex -3.445316e+00  1.459897e+01 -4.000000e+00
     vertex -2.000000e+01  1.683013e+01 -4.000000e+00
     vertex -2.038691e+01  1.703154e+01 -4.000000e+00
   endloop
 endfacet
 facet normal  0.000000e+00  0.000000e+00 -1.000000e+00
   outer loop
     vertex  1.983088e+01 -8.272020e+00 -4.000000e+00
     vertex  1.428953e+01 -4.561722e+00 -4.000000e+00
     vertex  1.450542e+01 -3.820067e+00 -4.000000e+00
   endloop
 endfacet
 facet normal -0.000000e+00  0.000000e+00 -1.000000e+00
   outer loop
     vertex  1.983088e+01 -8.272020e+00 -4.000000e+00
     vertex  1.946600e+01 -8.525728e+00 -4.000000e+00
     vertex  1.428953e+01 -4.561722e+00 -4.000000e+00
   endloop
 endfacet
 facet normal -0.000000e+00  0.000000e+00 -1.000000e+00
   outer loop
     vertex -2.689211e+00  1.475697e+01 -4.000000e+00
     vertex -3.445316e+00  1.459897e+01 -4.000000e+00
     vertex -2.038691e+01  1.703154e+01 -4.000000e+00
   endloop
 endfacet
 facet normal  0.000000e+00  0.000000e+00 -1.000000e+00
   outer loop
     vertex  2.021685e+01 -8.051715e+00 -4.000000e+00
     vertex  1.450542e+01 -3.820067e+00 -4.000000e+00
     vertex  1.468284e+01 -3.068281e+00 -4.000000e+00
   endloop
 endfacet
 facet normal -0.000000e+00  0.000000e+00 -1.000000e+00
   outer loop
     vertex  2.021685e+01 -8.051715e+00 -4.000000e+00
     vertex  1.983088e+01 -8.272020e+00 -4.000000e+00
     vertex  1.450542e+01 -3.820067e+00 -4.000000e+00
   endloop
 endfacet
 facet normal  0.000000e+00  0.000000e+00 -1.000000e+00
   outer loop
     vertex  2.062086e+01 -7.866552e+00 -4.000000e+00
     vertex  1.468284e+01 -3.068281e+00 -4.000000e+00
     vertex  1.482132e+01 -2.308359e+00 -4.000000e+00
   endloop
 endfacet
 facet normal -0.000000e+00  0.000000e+00 -1.000000e+00
   outer loop
     vertex  2.062086e+01 -7.866552e+00 -4.000000e+00
     vertex  2.021685e+01 -8.051715e+00 -4.000000e+00
     vertex  1.468284e+01 -3.068281e+00 -4.000000e+00
   endloop
 endfacet
 facet normal -0.000000e+00  0.000000e+00 -1.000000e+00
   outer loop
     vertex  2.103972e+01 -7.717995e+00 -4.000000e+00
     vertex  2.062086e+01 -7.866552e+00 -4.000000e+00
     vertex  1.482132e+01 -2.308359e+00 -4.000000e+00
   endloop
 endfacet
 facet normal  0.000000e+00  0.000000e+00 -1.000000e+00
   outer loop
     vertex  2.147011e+01 -7.607218e+00 -4.000000e+00
     vertex  1.482132e+01 -2.308359e+00 -4.000000e+00
     vertex  1.492050e+01 -1.542315e+00 -4.000000e+00
   endloop
 endfacet
 facet normal -0.000000e+00  0.000000e+00 -1.000000e+00
   outer loop
     vertex  2.147011e+01 -7.607218e+00 -4.000000e+00
     vertex  2.103972e+01 -7.717995e+00 -4.000000e+00
     vertex  1.482132e+01 -2.308359e+00 -4.000000e+00
   endloop
 endfacet
 facet normal -0.000000e+00  0.000000e+00 -1.000000e+00
   outer loop
     vertex  2.190863e+01 -7.535095e+00 -4.000000e+00
     vertex  2.147011e+01 -7.607218e+00 -4.000000e+00
     vertex  1.492050e+01 -1.542315e+00 -4.000000e+00
   endloop
 endfacet
 facet normal  0.000000e+00  0.000000e+00 -1.000000e+00
   outer loop
     vertex  2.190863e+01 -7.535095e+00 -4.000000e+00
     vertex  1.492050e+01 -1.542315e+00 -4.000000e+00
     vertex  1.498011e+01 -7.721813e-01 -4.000000e+00
   endloop
 endfacet
 facet normal -0.000000e+00  0.000000e+00 -1.000000e+00
   outer loop
     vertex  2.235183e+01 -7.502196e+00 -4.000000e+00
     vertex  2.190863e+01 -7.535095e+00 -4.000000e+00
     vertex  1.498011e+01 -7.721813e-01 -4.000000e+00
   endloop
 endfacet
 facet normal  0.000000e+00 -0.000000e+00 -1.000000e+00
   outer loop
     vertex  1.500000e+01 -3.673940e-15 -4.000000e+00
     vertex  2.235183e+01 -7.502196e+00 -4.000000e+00
     vertex  1.498011e+01 -7.721813e-01 -4.000000e+00
   endloop
 endfacet
 facet normal  0.000000e+00  0.000000e+00 -1.000000e+00
   outer loop
     vertex  1.881083e+01  9.125085e+00 -4.000000e+00
     vertex  1.403575e+01  5.291281e+00 -4.000000e+00
     vertex  1.374475e+01  6.006809e+00 -4.000000e+00
   endloop
 endfacet
 facet normal -0.000000e+00  0.000000e+00 -1.000000e+00
   outer loop
     vertex  1.912508e+01  8.810834e+00 -4.000000e+00
     vertex  1.403575e+01  5.291281e+00 -4.000000e+00
     vertex  1.881083e+01  9.125085e+00 -4.000000e+00
   endloop
 endfacet
 facet normal  0.000000e+00 -0.000000e+00 -1.000000e+00
   outer loop
     vertex  1.852573e+01  9.465999e+00 -4.000000e+00
     vertex  1.881083e+01  9.125085e+00 -4.000000e+00
     vertex  1.374475e+01  6.006809e+00 -4.000000e+00
   endloop
 endfacet
 facet normal  0.000000e+00  0.000000e+00 -1.000000e+00
   outer loop
     vertex  1.852573e+01  9.465999e+00 -4.000000e+00
     vertex  1.374475e+01  6.006809e+00 -4.000000e+00
     vertex  1.341731e+01  6.706407e+00 -4.000000e+00
   endloop
 endfacet
 facet normal  0.000000e+00  0.000000e+00 -1.000000e+00
   outer loop
     vertex  1.946600e+01  8.525728e+00 -4.000000e+00
     vertex  1.428953e+01  4.561722e+00 -4.000000e+00
     vertex  1.403575e+01  5.291281e+00 -4.000000e+00
   endloop
 endfacet
 facet normal -0.000000e+00  0.000000e+00 -1.000000e+00
   outer loop
     vertex  1.946600e+01  8.525728e+00 -4.000000e+00
     vertex  1.403575e+01  5.291281e+00 -4.000000e+00
     vertex  1.912508e+01  8.810834e+00 -4.000000e+00
   endloop
 endfacet
 facet normal  0.000000e+00  0.000000e+00 -1.000000e+00
   outer loop
     vertex  1.983088e+01  8.272020e+00 -4.000000e+00
     vertex  1.450542e+01  3.820067e+00 -4.000000e+00
     vertex  1.428953e+01  4.561722e+00 -4.000000e+00
   endloop
 endfacet
 facet normal -0.000000e+00  0.000000e+00 -1.000000e+00
   outer loop
     vertex  1.983088e+01  8.272020e+00 -4.000000e+00
     vertex  1.428953e+01  4.561722e+00 -4.000000e+00
     vertex  1.946600e+01  8.525728e+00 -4.000000e+00
   endloop
 endfacet
 facet normal  0.000000e+00  0.000000e+00 -1.000000e+00
   outer loop
     vertex  1.827202e+01  9.830883e+00 -4.000000e+00
     vertex  1.341731e+01  6.706407e+00 -4.000000e+00
     vertex  1.305428e+01  7.388221e+00 -4.000000e+00
   endloop
 endfacet
 facet normal  0.000000e+00 -0.000000e+00 -1.000000e+00
   outer loop
     vertex  1.827202e+01  9.830883e+00 -4.000000e+00
     vertex  1.852573e+01  9.465999e+00 -4.000000e+00
     vertex  1.341731e+01  6.706407e+00 -4.000000e+00
   endloop
 endfacet
 facet normal  0.000000e+00  0.000000e+00 -1.000000e+00
   outer loop
     vertex  1.805171e+01  1.021685e+01 -4.000000e+00
     vertex  1.305428e+01  7.388221e+00 -4.000000e+00
     vertex  1.265663e+01  8.050443e+00 -4.000000e+00
   endloop
 endfacet
 facet normal  0.000000e+00 -0.000000e+00 -1.000000e+00
   outer loop
     vertex  1.805171e+01  1.021685e+01 -4.000000e+00
     vertex  1.827202e+01  9.830883e+00 -4.000000e+00
     vertex  1.305428e+01  7.388221e+00 -4.000000e+00
   endloop
 endfacet
 facet normal  0.000000e+00  0.000000e+00 -1.000000e+00
   outer loop
     vertex  2.021685e+01  8.051715e+00 -4.000000e+00
     vertex  1.468284e+01  3.068281e+00 -4.000000e+00
     vertex  1.450542e+01  3.820067e+00 -4.000000e+00
   endloop
 endfacet
 facet normal -0.000000e+00  0.000000e+00 -1.000000e+00
   outer loop
     vertex  2.021685e+01  8.051715e+00 -4.000000e+00
     vertex  1.450542e+01  3.820067e+00 -4.000000e+00
     vertex  1.983088e+01  8.272020e+00 -4.000000e+00
   endloop
 endfacet
 facet normal  0.000000e+00 -0.000000e+00 -1.000000e+00
   outer loop
     vertex  1.786655e+01  1.062086e+01 -4.000000e+00
     vertex  1.805171e+01  1.021685e+01 -4.000000e+00
     vertex  1.265663e+01  8.050443e+00 -4.000000e+00
   endloop
 endfacet
 facet normal  0.000000e+00  0.000000e+00 -1.000000e+00
   outer loop
     vertex  2.062086e+01  7.866552e+00 -4.000000e+00
     vertex  1.482132e+01  2.308359e+00 -4.000000e+00
     vertex  1.468284e+01  3.068281e+00 -4.000000e+00
   endloop
 endfacet
 facet normal -0.000000e+00  0.000000e+00 -1.000000e+00
   outer loop
     vertex  2.062086e+01  7.866552e+00 -4.000000e+00
     vertex  1.468284e+01  3.068281e+00 -4.000000e+00
     vertex  2.021685e+01  8.051715e+00 -4.000000e+00
   endloop
 endfacet
 facet normal -0.000000e+00  0.000000e+00 -1.000000e+00
   outer loop
     vertex  2.103972e+01  7.717995e+00 -4.000000e+00
     vertex  1.482132e+01  2.308359e+00 -4.000000e+00
     vertex  2.062086e+01  7.866552e+00 -4.000000e+00
   endloop
 endfacet
 facet normal  0.000000e+00  0.000000e+00 -1.000000e+00
   outer loop
     vertex  1.771800e+01  1.103972e+01 -4.000000e+00
     vertex  1.265663e+01  8.050443e+00 -4.000000e+00
     vertex  1.222543e+01  8.691316e+00 -4.000000e+00
   endloop
 endfacet
 facet normal  0.000000e+00 -0.000000e+00 -1.000000e+00
   outer loop
     vertex  1.771800e+01  1.103972e+01 -4.000000e+00
     vertex  1.786655e+01  1.062086e+01 -4.000000e+00
     vertex  1.265663e+01  8.050443e+00 -4.000000e+00
   endloop
 endfacet
 facet normal  0.000000e+00  0.000000e+00 -1.000000e+00
   outer loop
     vertex  2.147011e+01  7.607218e+00 -4.000000e+00
     vertex  1.492050e+01  1.542315e+00 -4.000000e+00
     vertex  1.482132e+01  2.308359e+00 -4.000000e+00
   endloop
 endfacet
 facet normal -0.000000e+00  0.000000e+00 -1.000000e+00
   outer loop
     vertex  2.147011e+01  7.607218e+00 -4.000000e+00
     vertex  1.482132e+01  2.308359e+00 -4.000000e+00
     vertex  2.103972e+01  7.717995e+00 -4.000000e+00
   endloop
 endfacet
 facet normal  0.000000e+00  0.000000e+00 -1.000000e+00
   outer loop
     vertex  1.760722e+01  1.147011e+01 -4.000000e+00
     vertex  1.222543e+01  8.691316e+00 -4.000000e+00
     vertex  1.176180e+01  9.309142e+00 -4.000000e+00
   endloop
 endfacet
 facet normal  0.000000e+00 -0.000000e+00 -1.000000e+00
   outer loop
     vertex  1.760722e+01  1.147011e+01 -4.000000e+00
     vertex  1.771800e+01  1.103972e+01 -4.000000e+00
     vertex  1.222543e+01  8.691316e+00 -4.000000e+00
   endloop
 endfacet
 facet normal  0.000000e+00  0.000000e+00 -1.000000e+00
   outer loop
     vertex  2.190863e+01  7.535095e+00 -4.000000e+00
     vertex  1.498011e+01  7.721813e-01 -4.000000e+00
     vertex  1.492050e+01  1.542315e+00 -4.000000e+00
   endloop
 endfacet
 facet normal -0.000000e+00  0.000000e+00 -1.000000e+00
   outer loop
     vertex  2.190863e+01  7.535095e+00 -4.000000e+00
     vertex  1.492050e+01  1.542315e+00 -4.000000e+00
     vertex  2.147011e+01  7.607218e+00 -4.000000e+00
   endloop
 endfacet
 facet normal  0.000000e+00  0.000000e+00 -1.000000e+00
   outer loop
     vertex  1.753509e+01  1.190863e+01 -4.000000e+00
     vertex  1.176180e+01  9.309142e+00 -4.000000e+00
     vertex  1.126698e+01  9.902282e+00 -4.000000e+00
   endloop
 endfacet
 facet normal  0.000000e+00 -0.000000e+00 -1.000000e+00
   outer loop
     vertex  1.753509e+01  1.190863e+01 -4.000000e+00
     vertex  1.760722e+01  1.147011e+01 -4.000000e+00
     vertex  1.176180e+01  9.309142e+00 -4.000000e+00
   endloop
 endfacet
 facet normal  0.000000e+00  0.000000e+00 -1.000000e+00
   outer loop
     vertex  2.235183e+01  7.502196e+00 -4.000000e+00
     vertex  1.500000e+01 -3.673940e-15 -4.000000e+00
     vertex  1.498011e+01  7.721813e-01 -4.000000e+00
   endloop
 endfacet
 facet normal  0.000000e+00 -0.000000e+00 -1.000000e+00
   outer loop
     vertex  2.235183e+01  7.502196e+00 -4.000000e+00
     vertex  2.235183e+01 -7.502196e+00 -4.000000e+00
     vertex  1.500000e+01 -3.673940e-15 -4.000000e+00
   endloop
 endfacet
 facet normal -0.000000e+00  0.000000e+00 -1.000000e+00
   outer loop
     vertex  2.235183e+01  7.502196e+00 -4.000000e+00
     vertex  1.498011e+01  7.721813e-01 -4.000000e+00
     vertex  2.190863e+01  7.535095e+00 -4.000000e+00
   endloop
 endfacet
 facet normal  0.000000e+00 -0.000000e+00 -1.000000e+00
   outer loop
     vertex  1.750220e+01  1.235183e+01 -4.000000e+00
     vertex  1.753509e+01  1.190863e+01 -4.000000e+00
     vertex  1.126698e+01  9.902282e+00 -4.000000e+00
   endloop
 endfacet
 facet normal  0.000000e+00  0.000000e+00 -1.000000e+00
   outer loop
     vertex  2.279620e+01  7.508781e+00 -4.000000e+00
     vertex  2.235183e+01 -7.502196e+00 -4.000000e+00
     vertex  2.235183e+01  7.502196e+00 -4.000000e+00
   endloop
 endfacet
 facet normal  0.000000e+00 -0.000000e+00 -1.000000e+00
   outer loop
     vertex  2.279620e+01  7.508781e+00 -4.000000e+00
     vertex  2.279620e+01 -7.508781e+00 -4.000000e+00
     vertex  2.235183e+01 -7.502196e+00 -4.000000e+00
   endloop
 endfacet
 facet normal  0.000000e+00  0.000000e+00 -1.000000e+00
   outer loop
     vertex  1.750878e+01  1.279620e+01 -4.000000e+00
     vertex  1.126698e+01  9.902282e+00 -4.000000e+00
     vertex  1.074228e+01  1.046916e+01 -4.000000e+00
   endloop
 endfacet
 facet normal  0.000000e+00  0.000000e+00 -1.000000e+00
   outer loop
     vertex  1.750878e+01  1.279620e+01 -4.000000e+00
     vertex  1.750220e+01  1.235183e+01 -4.000000e+00
     vertex  1.126698e+01  9.902282e+00 -4.000000e+00
   endloop
 endfacet
 facet normal  0.000000e+00  0.000000e+00 -1.000000e+00
   outer loop
     vertex  2.323823e+01  7.554799e+00 -4.000000e+00
     vertex  2.279620e+01 -7.508781e+00 -4.000000e+00
     vertex  2.279620e+01  7.508781e+00 -4.000000e+00
   endloop
 endfacet
 facet normal  0.000000e+00 -0.000000e+00 -1.000000e+00
   outer loop
     vertex  2.323823e+01  7.554799e+00 -4.000000e+00
     vertex  2.323823e+01 -7.554799e+00 -4.000000e+00
     vertex  2.279620e+01 -7.508781e+00 -4.000000e+00
   endloop
 endfacet
 facet normal  0.000000e+00  0.000000e+00 -1.000000e+00
   outer loop
     vertex  1.755480e+01  1.323823e+01 -4.000000e+00
     vertex  1.750878e+01  1.279620e+01 -4.000000e+00
     vertex  1.074228e+01  1.046916e+01 -4.000000e+00
   endloop
 endfacet
 facet normal  0.000000e+00  0.000000e+00 -1.000000e+00
   outer loop
     vertex  1.755480e+01  1.323823e+01 -4.000000e+00
     vertex  1.074228e+01  1.046916e+01 -4.000000e+00
     vertex  1.018910e+01  1.100828e+01 -4.000000e+00
   endloop
 endfacet
 facet normal  0.000000e+00  0.000000e+00 -1.000000e+00
   outer loop
     vertex  2.367443e+01  7.639885e+00 -4.000000e+00
     vertex  2.323823e+01 -7.554799e+00 -4.000000e+00
     vertex  2.323823e+01  7.554799e+00 -4.000000e+00
   endloop
 endfacet
 facet normal  0.000000e+00  0.000000e+00 -1.000000e+00
   outer loop
     vertex  2.367443e+01  7.639885e+00 -4.000000e+00
     vertex  2.410135e+01 -7.763368e+00 -4.000000e+00
     vertex  2.367443e+01 -7.639885e+00 -4.000000e+00
   endloop
 endfacet
 facet normal  0.000000e+00 -0.000000e+00 -1.000000e+00
   outer loop
     vertex  2.367443e+01  7.639885e+00 -4.000000e+00
     vertex  2.367443e+01 -7.639885e+00 -4.000000e+00
     vertex  2.323823e+01 -7.554799e+00 -4.000000e+00
   endloop
 endfacet
 facet normal  0.000000e+00  0.000000e+00 -1.000000e+00
   outer loop
     vertex  1.763989e+01  1.367443e+01 -4.000000e+00
     vertex  1.018910e+01  1.100828e+01 -4.000000e+00
     vertex  9.608898e+00  1.151821e+01 -4.000000e+00
   endloop
 endfacet
 facet normal  0.000000e+00  0.000000e+00 -1.000000e+00
   outer loop
     vertex  1.763989e+01  1.367443e+01 -4.000000e+00
     vertex  1.755480e+01  1.323823e+01 -4.000000e+00
     vertex  1.018910e+01  1.100828e+01 -4.000000e+00
   endloop
 endfacet
 facet normal  0.000000e+00 -0.000000e+00 -1.000000e+00
   outer loop
     vertex  2.410135e+01  7.763368e+00 -4.000000e+00
     vertex  2.410135e+01 -7.763368e+00 -4.000000e+00
     vertex  2.367443e+01  7.639885e+00 -4.000000e+00
   endloop
 endfacet
 facet normal  0.000000e+00  0.000000e+00 -1.000000e+00
   outer loop
     vertex  2.410135e+01  7.763368e+00 -4.000000e+00
     vertex  2.451562e+01 -7.924272e+00 -4.000000e+00
     vertex  2.410135e+01 -7.763368e+00 -4.000000e+00
   endloop
 endfacet
 facet normal  0.000000e+00  0.000000e+00 -1.000000e+00
   outer loop
     vertex  1.776337e+01  1.410135e+01 -4.000000e+00
     vertex  9.608898e+00  1.151821e+01 -4.000000e+00
     vertex  9.003214e+00  1.199759e+01 -4.000000e+00
   endloop
 endfacet
 facet normal  0.000000e+00  0.000000e+00 -1.000000e+00
   outer loop
     vertex  1.776337e+01  1.410135e+01 -4.000000e+00
     vertex  1.763989e+01  1.367443e+01 -4.000000e+00
     vertex  9.608898e+00  1.151821e+01 -4.000000e+00
   endloop
 endfacet
 facet normal  0.000000e+00 -0.000000e+00 -1.000000e+00
   outer loop
     vertex  2.451562e+01  7.924272e+00 -4.000000e+00
     vertex  2.451562e+01 -7.924272e+00 -4.000000e+00
     vertex  2.410135e+01  7.763368e+00 -4.000000e+00
   endloop
 endfacet
 facet normal  0.000000e+00  0.000000e+00 -1.000000e+00
   outer loop
     vertex  1.792427e+01  1.451562e+01 -4.000000e+00
     vertex  1.776337e+01  1.410135e+01 -4.000000e+00
     vertex  9.003214e+00  1.199759e+01 -4.000000e+00
   endloop
 endfacet
 facet normal  0.000000e+00  0.000000e+00 -1.000000e+00
   outer loop
     vertex  1.792427e+01  1.451562e+01 -4.000000e+00
     vertex  9.003214e+00  1.199759e+01 -4.000000e+00
     vertex  8.373656e+00  1.244516e+01 -4.000000e+00
   endloop
 endfacet
 facet normal  0.000000e+00  0.000000e+00 -1.000000e+00
   outer loop
     vertex  2.491396e+01  8.121325e+00 -4.000000e+00
     vertex  2.451562e+01 -7.924272e+00 -4.000000e+00
     vertex  2.451562e+01  7.924272e+00 -4.000000e+00
   endloop
 endfacet
 facet normal  0.000000e+00 -0.000000e+00 -1.000000e+00
   outer loop
     vertex  2.491396e+01  8.121325e+00 -4.000000e+00
     vertex  2.491396e+01 -8.121325e+00 -4.000000e+00
     vertex  2.451562e+01 -7.924272e+00 -4.000000e+00
   endloop
 endfacet
 facet normal  0.000000e+00  0.000000e+00 -1.000000e+00
   outer loop
     vertex  1.812133e+01  1.491396e+01 -4.000000e+00
     vertex  8.373656e+00  1.244516e+01 -4.000000e+00
     vertex  7.721892e+00  1.285972e+01 -4.000000e+00
   endloop
 endfacet
 facet normal  0.000000e+00  0.000000e+00 -1.000000e+00
   outer loop
     vertex  1.812133e+01  1.491396e+01 -4.000000e+00
     vertex  1.792427e+01  1.451562e+01 -4.000000e+00
     vertex  8.373656e+00  1.244516e+01 -4.000000e+00
   endloop
 endfacet
 facet normal  0.000000e+00  0.000000e+00 -1.000000e+00
   outer loop
     vertex  2.529323e+01  8.352972e+00 -4.000000e+00
     vertex  2.491396e+01 -8.121325e+00 -4.000000e+00
     vertex  2.491396e+01  8.121325e+00 -4.000000e+00
   endloop
 endfacet
 facet normal  0.000000e+00  0.000000e+00 -1.000000e+00
   outer loop
     vertex  2.529323e+01  8.352972e+00 -4.000000e+00
     vertex  2.565044e+01 -8.617381e+00 -4.000000e+00
     vertex  2.529323e+01 -8.352972e+00 -4.000000e+00
   endloop
 endfacet
 facet normal  0.000000e+00 -0.000000e+00 -1.000000e+00
   outer loop
     vertex  2.529323e+01  8.352972e+00 -4.000000e+00
     vertex  2.529323e+01 -8.352972e+00 -4.000000e+00
     vertex  2.491396e+01 -8.121325e+00 -4.000000e+00
   endloop
 endfacet
 facet normal  0.000000e+00  0.000000e+00 -1.000000e+00
   outer loop
     vertex  1.835297e+01  1.529323e+01 -4.000000e+00
     vertex  7.721892e+00  1.285972e+01 -4.000000e+00
     vertex  7.049651e+00  1.324018e+01 -4.000000e+00
   endloop
 endfacet
 facet normal  0.000000e+00  0.000000e+00 -1.000000e+00
   outer loop
     vertex  1.835297e+01  1.529323e+01 -4.000000e+00
     vertex  1.812133e+01  1.491396e+01 -4.000000e+00
     vertex  7.721892e+00  1.285972e+01 -4.000000e+00
   endloop
 endfacet
 facet normal  0.000000e+00 -0.000000e+00 -1.000000e+00
   outer loop
     vertex  2.565044e+01  8.617381e+00 -4.000000e+00
     vertex  2.565044e+01 -8.617381e+00 -4.000000e+00
     vertex  2.529323e+01  8.352972e+00 -4.000000e+00
   endloop
 endfacet
 facet normal  0.000000e+00  0.000000e+00 -1.000000e+00
   outer loop
     vertex  1.861738e+01  1.565044e+01 -4.000000e+00
     vertex  7.049651e+00  1.324018e+01 -4.000000e+00
     vertex  6.358716e+00  1.358553e+01 -4.000000e+00
   endloop
 endfacet
 facet normal  0.000000e+00  0.000000e+00 -1.000000e+00
   outer loop
     vertex  1.861738e+01  1.565044e+01 -4.000000e+00
     vertex  1.835297e+01  1.529323e+01 -4.000000e+00
     vertex  7.049651e+00  1.324018e+01 -4.000000e+00
   endloop
 endfacet
 facet normal  0.000000e+00  0.000000e+00 -1.000000e+00
   outer loop
     vertex  2.598276e+01  8.912464e+00 -4.000000e+00
     vertex  2.565044e+01 -8.617381e+00 -4.000000e+00
     vertex  2.565044e+01  8.617381e+00 -4.000000e+00
   endloop
 endfacet
 facet normal  0.000000e+00 -0.000000e+00 -1.000000e+00
   outer loop
     vertex  2.598276e+01  8.912464e+00 -4.000000e+00
     vertex  2.598276e+01 -8.912464e+00 -4.000000e+00
     vertex  2.565044e+01 -8.617381e+00 -4.000000e+00
   endloop
 endfacet
 facet normal  0.000000e+00  0.000000e+00 -1.000000e+00
   outer loop
     vertex  1.891246e+01  1.598276e+01 -4.000000e+00
     vertex  6.358716e+00  1.358553e+01 -4.000000e+00
     vertex  5.650918e+00  1.389486e+01 -4.000000e+00
   endloop
 endfacet
 facet normal  0.000000e+00  0.000000e+00 -1.000000e+00
   outer loop
     vertex  1.891246e+01  1.598276e+01 -4.000000e+00
     vertex  1.861738e+01  1.565044e+01 -4.000000e+00
     vertex  6.358716e+00  1.358553e+01 -4.000000e+00
   endloop
 endfacet
 facet normal  0.000000e+00  0.000000e+00 -1.000000e+00
   outer loop
     vertex  2.628756e+01  9.235889e+00 -4.000000e+00
     vertex  2.598276e+01 -8.912464e+00 -4.000000e+00
     vertex  2.598276e+01  8.912464e+00 -4.000000e+00
   endloop
 endfacet
 facet normal  0.000000e+00 -0.000000e+00 -1.000000e+00
   outer loop
     vertex  2.628756e+01  9.235889e+00 -4.000000e+00
     vertex  2.628756e+01 -9.235889e+00 -4.000000e+00
     vertex  2.598276e+01 -8.912464e+00 -4.000000e+00
   endloop
 endfacet
 facet normal  0.000000e+00  0.000000e+00 -1.000000e+00
   outer loop
     vertex  1.923589e+01  1.628756e+01 -4.000000e+00
     vertex  5.650918e+00  1.389486e+01 -4.000000e+00
     vertex  4.928136e+00  1.416734e+01 -4.000000e+00
   endloop
 endfacet
 facet normal  0.000000e+00  0.000000e+00 -1.000000e+00
   outer loop
     vertex  1.923589e+01  1.628756e+01 -4.000000e+00
     vertex  1.891246e+01  1.598276e+01 -4.000000e+00
     vertex  5.650918e+00  1.389486e+01 -4.000000e+00
   endloop
 endfacet
 facet normal  0.000000e+00  0.000000e+00 -1.000000e+00
   outer loop
     vertex  2.656243e+01  9.585103e+00 -4.000000e+00
     vertex  2.628756e+01 -9.235889e+00 -4.000000e+00
     vertex  2.628756e+01  9.235889e+00 -4.000000e+00
   endloop
 endfacet
 facet normal  0.000000e+00  0.000000e+00 -1.000000e+00
   outer loop
     vertex  2.656243e+01  9.585103e+00 -4.000000e+00
     vertex  2.680522e+01 -9.957344e+00 -4.000000e+00
     vertex  2.656243e+01 -9.585103e+00 -4.000000e+00
   endloop
 endfacet
 facet normal  0.000000e+00 -0.000000e+00 -1.000000e+00
   outer loop
     vertex  2.656243e+01  9.585103e+00 -4.000000e+00
     vertex  2.656243e+01 -9.585103e+00 -4.000000e+00
     vertex  2.628756e+01 -9.235889e+00 -4.000000e+00
   endloop
 endfacet
 facet normal  0.000000e+00  0.000000e+00 -1.000000e+00
   outer loop
     vertex  1.958510e+01  1.656243e+01 -4.000000e+00
     vertex  1.923589e+01  1.628756e+01 -4.000000e+00
     vertex  4.928136e+00  1.416734e+01 -4.000000e+00
   endloop
 endfacet
 facet normal  0.000000e+00  0.000000e+00 -1.000000e+00
   outer loop
     vertex  1.958510e+01  1.656243e+01 -4.000000e+00
     vertex  4.928136e+00  1.416734e+01 -4.000000e+00
     vertex  4.192285e+00  1.440225e+01 -4.000000e+00
   endloop
 endfacet
 facet normal  0.000000e+00  0.000000e+00 -1.000000e+00
   outer loop
     vertex  2.680522e+01  9.957344e+00 -4.000000e+00
     vertex  2.701399e+01 -1.034967e+01 -4.000000e+00
     vertex  2.680522e+01 -9.957344e+00 -4.000000e+00
   endloop
 endfacet
 facet normal  0.000000e+00 -0.000000e+00 -1.000000e+00
   outer loop
     vertex  2.680522e+01  9.957344e+00 -4.000000e+00
     vertex  2.680522e+01 -9.957344e+00 -4.000000e+00
     vertex  2.656243e+01  9.585103e+00 -4.000000e+00
   endloop
 endfacet
 facet normal  0.000000e+00  0.000000e+00 -1.000000e+00
   outer loop
     vertex  1.995734e+01  1.680522e+01 -4.000000e+00
     vertex  4.192285e+00  1.440225e+01 -4.000000e+00
     vertex  3.445316e+00  1.459897e+01 -4.000000e+00
   endloop
 endfacet
 facet normal  0.000000e+00  0.000000e+00 -1.000000e+00
   outer loop
     vertex  1.995734e+01  1.680522e+01 -4.000000e+00
     vertex  1.958510e+01  1.656243e+01 -4.000000e+00
     vertex  4.192285e+00  1.440225e+01 -4.000000e+00
   endloop
 endfacet
 facet normal  0.000000e+00 -0.000000e+00 -1.000000e+00
   outer loop
     vertex  2.701399e+01  1.034967e+01 -4.000000e+00
     vertex  2.701399e+01 -1.034967e+01 -4.000000e+00
     vertex  2.680522e+01  9.957344e+00 -4.000000e+00
   endloop
 endfacet
 facet normal  0.000000e+00  0.000000e+00 -1.000000e+00
   outer loop
     vertex  2.034967e+01  1.701399e+01 -4.000000e+00
     vertex  3.445316e+00  1.459897e+01 -4.000000e+00
     vertex  2.689211e+00  1.475697e+01 -4.000000e+00
   endloop
 endfacet
 facet normal  0.000000e+00  0.000000e+00 -1.000000e+00
   outer loop
     vertex  2.034967e+01  1.701399e+01 -4.000000e+00
     vertex  1.995734e+01  1.680522e+01 -4.000000e+00
     vertex  3.445316e+00  1.459897e+01 -4.000000e+00
   endloop
 endfacet
 facet normal  0.000000e+00  0.000000e+00 -1.000000e+00
   outer loop
     vertex  2.718710e+01  1.075899e+01 -4.000000e+00
     vertex  2.732318e+01 -1.118206e+01 -4.000000e+00
     vertex  2.718710e+01 -1.075899e+01 -4.000000e+00
   endloop
 endfacet
 facet normal  0.000000e+00 -0.000000e+00 -1.000000e+00
   outer loop
     vertex  2.718710e+01  1.075899e+01 -4.000000e+00
     vertex  2.718710e+01 -1.075899e+01 -4.000000e+00
     vertex  2.701399e+01 -1.034967e+01 -4.000000e+00
   endloop
 endfacet
 facet normal  0.000000e+00  0.000000e+00 -1.000000e+00
   outer loop
     vertex  2.718710e+01  1.075899e+01 -4.000000e+00
     vertex  2.701399e+01 -1.034967e+01 -4.000000e+00
     vertex  2.701399e+01  1.034967e+01 -4.000000e+00
   endloop
 endfacet
 facet normal  0.000000e+00  0.000000e+00 -1.000000e+00
   outer loop
     vertex  2.732318e+01  1.118206e+01 -4.000000e+00
     vertex  2.742115e+01 -1.161555e+01 -4.000000e+00
     vertex  2.732318e+01 -1.118206e+01 -4.000000e+00
   endloop
 endfacet
 facet normal  0.000000e+00 -0.000000e+00 -1.000000e+00
   outer loop
     vertex  2.732318e+01  1.118206e+01 -4.000000e+00
     vertex  2.732318e+01 -1.118206e+01 -4.000000e+00
     vertex  2.718710e+01  1.075899e+01 -4.000000e+00
   endloop
 endfacet
 facet normal  0.000000e+00 -0.000000e+00 -1.000000e+00
   outer loop
     vertex  2.742115e+01  1.161555e+01 -4.000000e+00
     vertex  2.742115e+01 -1.161555e+01 -4.000000e+00
     vertex  2.732318e+01  1.118206e+01 -4.000000e+00
   endloop
 endfacet
 facet normal  0.000000e+00  0.000000e+00 -1.000000e+00
   outer loop
     vertex -2.750000e+01  1.250000e+01 -4.000000e+00
     vertex -2.748097e+01  1.206422e+01 -4.000000e+00
     vertex -2.750000e+01 -1.250000e+01 -4.000000e+00
   endloop
 endfacet
 facet normal  0.000000e+00 -0.000000e+00 -1.000000e+00
   outer loop
     vertex -2.748097e+01  1.206422e+01 -4.000000e+00
     vertex -2.748097e+01 -1.206422e+01 -4.000000e+00
     vertex -2.750000e+01 -1.250000e+01 -4.000000e+00
   endloop
 endfacet
 facet normal  0.000000e+00  0.000000e+00 -1.000000e+00
   outer loop
     vertex -2.748097e+01  1.206422e+01 -4.000000e+00
     vertex -2.742404e+01  1.163176e+01 -4.000000e+00
     vertex -2.748097e+01 -1.206422e+01 -4.000000e+00
   endloop
 endfacet
 facet normal  0.000000e+00 -0.000000e+00 -1.000000e+00
   outer loop
     vertex -2.742404e+01  1.163176e+01 -4.000000e+00
     vertex -2.742404e+01 -1.163176e+01 -4.000000e+00
     vertex -2.748097e+01 -1.206422e+01 -4.000000e+00
   endloop
 endfacet
 facet normal  0.000000e+00  0.000000e+00 -1.000000e+00
   outer loop
     vertex -2.250000e+01 -1.750000e+01 -4.000000e+00
     vertex -2.206422e+01 -1.748097e+01 -4.000000e+00
     vertex  2.250000e+01 -1.750000e+01 -4.000000e+00
   endloop
 endfacet
 facet normal  0.000000e+00  0.000000e+00 -1.000000e+00
   outer loop
     vertex -2.206422e+01 -1.748097e+01 -4.000000e+00
     vertex  2.205602e+01 -1.748025e+01 -4.000000e+00
     vertex  2.250000e+01 -1.750000e+01 -4.000000e+00
   endloop
 endfacet
 facet normal  0.000000e+00  0.000000e+00 -1.000000e+00
   outer loop
     vertex  2.750000e+01 -1.250000e+01 -4.000000e+00
     vertex  2.748025e+01 -1.205602e+01 -4.000000e+00
     vertex  2.750000e+01  1.250000e+01 -4.000000e+00
   endloop
 endfacet
 facet normal  0.000000e+00  0.000000e+00 -1.000000e+00
   outer loop
     vertex  2.748025e+01 -1.205602e+01 -4.000000e+00
     vertex  2.748025e+01  1.205602e+01 -4.000000e+00
     vertex  2.750000e+01  1.250000e+01 -4.000000e+00
   endloop
 endfacet
 facet normal  0.000000e+00  0.000000e+00 -1.000000e+00
   outer loop
     vertex  2.748025e+01 -1.205602e+01 -4.000000e+00
     vertex  2.742115e+01 -1.161555e+01 -4.000000e+00
     vertex  2.748025e+01  1.205602e+01 -4.000000e+00
   endloop
 endfacet
 facet normal  0.000000e+00  0.000000e+00 -1.000000e+00
   outer loop
     vertex  2.742115e+01 -1.161555e+01 -4.000000e+00
     vertex  2.742115e+01  1.161555e+01 -4.000000e+00
     vertex  2.748025e+01  1.205602e+01 -4.000000e+00
   endloop
 endfacet
 facet normal -0.000000e+00  0.000000e+00 -1.000000e+00
   outer loop
     vertex  2.250000e+01  1.750000e+01 -4.000000e+00
     vertex -2.206422e+01  1.748097e+01 -4.000000e+00
     vertex -2.250000e+01  1.750000e+01 -4.000000e+00
   endloop
 endfacet
 facet normal  0.000000e+00  0.000000e+00 -1.000000e+00
   outer loop
     vertex  2.250000e+01  1.750000e+01 -4.000000e+00
     vertex  2.205602e+01  1.748025e+01 -4.000000e+00
     vertex -2.206422e+01  1.748097e+01 -4.000000e+00
   endloop
 endfacet
 facet normal -0.000000e+00  0.000000e+00 -1.000000e+00
   outer loop
     vertex  2.205602e+01  1.748025e+01 -4.000000e+00
     vertex -2.163176e+01  1.742404e+01 -4.000000e+00
     vertex -2.206422e+01  1.748097e+01 -4.000000e+00
   endloop
 endfacet
 facet normal  0.000000e+00  0.000000e+00 -1.000000e+00
   outer loop
     vertex  2.205602e+01  1.748025e+01 -4.000000e+00
     vertex  2.161555e+01  1.742115e+01 -4.000000e+00
     vertex -2.163176e+01  1.742404e+01 -4.000000e+00
   endloop
 endfacet
 facet normal -0.000000e+00  0.000000e+00 -1.000000e+00
   outer loop
     vertex  2.161555e+01  1.742115e+01 -4.000000e+00
     vertex -2.120590e+01  1.732963e+01 -4.000000e+00
     vertex -2.163176e+01  1.742404e+01 -4.000000e+00
   endloop
 endfacet
 facet normal  0.000000e+00  0.000000e+00 -1.000000e+00
   outer loop
     vertex  2.161555e+01  1.742115e+01 -4.000000e+00
     vertex  2.118206e+01  1.732318e+01 -4.000000e+00
     vertex -2.120590e+01  1.732963e+01 -4.000000e+00
   endloop
 endfacet
 facet normal -0.000000e+00  0.000000e+00 -1.000000e+00
   outer loop
     vertex  2.118206e+01  1.732318e+01 -4.000000e+00
     vertex -2.078990e+01  1.719846e+01 -4.000000e+00
     vertex -2.120590e+01  1.732963e+01 -4.000000e+00
   endloop
 endfacet
 facet normal  0.000000e+00  0.000000e+00 -1.000000e+00
   outer loop
     vertex  2.118206e+01  1.732318e+01 -4.000000e+00
     vertex  2.075899e+01  1.718710e+01 -4.000000e+00
     vertex -2.078990e+01  1.719846e+01 -4.000000e+00
   endloop
 endfacet
 facet normal -0.000000e+00  0.000000e+00 -1.000000e+00
   outer loop
     vertex  2.075899e+01  1.718710e+01 -4.000000e+00
     vertex -2.038691e+01  1.703154e+01 -4.000000e+00
     vertex -2.078990e+01  1.719846e+01 -4.000000e+00
   endloop
 endfacet
 facet normal  0.000000e+00  0.000000e+00 -1.000000e+00
   outer loop
     vertex  2.075899e+01  1.718710e+01 -4.000000e+00
     vertex  2.034967e+01  1.701399e+01 -4.000000e+00
     vertex -2.038691e+01  1.703154e+01 -4.000000e+00
   endloop
 endfacet
 facet normal -0.000000e+00  0.000000e+00 -1.000000e+00
   outer loop
     vertex  2.034967e+01  1.701399e+01 -4.000000e+00
     vertex  3.862187e-01  1.499503e+01 -4.000000e+00
     vertex -2.038691e+01  1.703154e+01 -4.000000e+00
   endloop
 endfacet
 facet normal -0.000000e+00  0.000000e+00 -1.000000e+00
   outer loop
     vertex  3.862187e-01  1.499503e+01 -4.000000e+00
     vertex -3.862187e-01  1.499503e+01 -4.000000e+00
     vertex -2.038691e+01  1.703154e+01 -4.000000e+00
   endloop
 endfacet
 facet normal -0.000000e+00  0.000000e+00 -1.000000e+00
   outer loop
     vertex -3.862187e-01  1.499503e+01 -4.000000e+00
     vertex -1.157632e+00  1.495526e+01 -4.000000e+00
     vertex -2.038691e+01  1.703154e+01 -4.000000e+00
   endloop
 endfacet
 facet normal -0.000000e+00  0.000000e+00 -1.000000e+00
   outer loop
     vertex -1.157632e+00  1.495526e+01 -4.000000e+00
     vertex -1.925975e+00  1.487584e+01 -4.000000e+00
     vertex -2.038691e+01  1.703154e+01 -4.000000e+00
   endloop
 endfacet
 facet normal -0.000000e+00  0.000000e+00 -1.000000e+00
   outer loop
     vertex -1.925975e+00  1.487584e+01 -4.000000e+00
     vertex -2.689211e+00  1.475697e+01 -4.000000e+00
     vertex -2.038691e+01  1.703154e+01 -4.000000e+00
   endloop
 endfacet
 facet normal  0.000000e+00  0.000000e+00 -1.000000e+00
   outer loop
     vertex  2.034967e+01  1.701399e+01 -4.000000e+00
     vertex  1.157632e+00  1.495526e+01 -4.000000e+00
     vertex  3.862187e-01  1.499503e+01 -4.000000e+00
   endloop
 endfacet
 facet normal  0.000000e+00  0.000000e+00 -1.000000e+00
   outer loop
     vertex  2.034967e+01  1.701399e+01 -4.000000e+00
     vertex  1.925975e+00  1.487584e+01 -4.000000e+00
     vertex  1.157632e+00  1.495526e+01 -4.000000e+00
   endloop
 endfacet
 facet normal  0.000000e+00  0.000000e+00 -1.000000e+00
   outer loop
     vertex  2.034967e+01  1.701399e+01 -4.000000e+00
     vertex  2.689211e+00  1.475697e+01 -4.000000e+00
     vertex  1.925975e+00  1.487584e+01 -4.000000e+00
   endloop
 endfacet
 facet normal  0.000000e+00  0.000000e+00 -1.000000e+00
   outer loop
     vertex -2.750000e+01  1.750000e+01 -4.000000e+00
     vertex -2.633022e+01  1.571394e+01 -4.000000e+00
     vertex -2.659576e+01  1.536788e+01 -4.000000e+00
   endloop
 endfacet
 facet normal  0.000000e+00  0.000000e+00 -1.000000e+00
   outer loop
     vertex -2.750000e+01  1.750000e+01 -4.000000e+00
     vertex -2.659576e+01  1.536788e+01 -4.000000e+00
     vertex -2.683013e+01  1.500000e+01 -4.000000e+00
   endloop
 endfacet
 facet normal  0.000000e+00  0.000000e+00 -1.000000e+00
   outer loop
     vertex -2.750000e+01  1.750000e+01 -4.000000e+00
     vertex -2.683013e+01  1.500000e+01 -4.000000e+00
     vertex -2.703154e+01  1.461309e+01 -4.000000e+00
   endloop
 endfacet
 facet normal  0.000000e+00  0.000000e+00 -1.000000e+00
   outer loop
     vertex -2.750000e+01  1.750000e+01 -4.000000e+00
     vertex -2.703154e+01  1.461309e+01 -4.000000e+00
     vertex -2.719846e+01  1.421010e+01 -4.000000e+00
   endloop
 endfacet
 facet normal  0.000000e+00  0.000000e+00 -1.000000e+00
   outer loop
     vertex -2.750000e+01  1.750000e+01 -4.000000e+00
     vertex -2.719846e+01  1.421010e+01 -4.000000e+00
     vertex -2.732963e+01  1.379410e+01 -4.000000e+00
   endloop
 endfacet
 facet normal  0.000000e+00  0.000000e+00 -1.000000e+00
   outer loop
     vertex -2.750000e+01  1.750000e+01 -4.000000e+00
     vertex -2.732963e+01  1.379410e+01 -4.000000e+00
     vertex -2.742404e+01  1.336824e+01 -4.000000e+00
   endloop
 endfacet
 facet normal -0.000000e+00  0.000000e+00 -1.000000e+00
   outer loop
     vertex -2.603553e+01  1.603553e+01 -4.000000e+00
     vertex -2.633022e+01  1.571394e+01 -4.000000e+00
     vertex -2.750000e+01  1.750000e+01 -4.000000e+00
   endloop
 endfacet
 facet normal -0.000000e+00  0.000000e+00 -1.000000e+00
   outer loop
     vertex -2.571394e+01  1.633022e+01 -4.000000e+00
     vertex -2.603553e+01  1.603553e+01 -4.000000e+00
     vertex -2.750000e+01  1.750000e+01 -4.000000e+00
   endloop
 endfacet
 facet normal -0.000000e+00  0.000000e+00 -1.000000e+00
   outer loop
     vertex -2.536788e+01  1.659576e+01 -4.000000e+00
     vertex -2.571394e+01  1.633022e+01 -4.000000e+00
     vertex -2.750000e+01  1.750000e+01 -4.000000e+00
   endloop
 endfacet
 facet normal -0.000000e+00  0.000000e+00 -1.000000e+00
   outer loop
     vertex -2.500000e+01  1.683013e+01 -4.000000e+00
     vertex -2.536788e+01  1.659576e+01 -4.000000e+00
     vertex -2.750000e+01  1.750000e+01 -4.000000e+00
   endloop
 endfacet
 facet normal -0.000000e+00  0.000000e+00 -1.000000e+00
   outer loop
     vertex -2.461309e+01  1.703154e+01 -4.000000e+00
     vertex -2.500000e+01  1.683013e+01 -4.000000e+00
     vertex -2.750000e+01  1.750000e+01 -4.000000e+00
   endloop
 endfacet
 facet normal  0.000000e+00  0.000000e+00 -1.000000e+00
   outer loop
     vertex -2.750000e+01  1.750000e+01 -4.000000e+00
     vertex -2.748097e+01  1.293578e+01 -4.000000e+00
     vertex -2.750000e+01  1.250000e+01 -4.000000e+00
   endloop
 endfacet
 facet normal  0.000000e+00  0.000000e+00 -1.000000e+00
   outer loop
     vertex -2.750000e+01  1.750000e+01 -4.000000e+00
     vertex -2.742404e+01  1.336824e+01 -4.000000e+00
     vertex -2.748097e+01  1.293578e+01 -4.000000e+00
   endloop
 endfacet
 facet normal -0.000000e+00  0.000000e+00 -1.000000e+00
   outer loop
     vertex -2.250000e+01  1.750000e+01 -4.000000e+00
     vertex -2.293578e+01  1.748097e+01 -4.000000e+00
     vertex -2.750000e+01  1.750000e+01 -4.000000e+00
   endloop
 endfacet
 facet normal -0.000000e+00  0.000000e+00 -1.000000e+00
   outer loop
     vertex -2.293578e+01  1.748097e+01 -4.000000e+00
     vertex -2.336824e+01  1.742404e+01 -4.000000e+00
     vertex -2.750000e+01  1.750000e+01 -4.000000e+00
   endloop
 endfacet
 facet normal -0.000000e+00  0.000000e+00 -1.000000e+00
   outer loop
     vertex -2.336824e+01  1.742404e+01 -4.000000e+00
     vertex -2.379410e+01  1.732963e+01 -4.000000e+00
     vertex -2.750000e+01  1.750000e+01 -4.000000e+00
   endloop
 endfacet
 facet normal -0.000000e+00  0.000000e+00 -1.000000e+00
   outer loop
     vertex -2.379410e+01  1.732963e+01 -4.000000e+00
     vertex -2.421010e+01  1.719846e+01 -4.000000e+00
     vertex -2.750000e+01  1.750000e+01 -4.000000e+00
   endloop
 endfacet
 facet normal -0.000000e+00  0.000000e+00 -1.000000e+00
   outer loop
     vertex -2.421010e+01  1.719846e+01 -4.000000e+00
     vertex -2.461309e+01  1.703154e+01 -4.000000e+00
     vertex -2.750000e+01  1.750000e+01 -4.000000e+00
   endloop
 endfacet
 facet normal  0.000000e+00  0.000000e+00 -1.000000e+00
   outer loop
     vertex  2.750000e+01 -1.750000e+01 -4.000000e+00
     vertex  2.293578e+01 -1.748097e+01 -4.000000e+00
     vertex  2.336824e+01 -1.742404e+01 -4.000000e+00
   endloop
 endfacet
 facet normal  0.000000e+00  0.000000e+00 -1.000000e+00
   outer loop
     vertex  2.750000e+01 -1.750000e+01 -4.000000e+00
     vertex  2.336824e+01 -1.742404e+01 -4.000000e+00
     vertex  2.379410e+01 -1.732963e+01 -4.000000e+00
   endloop
 endfacet
 facet normal  0.000000e+00  0.000000e+00 -1.000000e+00
   outer loop
     vertex  2.750000e+01 -1.750000e+01 -4.000000e+00
     vertex  2.379410e+01 -1.732963e+01 -4.000000e+00
     vertex  2.421010e+01 -1.719846e+01 -4.000000e+00
   endloop
 endfacet
 facet normal  0.000000e+00  0.000000e+00 -1.000000e+00
   outer loop
     vertex  2.750000e+01 -1.750000e+01 -4.000000e+00
     vertex  2.421010e+01 -1.719846e+01 -4.000000e+00
     vertex  2.461309e+01 -1.703154e+01 -4.000000e+00
   endloop
 endfacet
 facet normal  0.000000e+00  0.000000e+00 -1.000000e+00
   outer loop
     vertex  2.750000e+01 -1.750000e+01 -4.000000e+00
     vertex  2.461309e+01 -1.703154e+01 -4.000000e+00
     vertex  2.500000e+01 -1.683013e+01 -4.000000e+00
   endloop
 endfacet
 facet normal  0.000000e+00  0.000000e+00 -1.000000e+00
   outer loop
     vertex  2.750000e+01 -1.750000e+01 -4.000000e+00
     vertex  2.500000e+01 -1.683013e+01 -4.000000e+00
     vertex  2.536788e+01 -1.659576e+01 -4.000000e+00
   endloop
 endfacet
 facet normal  0.000000e+00  0.000000e+00 -1.000000e+00
   outer loop
     vertex  2.750000e+01 -1.750000e+01 -4.000000e+00
     vertex  2.536788e+01 -1.659576e+01 -4.000000e+00
     vertex  2.571394e+01 -1.633022e+01 -4.000000e+00
   endloop
 endfacet
 facet normal  0.000000e+00  0.000000e+00 -1.000000e+00
   outer loop
     vertex  2.750000e+01 -1.750000e+01 -4.000000e+00
     vertex  2.571394e+01 -1.633022e+01 -4.000000e+00
     vertex  2.603553e+01 -1.603553e+01 -4.000000e+00
   endloop
 endfacet
 facet normal  0.000000e+00 -0.000000e+00 -1.000000e+00
   outer loop
     vertex  2.633022e+01 -1.571394e+01 -4.000000e+00
     vertex  2.750000e+01 -1.750000e+01 -4.000000e+00
     vertex  2.603553e+01 -1.603553e+01 -4.000000e+00
   endloop
 endfacet
 facet normal  0.000000e+00 -0.000000e+00 -1.000000e+00
   outer loop
     vertex  2.659576e+01 -1.536788e+01 -4.000000e+00
     vertex  2.750000e+01 -1.750000e+01 -4.000000e+00
     vertex  2.633022e+01 -1.571394e+01 -4.000000e+00
   endloop
 endfacet
 facet normal  0.000000e+00 -0.000000e+00 -1.000000e+00
   outer loop
     vertex  2.683013e+01 -1.500000e+01 -4.000000e+00
     vertex  2.750000e+01 -1.750000e+01 -4.000000e+00
     vertex  2.659576e+01 -1.536788e+01 -4.000000e+00
   endloop
 endfacet
 facet normal  0.000000e+00 -0.000000e+00 -1.000000e+00
   outer loop
     vertex  2.703154e+01 -1.461309e+01 -4.000000e+00
     vertex  2.750000e+01 -1.750000e+01 -4.000000e+00
     vertex  2.683013e+01 -1.500000e+01 -4.000000e+00
   endloop
 endfacet
 facet normal  0.000000e+00 -0.000000e+00 -1.000000e+00
   outer loop
     vertex  2.719846e+01 -1.421010e+01 -4.000000e+00
     vertex  2.750000e+01 -1.750000e+01 -4.000000e+00
     vertex  2.703154e+01 -1.461309e+01 -4.000000e+00
   endloop
 endfacet
 facet normal  0.000000e+00 -0.000000e+00 -1.000000e+00
   outer loop
     vertex  2.732963e+01 -1.379410e+01 -4.000000e+00
     vertex  2.750000e+01 -1.750000e+01 -4.000000e+00
     vertex  2.719846e+01 -1.421010e+01 -4.000000e+00
   endloop
 endfacet
 facet normal  0.000000e+00  0.000000e+00 -1.000000e+00
   outer loop
     vertex  2.750000e+01 -1.750000e+01 -4.000000e+00
     vertex  2.748097e+01 -1.293578e+01 -4.000000e+00
     vertex  2.750000e+01 -1.250000e+01 -4.000000e+00
   endloop
 endfacet
 facet normal  0.000000e+00  0.000000e+00 -1.000000e+00
   outer loop
     vertex  2.750000e+01 -1.750000e+01 -4.000000e+00
     vertex  2.742404e+01 -1.336824e+01 -4.000000e+00
     vertex  2.748097e+01 -1.293578e+01 -4.000000e+00
   endloop
 endfacet
 facet normal  0.000000e+00  0.000000e+00 -1.000000e+00
   outer loop
     vertex  2.750000e+01 -1.750000e+01 -4.000000e+00
     vertex  2.732963e+01 -1.379410e+01 -4.000000e+00
     vertex  2.742404e+01 -1.336824e+01 -4.000000e+00
   endloop
 endfacet
 facet normal  0.000000e+00  0.000000e+00 -1.000000e+00
   outer loop
     vertex  2.250000e+01 -1.750000e+01 -4.000000e+00
     vertex  2.293578e+01 -1.748097e+01 -4.000000e+00
     vertex  2.750000e+01 -1.750000e+01 -4.000000e+00
   endloop
 endfacet
 facet normal  1.000000e+00  0.000000e+00  0.000000e+00
   outer loop
     vertex  2.750000e+01  1.250000e+01 -2.500000e+00
     vertex  2.750000e+01  1.250000e+01 -4.000000e+00
     vertex  2.750000e+01  1.750000e+01 -4.000000e+00
   endloop
 endfacet
 facet normal  1.000000e+00  0.000000e+00  0.000000e+00
   outer loop
     vertex  2.750000e+01  1.750000e+01  4.000000e+00
     vertex  2.750000e+01  1.250000e+01 -2.500000e+00
     vertex  2.750000e+01  1.750000e+01 -4.000000e+00
   endloop
 endfacet
 facet normal  1.000000e+00  0.000000e+00  0.000000e+00
   outer loop
     vertex  2.750000e+01 -1.250000e+01 -2.500000e+00
     vertex  2.750000e+01 -1.250000e+01 -4.000000e+00
     vertex  2.750000e+01  1.250000e+01 -4.000000e+00
   endloop
 endfacet
 facet normal  1.000000e+00 -0.000000e+00  0.000000e+00
   outer loop
     vertex  2.750000e+01 -1.250000e+01 -2.500000e+00
     vertex  2.750000e+01  1.250000e+01 -4.000000e+00
     vertex  2.750000e+01  1.250000e+01 -2.500000e+00
   endloop
 endfacet
 facet normal  1.000000e+00  0.000000e+00  0.000000e+00
   outer loop
     vertex  2.750000e+01 -1.750000e+01 -4.000000e+00
     vertex  2.750000e+01 -1.250000e+01 -4.000000e+00
     vertex  2.750000e+01 -1.250000e+01 -2.500000e+00
   endloop
 endfacet
 facet normal  1.000000e+00  0.000000e+00  0.000000e+00
   outer loop
     vertex  2.750000e+01 -1.750000e+01  4.000000e+00
     vertex  2.750000e+01 -1.750000e+01 -4.000000e+00
     vertex  2.750000e+01 -1.250000e+01 -2.500000e+00
   endloop
 endfacet
 facet normal  1.000000e+00 -0.000000e+00  0.000000e+00
   outer loop
     vertex  2.750000e+01 -1.750000e+01  4.000000e+00
     vertex  2.750000e+01  1.250000e+01 -2.500000e+00
     vertex  2.750000e+01  1.750000e+01  4.000000e+00
   endloop
 endfacet
 facet normal  1.000000e+00  0.000000e+00  0.000000e+00
   outer loop
     vertex  2.750000e+01 -1.750000e+01  4.000000e+00
     vertex  2.750000e+01 -1.250000e+01 -2.500000e+00
     vertex  2.750000e+01  1.250000e+01 -2.500000e+00
   endloop
 endfacet
 facet normal -9.996685e-01 -2.574791e-02  0.000000e+00
   outer loop
     vertex  1.498011e+01  7.721813e-01  4.000000e+00
     vertex  1.500000e+01 -3.673940e-15 -4.000000e+00
     vertex  1.500000e+01 -3.673940e-15  4.000000e+00
   endloop
 endfacet
 facet normal -9.996685e-01 -2.574791e-02 -0.000000e+00
   outer loop
     vertex  1.498011e+01  7.721813e-01  4.000000e+00
     vertex  1.498011e+01  7.721813e-01 -4.000000e+00
     vertex  1.500000e+01 -3.673940e-15 -4.000000e+00
   endloop
 endfacet
 facet normal -9.970175e-01 -7.717546e-02 -0.000000e+00
   outer loop
     vertex  1.492050e+01  1.542315e+00  4.000000e+00
     vertex  1.492050e+01  1.542315e+00 -4.000000e+00
     vertex  1.498011e+01  7.721813e-01 -4.000000e+00
   endloop
 endfacet
 facet normal -9.970175e-01 -7.717546e-02  0.000000e+00
   outer loop
     vertex  1.492050e+01  1.542315e+00  4.000000e+00
     vertex  1.498011e+01  7.721813e-01 -4.000000e+00
     vertex  1.498011e+01  7.721813e-01  4.000000e+00
   endloop
 endfacet
 facet normal -9.917227e-01 -1.283984e-01 -0.000000e+00
   outer loop
     vertex  1.482132e+01  2.308359e+00  4.000000e+00
     vertex  1.482132e+01  2.308359e+00 -4.000000e+00
     vertex  1.492050e+01  1.542315e+00 -4.000000e+00
   endloop
 endfacet
 facet normal -9.917227e-01 -1.283984e-01  0.000000e+00
   outer loop
     vertex  1.482132e+01  2.308359e+00  4.000000e+00
     vertex  1.492050e+01  1.542315e+00 -4.000000e+00
     vertex  1.492050e+01  1.542315e+00  4.000000e+00
   endloop
 endfacet
 facet normal -9.837980e-01 -1.792808e-01 -0.000000e+00
   outer loop
     vertex  1.468284e+01  3.068281e+00  4.000000e+00
     vertex  1.468284e+01  3.068281e+00 -4.000000e+00
     vertex  1.482132e+01  2.308359e+00 -4.000000e+00
   endloop
 endfacet
 facet normal -9.732644e-01 -2.296877e-01 -0.000000e+00
   outer loop
     vertex  1.468284e+01  3.068281e+00  4.000000e+00
     vertex  1.450542e+01  3.820067e+00 -4.000000e+00
     vertex  1.468284e+01  3.068281e+00 -4.000000e+00
   endloop
 endfacet
 facet normal -9.837980e-01 -1.792808e-01  0.000000e+00
   outer loop
     vertex  1.468284e+01  3.068281e+00  4.000000e+00
     vertex  1.482132e+01  2.308359e+00 -4.000000e+00
     vertex  1.482132e+01  2.308359e+00  4.000000e+00
   endloop
 endfacet
 facet normal -9.732644e-01 -2.296877e-01 -0.000000e+00
   outer loop
     vertex  1.450542e+01  3.820067e+00  4.000000e+00
     vertex  1.450542e+01  3.820067e+00 -4.000000e+00
     vertex  1.468284e+01  3.068281e+00  4.000000e+00
   endloop
 endfacet
 facet normal -9.601499e-01 -2.794856e-01 -0.000000e+00
   outer loop
     vertex  1.428953e+01  4.561722e+00  4.000000e+00
     vertex  1.428953e+01  4.561722e+00 -4.000000e+00
     vertex  1.450542e+01  3.820067e+00 -4.000000e+00
   endloop
 endfacet
 facet normal -9.601499e-01 -2.794856e-01  0.000000e+00
   outer loop
     vertex  1.428953e+01  4.561722e+00  4.000000e+00
     vertex  1.450542e+01  3.820067e+00 -4.000000e+00
     vertex  1.450542e+01  3.820067e+00  4.000000e+00
   endloop
 endfacet
 facet normal -9.444892e-01 -3.285424e-01 -0.000000e+00
   outer loop
     vertex  1.403575e+01  5.291281e+00  4.000000e+00
     vertex  1.403575e+01  5.291281e+00 -4.000000e+00
     vertex  1.428953e+01  4.561722e+00 -4.000000e+00
   endloop
 endfacet
 facet normal -9.444892e-01 -3.285424e-01  0.000000e+00
   outer loop
     vertex  1.403575e+01  5.291281e+00  4.000000e+00
     vertex  1.428953e+01  4.561722e+00 -4.000000e+00
     vertex  1.428953e+01  4.561722e+00  4.000000e+00
   endloop
 endfacet
 facet normal -9.263240e-01 -3.767279e-01 -0.000000e+00
   outer loop
     vertex  1.374475e+01  6.006809e+00  4.000000e+00
     vertex  1.374475e+01  6.006809e+00 -4.000000e+00
     vertex  1.403575e+01  5.291281e+00 -4.000000e+00
   endloop
 endfacet
 facet normal -9.263240e-01 -3.767279e-01  0.000000e+00
   outer loop
     vertex  1.374475e+01  6.006809e+00  4.000000e+00
     vertex  1.403575e+01  5.291281e+00 -4.000000e+00
     vertex  1.403575e+01  5.291281e+00  4.000000e+00
   endloop
 endfacet
 facet normal -9.057023e-01 -4.239144e-01 -0.000000e+00
   outer loop
     vertex  1.341731e+01  6.706407e+00  4.000000e+00
     vertex  1.341731e+01  6.706407e+00 -4.000000e+00
     vertex  1.374475e+01  6.006809e+00 -4.000000e+00
   endloop
 endfacet
 facet normal -9.057023e-01 -4.239144e-01  0.000000e+00
   outer loop
     vertex  1.341731e+01  6.706407e+00  4.000000e+00
     vertex  1.374475e+01  6.006809e+00 -4.000000e+00
     vertex  1.374475e+01  6.006809e+00  4.000000e+00
   endloop
 endfacet
 facet normal -8.826788e-01 -4.699767e-01 -0.000000e+00
   outer loop
     vertex  1.305428e+01  7.388221e+00  4.000000e+00
     vertex  1.305428e+01  7.388221e+00 -4.000000e+00
     vertex  1.341731e+01  6.706407e+00 -4.000000e+00
   endloop
 endfacet
 facet normal -8.826788e-01 -4.699767e-01  0.000000e+00
   outer loop
     vertex  1.305428e+01  7.388221e+00  4.000000e+00
     vertex  1.341731e+01  6.706407e+00 -4.000000e+00
     vertex  1.341731e+01  6.706407e+00  4.000000e+00
   endloop
 endfacet
 facet normal -8.573146e-01 -5.147928e-01 -0.000000e+00
   outer loop
     vertex  1.265663e+01  8.050443e+00  4.000000e+00
     vertex  1.265663e+01  8.050443e+00 -4.000000e+00
     vertex  1.305428e+01  7.388221e+00 -4.000000e+00
   endloop
 endfacet
 facet normal -8.573146e-01 -5.147928e-01  0.000000e+00
   outer loop
     vertex  1.265663e+01  8.050443e+00  4.000000e+00
     vertex  1.305428e+01  7.388221e+00 -4.000000e+00
     vertex  1.305428e+01  7.388221e+00  4.000000e+00
   endloop
 endfacet
 facet normal -8.296770e-01 -5.582437e-01 -0.000000e+00
   outer loop
     vertex  1.222543e+01  8.691316e+00  4.000000e+00
     vertex  1.222543e+01  8.691316e+00 -4.000000e+00
     vertex  1.265663e+01  8.050443e+00 -4.000000e+00
   endloop
 endfacet
 facet normal -8.296770e-01 -5.582437e-01  0.000000e+00
   outer loop
     vertex  1.222543e+01  8.691316e+00  4.000000e+00
     vertex  1.265663e+01  8.050443e+00 -4.000000e+00
     vertex  1.265663e+01  8.050443e+00  4.000000e+00
   endloop
 endfacet
 facet normal -7.998392e-01 -6.002143e-01 -0.000000e+00
   outer loop
     vertex  1.176180e+01  9.309142e+00  4.000000e+00
     vertex  1.176180e+01  9.309142e+00 -4.000000e+00
     vertex  1.222543e+01  8.691316e+00 -4.000000e+00
   endloop
 endfacet
 facet normal -7.998392e-01 -6.002143e-01  0.000000e+00
   outer loop
     vertex  1.176180e+01  9.309142e+00  4.000000e+00
     vertex  1.222543e+01  8.691316e+00 -4.000000e+00
     vertex  1.222543e+01  8.691316e+00  4.000000e+00
   endloop
 endfacet
 facet normal -7.678804e-01 -6.405932e-01  0.000000e+00
   outer loop
     vertex  1.126698e+01  9.902282e+00  4.000000e+00
     vertex  1.176180e+01  9.309142e+00 -4.000000e+00
     vertex  1.176180e+01  9.309142e+00  4.000000e+00
   endloop
 endfacet
 facet normal -7.678804e-01 -6.405932e-01 -0.000000e+00
   outer loop
     vertex  1.126698e+01  9.902282e+00  4.000000e+00
     vertex  1.126698e+01  9.902282e+00 -4.000000e+00
     vertex  1.176180e+01  9.309142e+00 -4.000000e+00
   endloop
 endfacet
 facet normal -7.338854e-01 -6.792733e-01  0.000000e+00
   outer loop
     vertex  1.074228e+01  1.046916e+01  4.000000e+00
     vertex  1.126698e+01  9.902282e+00 -4.000000e+00
     vertex  1.126698e+01  9.902282e+00  4.000000e+00
   endloop
 endfacet
 facet normal -7.338854e-01 -6.792733e-01 -0.000000e+00
   outer loop
     vertex  1.074228e+01  1.046916e+01  4.000000e+00
     vertex  1.074228e+01  1.046916e+01 -4.000000e+00
     vertex  1.126698e+01  9.902282e+00 -4.000000e+00
   endloop
 endfacet
 facet normal -6.979442e-01 -7.161522e-01  0.000000e+00
   outer loop
     vertex  1.018910e+01  1.100828e+01  4.000000e+00
     vertex  1.074228e+01  1.046916e+01 -4.000000e+00
     vertex  1.074228e+01  1.046916e+01  4.000000e+00
   endloop
 endfacet
 facet normal -6.979442e-01 -7.161522e-01 -0.000000e+00
   outer loop
     vertex  1.018910e+01  1.100828e+01  4.000000e+00
     vertex  1.018910e+01  1.100828e+01 -4.000000e+00
     vertex  1.074228e+01  1.046916e+01 -4.000000e+00
   endloop
 endfacet
 facet normal -6.601521e-01 -7.511319e-01  0.000000e+00
   outer loop
     vertex  9.608898e+00  1.151821e+01  4.000000e+00
     vertex  1.018910e+01  1.100828e+01 -4.000000e+00
     vertex  1.018910e+01  1.100828e+01  4.000000e+00
   endloop
 endfacet
 facet normal -6.601521e-01 -7.511319e-01 -0.000000e+00
   outer loop
     vertex  9.608898e+00  1.151821e+01  4.000000e+00
     vertex  9.608898e+00  1.151821e+01 -4.000000e+00
     vertex  1.018910e+01  1.100828e+01 -4.000000e+00
   endloop
 endfacet
 facet normal -6.206095e-01 -7.841198e-01  0.000000e+00
   outer loop
     vertex  9.003214e+00  1.199759e+01  4.000000e+00
     vertex  9.608898e+00  1.151821e+01 -4.000000e+00
     vertex  9.608898e+00  1.151821e+01  4.000000e+00
   endloop
 endfacet
 facet normal -6.206095e-01 -7.841198e-01 -0.000000e+00
   outer loop
     vertex  9.003214e+00  1.199759e+01  4.000000e+00
     vertex  9.003214e+00  1.199759e+01 -4.000000e+00
     vertex  9.608898e+00  1.151821e+01 -4.000000e+00
   endloop
 endfacet
 facet normal -5.794211e-01 -8.150283e-01  0.000000e+00
   outer loop
     vertex  8.373656e+00  1.244516e+01  4.000000e+00
     vertex  9.003214e+00  1.199759e+01 -4.000000e+00
     vertex  9.003214e+00  1.199759e+01  4.000000e+00
   endloop
 endfacet
 facet normal -5.794211e-01 -8.150283e-01 -0.000000e+00
   outer loop
     vertex  8.373656e+00  1.244516e+01  4.000000e+00
     vertex  8.373656e+00  1.244516e+01 -4.000000e+00
     vertex  9.003214e+00  1.199759e+01 -4.000000e+00
   endloop
 endfacet
 facet normal -5.366962e-01 -8.437756e-01  0.000000e+00
   outer loop
     vertex  7.721892e+00  1.285972e+01  4.000000e+00
     vertex  8.373656e+00  1.244516e+01 -4.000000e+00
     vertex  8.373656e+00  1.244516e+01  4.000000e+00
   endloop
 endfacet
 facet normal -5.366962e-01 -8.437756e-01 -0.000000e+00
   outer loop
     vertex  7.721892e+00  1.285972e+01  4.000000e+00
     vertex  7.721892e+00  1.285972e+01 -4.000000e+00
     vertex  8.373656e+00  1.244516e+01 -4.000000e+00
   endloop
 endfacet
 facet normal -4.925481e-01 -8.702852e-01  0.000000e+00
   outer loop
     vertex  7.049651e+00  1.324018e+01  4.000000e+00
     vertex  7.721892e+00  1.285972e+01 -4.000000e+00
     vertex  7.721892e+00  1.285972e+01  4.000000e+00
   endloop
 endfacet
 facet normal -4.925481e-01 -8.702852e-01 -0.000000e+00
   outer loop
     vertex  7.049651e+00  1.324018e+01  4.000000e+00
     vertex  7.049651e+00  1.324018e+01 -4.000000e+00
     vertex  7.721892e+00  1.285972e+01 -4.000000e+00
   endloop
 endfacet
 facet normal -4.470938e-01 -8.944871e-01  0.000000e+00
   outer loop
     vertex  6.358716e+00  1.358553e+01  4.000000e+00
     vertex  7.049651e+00  1.324018e+01 -4.000000e+00
     vertex  7.049651e+00  1.324018e+01  4.000000e+00
   endloop
 endfacet
 facet normal -4.470938e-01 -8.944871e-01 -0.000000e+00
   outer loop
     vertex  6.358716e+00  1.358553e+01  4.000000e+00
     vertex  6.358716e+00  1.358553e+01 -4.000000e+00
     vertex  7.049651e+00  1.324018e+01 -4.000000e+00
   endloop
 endfacet
 facet normal -4.004539e-01 -9.163169e-01  0.000000e+00
   outer loop
     vertex  5.650918e+00  1.389486e+01  4.000000e+00
     vertex  6.358716e+00  1.358553e+01 -4.000000e+00
     vertex  6.358716e+00  1.358553e+01  4.000000e+00
   endloop
 endfacet
 facet normal -4.004539e-01 -9.163169e-01 -0.000000e+00
   outer loop
     vertex  5.650918e+00  1.389486e+01  4.000000e+00
     vertex  5.650918e+00  1.389486e+01 -4.000000e+00
     vertex  6.358716e+00  1.358553e+01 -4.000000e+00
   endloop
 endfacet
 facet normal -3.527521e-01 -9.357168e-01  0.000000e+00
   outer loop
     vertex  4.928136e+00  1.416734e+01  4.000000e+00
     vertex  5.650918e+00  1.389486e+01 -4.000000e+00
     vertex  5.650918e+00  1.389486e+01  4.000000e+00
   endloop
 endfacet
 facet normal -3.527521e-01 -9.357168e-01 -0.000000e+00
   outer loop
     vertex  4.928136e+00  1.416734e+01  4.000000e+00
     vertex  4.928136e+00  1.416734e+01 -4.000000e+00
     vertex  5.650918e+00  1.389486e+01 -4.000000e+00
   endloop
 endfacet
 facet normal -3.041148e-01 -9.526354e-01 -0.000000e+00
   outer loop
     vertex  4.928136e+00  1.416734e+01  4.000000e+00
     vertex  4.192285e+00  1.440225e+01 -4.000000e+00
     vertex  4.928136e+00  1.416734e+01 -4.000000e+00
   endloop
 endfacet
 facet normal -3.041148e-01 -9.526354e-01 -0.000000e+00
   outer loop
     vertex  4.192285e+00  1.440225e+01  4.000000e+00
     vertex  4.192285e+00  1.440225e+01 -4.000000e+00
     vertex  4.928136e+00  1.416734e+01  4.000000e+00
   endloop
 endfacet
 facet normal -2.546711e-01 -9.670277e-01  0.000000e+00
   outer loop
     vertex  3.445316e+00  1.459897e+01  4.000000e+00
     vertex  4.192285e+00  1.440225e+01 -4.000000e+00
     vertex  4.192285e+00  1.440225e+01  4.000000e+00
   endloop
 endfacet
 facet normal -2.546711e-01 -9.670277e-01 -0.000000e+00
   outer loop
     vertex  3.445316e+00  1.459897e+01  4.000000e+00
     vertex  3.445316e+00  1.459897e+01 -4.000000e+00
     vertex  4.192285e+00  1.440225e+01 -4.000000e+00
   endloop
 endfacet
 facet normal -2.045521e-01 -9.788557e-01 -0.000000e+00
   outer loop
     vertex  2.689211e+00  1.475697e+01  4.000000e+00
     vertex  2.689211e+00  1.475697e+01 -4.000000e+00
     vertex  3.445316e+00  1.459897e+01 -4.000000e+00
   endloop
 endfacet
 facet normal -2.045521e-01 -9.788557e-01  0.000000e+00
   outer loop
     vertex  2.689211e+00  1.475697e+01  4.000000e+00
     vertex  3.445316e+00  1.459897e+01 -4.000000e+00
     vertex  3.445316e+00  1.459897e+01  4.000000e+00
   endloop
 endfacet
 facet normal -1.538906e-01 -9.880879e-01 -0.000000e+00
   outer loop
     vertex  1.925975e+00  1.487584e+01  4.000000e+00
     vertex  1.925975e+00  1.487584e+01 -4.000000e+00
     vertex  2.689211e+00  1.475697e+01 -4.000000e+00
   endloop
 endfacet
 facet normal -1.538906e-01 -9.880879e-01  0.000000e+00
   outer loop
     vertex  1.925975e+00  1.487584e+01  4.000000e+00
     vertex  2.689211e+00  1.475697e+01 -4.000000e+00
     vertex  2.689211e+00  1.475697e+01  4.000000e+00
   endloop
 endfacet
 facet normal -1.028210e-01 -9.946999e-01 -0.000000e+00
   outer loop
     vertex  1.157632e+00  1.495526e+01  4.000000e+00
     vertex  1.157632e+00  1.495526e+01 -4.000000e+00
     vertex  1.925975e+00  1.487584e+01 -4.000000e+00
   endloop
 endfacet
 facet normal -5.147875e-02 -9.986741e-01 -0.000000e+00
   outer loop
     vertex  1.157632e+00  1.495526e+01  4.000000e+00
     vertex  3.862187e-01  1.499503e+01 -4.000000e+00
     vertex  1.157632e+00  1.495526e+01 -4.000000e+00
   endloop
 endfacet
 facet normal -1.028210e-01 -9.946999e-01  0.000000e+00
   outer loop
     vertex  1.157632e+00  1.495526e+01  4.000000e+00
     vertex  1.925975e+00  1.487584e+01 -4.000000e+00
     vertex  1.925975e+00  1.487584e+01  4.000000e+00
   endloop
 endfacet
 facet normal -5.147875e-02 -9.986741e-01 -0.000000e+00
   outer loop
     vertex  3.862187e-01  1.499503e+01  4.000000e+00
     vertex  3.862187e-01  1.499503e+01 -4.000000e+00
     vertex  1.157632e+00  1.495526e+01  4.000000e+00
   endloop
 endfacet
 facet normal  2.299677e-15 -1.000000e+00  0.000000e+00
   outer loop
     vertex -3.862187e-01  1.499503e+01  4.000000e+00
     vertex -3.862187e-01  1.499503e+01 -4.000000e+00
     vertex  3.862187e-01  1.499503e+01 -4.000000e+00
   endloop
 endfacet
 facet normal  5.147875e-02 -9.986741e-01  0.000000e+00
   outer loop
     vertex -3.862187e-01  1.499503e+01  4.000000e+00
     vertex -1.157632e+00  1.495526e+01 -4.000000e+00
     vertex -3.862187e-01  1.499503e+01 -4.000000e+00
   endloop
 endfacet
 facet normal  2.299677e-15 -1.000000e+00  0.000000e+00
   outer loop
     vertex -3.862187e-01  1.499503e+01  4.000000e+00
     vertex  3.862187e-01  1.499503e+01 -4.000000e+00
     vertex  3.862187e-01  1.499503e+01  4.000000e+00
   endloop
 endfacet
 facet normal  5.147875e-02 -9.986741e-01  0.000000e+00
   outer loop
     vertex -1.157632e+00  1.495526e+01  4.000000e+00
     vertex -1.157632e+00  1.495526e+01 -4.000000e+00
     vertex -3.862187e-01  1.499503e+01  4.000000e+00
   endloop
 endfacet
 facet normal  1.028210e-01 -9.946999e-01  0.000000e+00
   outer loop
     vertex -1.925975e+00  1.487584e+01  4.000000e+00
     vertex -1.925975e+00  1.487584e+01 -4.000000e+00
     vertex -1.157632e+00  1.495526e+01 -4.000000e+00
   endloop
 endfacet
 facet normal  1.028210e-01 -9.946999e-01  0.000000e+00
   outer loop
     vertex -1.925975e+00  1.487584e+01  4.000000e+00
     vertex -1.157632e+00  1.495526e+01 -4.000000e+00
     vertex -1.157632e+00  1.495526e+01  4.000000e+00
   endloop
 endfacet
 facet normal  1.538906e-01 -9.880879e-01  0.000000e+00
   outer loop
     vertex -2.689211e+00  1.475697e+01  4.000000e+00
     vertex -2.689211e+00  1.475697e+01 -4.000000e+00
     vertex -1.925975e+00  1.487584e+01 -4.000000e+00
   endloop
 endfacet
 facet normal  1.538906e-01 -9.880879e-01  0.000000e+00
   outer loop
     vertex -2.689211e+00  1.475697e+01  4.000000e+00
     vertex -1.925975e+00  1.487584e+01 -4.000000e+00
     vertex -1.925975e+00  1.487584e+01  4.000000e+00
   endloop
 endfacet
 facet normal  2.045521e-01 -9.788557e-01  0.000000e+00
   outer loop
     vertex -3.445316e+00  1.459897e+01  4.000000e+00
     vertex -3.445316e+00  1.459897e+01 -4.000000e+00
     vertex -2.689211e+00  1.475697e+01 -4.000000e+00
   endloop
 endfacet
 facet normal  2.045521e-01 -9.788557e-01  0.000000e+00
   outer loop
     vertex -3.445316e+00  1.459897e+01  4.000000e+00
     vertex -2.689211e+00  1.475697e+01 -4.000000e+00
     vertex -2.689211e+00  1.475697e+01  4.000000e+00
   endloop
 endfacet
 facet normal  2.546711e-01 -9.670277e-01  0.000000e+00
   outer loop
     vertex -4.192285e+00  1.440225e+01  4.000000e+00
     vertex -4.192285e+00  1.440225e+01 -4.000000e+00
     vertex -3.445316e+00  1.459897e+01 -4.000000e+00
   endloop
 endfacet
 facet normal  2.546711e-01 -9.670277e-01  0.000000e+00
   outer loop
     vertex -4.192285e+00  1.440225e+01  4.000000e+00
     vertex -3.445316e+00  1.459897e+01 -4.000000e+00
     vertex -3.445316e+00  1.459897e+01  4.000000e+00
   endloop
 endfacet
 facet normal  3.041148e-01 -9.526354e-01  0.000000e+00
   outer loop
     vertex -4.928136e+00  1.416734e+01  4.000000e+00
     vertex -4.928136e+00  1.416734e+01 -4.000000e+00
     vertex -4.192285e+00  1.440225e+01 -4.000000e+00
   endloop
 endfacet
 facet normal  3.527521e-01 -9.357168e-01  0.000000e+00
   outer loop
     vertex -4.928136e+00  1.416734e+01  4.000000e+00
     vertex -5.650918e+00  1.389486e+01 -4.000000e+00
     vertex -4.928136e+00  1.416734e+01 -4.000000e+00
   endloop
 endfacet
 facet normal  3.041148e-01 -9.526354e-01  0.000000e+00
   outer loop
     vertex -4.928136e+00  1.416734e+01  4.000000e+00
     vertex -4.192285e+00  1.440225e+01 -4.000000e+00
     vertex -4.192285e+00  1.440225e+01  4.000000e+00
   endloop
 endfacet
 facet normal  3.527521e-01 -9.357168e-01  0.000000e+00
   outer loop
     vertex -5.650918e+00  1.389486e+01  4.000000e+00
     vertex -5.650918e+00  1.389486e+01 -4.000000e+00
     vertex -4.928136e+00  1.416734e+01  4.000000e+00
   endloop
 endfacet
 facet normal  4.004539e-01 -9.163169e-01  0.000000e+00
   outer loop
     vertex -6.358716e+00  1.358553e+01  4.000000e+00
     vertex -5.650918e+00  1.389486e+01 -4.000000e+00
     vertex -5.650918e+00  1.389486e+01  4.000000e+00
   endloop
 endfacet
 facet normal  4.004539e-01 -9.163169e-01  0.000000e+00
   outer loop
     vertex -6.358716e+00  1.358553e+01  4.000000e+00
     vertex -6.358716e+00  1.358553e+01 -4.000000e+00
     vertex -5.650918e+00  1.389486e+01 -4.000000e+00
   endloop
 endfacet
 facet normal  4.470938e-01 -8.944871e-01  0.000000e+00
   outer loop
     vertex -7.049651e+00  1.324018e+01  4.000000e+00
     vertex -6.358716e+00  1.358553e+01 -4.000000e+00
     vertex -6.358716e+00  1.358553e+01  4.000000e+00
   endloop
 endfacet
 facet normal  4.470938e-01 -8.944871e-01  0.000000e+00
   outer loop
     vertex -7.049651e+00  1.324018e+01  4.000000e+00
     vertex -7.049651e+00  1.324018e+01 -4.000000e+00
     vertex -6.358716e+00  1.358553e+01 -4.000000e+00
   endloop
 endfacet
 facet normal  4.925481e-01 -8.702852e-01  0.000000e+00
   outer loop
     vertex -7.049651e+00  1.324018e+01  4.000000e+00
     vertex -7.721892e+00  1.285972e+01 -4.000000e+00
     vertex -7.049651e+00  1.324018e+01 -4.000000e+00
   endloop
 endfacet
 facet normal  4.925481e-01 -8.702852e-01  0.000000e+00
   outer loop
     vertex -7.721892e+00  1.285972e+01  4.000000e+00
     vertex -7.721892e+00  1.285972e+01 -4.000000e+00
     vertex -7.049651e+00  1.324018e+01  4.000000e+00
   endloop
 endfacet
 facet normal  5.366962e-01 -8.437756e-01  0.000000e+00
   outer loop
     vertex -8.373656e+00  1.244516e+01  4.000000e+00
     vertex -7.721892e+00  1.285972e+01 -4.000000e+00
     vertex -7.721892e+00  1.285972e+01  4.000000e+00
   endloop
 endfacet
 facet normal  5.366962e-01 -8.437756e-01  0.000000e+00
   outer loop
     vertex -8.373656e+00  1.244516e+01  4.000000e+00
     vertex -8.373656e+00  1.244516e+01 -4.000000e+00
     vertex -7.721892e+00  1.285972e+01 -4.000000e+00
   endloop
 endfacet
 facet normal  5.794211e-01 -8.150283e-01  0.000000e+00
   outer loop
     vertex -9.003214e+00  1.199759e+01  4.000000e+00
     vertex -8.373656e+00  1.244516e+01 -4.000000e+00
     vertex -8.373656e+00  1.244516e+01  4.000000e+00
   endloop
 endfacet
 facet normal  5.794211e-01 -8.150283e-01  0.000000e+00
   outer loop
     vertex -9.003214e+00  1.199759e+01  4.000000e+00
     vertex -9.003214e+00  1.199759e+01 -4.000000e+00
     vertex -8.373656e+00  1.244516e+01 -4.000000e+00
   endloop
 endfacet
 facet normal  6.206095e-01 -7.841198e-01  0.000000e+00
   outer loop
     vertex -9.003214e+00  1.199759e+01  4.000000e+00
     vertex -9.608898e+00  1.151821e+01 -4.000000e+00
     vertex -9.003214e+00  1.199759e+01 -4.000000e+00
   endloop
 endfacet
 facet normal  6.206095e-01 -7.841198e-01  0.000000e+00
   outer loop
     vertex -9.608898e+00  1.151821e+01  4.000000e+00
     vertex -9.608898e+00  1.151821e+01 -4.000000e+00
     vertex -9.003214e+00  1.199759e+01  4.000000e+00
   endloop
 endfacet
 facet normal  6.601521e-01 -7.511319e-01  0.000000e+00
   outer loop
     vertex -1.018910e+01  1.100828e+01  4.000000e+00
     vertex -9.608898e+00  1.151821e+01 -4.000000e+00
     vertex -9.608898e+00  1.151821e+01  4.000000e+00
   endloop
 endfacet
 facet normal  6.601521e-01 -7.511319e-01  0.000000e+00
   outer loop
     vertex -1.018910e+01  1.100828e+01  4.000000e+00
     vertex -1.018910e+01  1.100828e+01 -4.000000e+00
     vertex -9.608898e+00  1.151821e+01 -4.000000e+00
   endloop
 endfacet
 facet normal  6.979442e-01 -7.161522e-01  0.000000e+00
   outer loop
     vertex -1.074228e+01  1.046916e+01  4.000000e+00
     vertex -1.018910e+01  1.100828e+01 -4.000000e+00
     vertex -1.018910e+01  1.100828e+01  4.000000e+00
   endloop
 endfacet
 facet normal  6.979442e-01 -7.161522e-01  0.000000e+00
   outer loop
     vertex -1.074228e+01  1.046916e+01  4.000000e+00
     vertex -1.074228e+01  1.046916e+01 -4.000000e+00
     vertex -1.018910e+01  1.100828e+01 -4.000000e+00
   endloop
 endfacet
 facet normal  7.338854e-01 -6.792733e-01  0.000000e+00
   outer loop
     vertex -1.126698e+01  9.902282e+00  4.000000e+00
     vertex -1.074228e+01  1.046916e+01 -4.000000e+00
     vertex -1.074228e+01  1.046916e+01  4.000000e+00
   endloop
 endfacet
 facet normal  7.338854e-01 -6.792733e-01  0.000000e+00
   outer loop
     vertex -1.126698e+01  9.902282e+00  4.000000e+00
     vertex -1.126698e+01  9.902282e+00 -4.000000e+00
     vertex -1.074228e+01  1.046916e+01 -4.000000e+00
   endloop
 endfacet
 facet normal  7.678804e-01 -6.405932e-01  0.000000e+00
   outer loop
     vertex -1.126698e+01  9.902282e+00  4.000000e+00
     vertex -1.176180e+01  9.309142e+00 -4.000000e+00
     vertex -1.126698e+01  9.902282e+00 -4.000000e+00
   endloop
 endfacet
 facet normal  7.678804e-01 -6.405932e-01  0.000000e+00
   outer loop
     vertex -1.176180e+01  9.309142e+00  4.000000e+00
     vertex -1.176180e+01  9.309142e+00 -4.000000e+00
     vertex -1.126698e+01  9.902282e+00  4.000000e+00
   endloop
 endfacet
 facet normal  7.998392e-01 -6.002143e-01  0.000000e+00
   outer loop
     vertex -1.222543e+01  8.691316e+00  4.000000e+00
     vertex -1.176180e+01  9.309142e+00 -4.000000e+00
     vertex -1.176180e+01  9.309142e+00  4.000000e+00
   endloop
 endfacet
 facet normal  7.998392e-01 -6.002143e-01  0.000000e+00
   outer loop
     vertex -1.222543e+01  8.691316e+00  4.000000e+00
     vertex -1.222543e+01  8.691316e+00 -4.000000e+00
     vertex -1.176180e+01  9.309142e+00 -4.000000e+00
   endloop
 endfacet
 facet normal  8.296770e-01 -5.582437e-01  0.000000e+00
   outer loop
     vertex -1.222543e+01  8.691316e+00  4.000000e+00
     vertex -1.265663e+01  8.050443e+00 -4.000000e+00
     vertex -1.222543e+01  8.691316e+00 -4.000000e+00
   endloop
 endfacet
 facet normal  8.296770e-01 -5.582437e-01  0.000000e+00
   outer loop
     vertex -1.265663e+01  8.050443e+00  4.000000e+00
     vertex -1.265663e+01  8.050443e+00 -4.000000e+00
     vertex -1.222543e+01  8.691316e+00  4.000000e+00
   endloop
 endfacet
 facet normal  8.573146e-01 -5.147928e-01  0.000000e+00
   outer loop
     vertex -1.305428e+01  7.388221e+00  4.000000e+00
     vertex -1.265663e+01  8.050443e+00 -4.000000e+00
     vertex -1.265663e+01  8.050443e+00  4.000000e+00
   endloop
 endfacet
 facet normal  8.573146e-01 -5.147928e-01  0.000000e+00
   outer loop
     vertex -1.305428e+01  7.388221e+00  4.000000e+00
     vertex -1.305428e+01  7.388221e+00 -4.000000e+00
     vertex -1.265663e+01  8.050443e+00 -4.000000e+00
   endloop
 endfacet
 facet normal  8.826788e-01 -4.699767e-01  0.000000e+00
   outer loop
     vertex -1.305428e+01  7.388221e+00  4.000000e+00
     vertex -1.341731e+01  6.706407e+00 -4.000000e+00
     vertex -1.305428e+01  7.388221e+00 -4.000000e+00
   endloop
 endfacet
 facet normal  8.826788e-01 -4.699767e-01  0.000000e+00
   outer loop
     vertex -1.341731e+01  6.706407e+00  4.000000e+00
     vertex -1.341731e+01  6.706407e+00 -4.000000e+00
     vertex -1.305428e+01  7.388221e+00  4.000000e+00
   endloop
 endfacet
 facet normal  9.057023e-01 -4.239144e-01  0.000000e+00
   outer loop
     vertex -1.341731e+01  6.706407e+00  4.000000e+00
     vertex -1.374475e+01  6.006809e+00 -4.000000e+00
     vertex -1.341731e+01  6.706407e+00 -4.000000e+00
   endloop
 endfacet
 facet normal  9.057023e-01 -4.239144e-01  0.000000e+00
   outer loop
     vertex -1.374475e+01  6.006809e+00  4.000000e+00
     vertex -1.374475e+01  6.006809e+00 -4.000000e+00
     vertex -1.341731e+01  6.706407e+00  4.000000e+00
   endloop
 endfacet
 facet normal  9.263240e-01 -3.767279e-01  0.000000e+00
   outer loop
     vertex -1.403575e+01  5.291281e+00  4.000000e+00
     vertex -1.374475e+01  6.006809e+00 -4.000000e+00
     vertex -1.374475e+01  6.006809e+00  4.000000e+00
   endloop
 endfacet
 facet normal  9.263240e-01 -3.767279e-01  0.000000e+00
   outer loop
     vertex -1.403575e+01  5.291281e+00  4.000000e+00
     vertex -1.403575e+01  5.291281e+00 -4.000000e+00
     vertex -1.374475e+01  6.006809e+00 -4.000000e+00
   endloop
 endfacet
 facet normal  9.444892e-01 -3.285424e-01  0.000000e+00
   outer loop
     vertex -1.428953e+01  4.561722e+00  4.000000e+00
     vertex -1.403575e+01  5.291281e+00 -4.000000e+00
     vertex -1.403575e+01  5.291281e+00  4.000000e+00
   endloop
 endfacet
 facet normal  9.444892e-01 -3.285424e-01  0.000000e+00
   outer loop
     vertex -1.428953e+01  4.561722e+00  4.000000e+00
     vertex -1.428953e+01  4.561722e+00 -4.000000e+00
     vertex -1.403575e+01  5.291281e+00 -4.000000e+00
   endloop
 endfacet
 facet normal  9.601499e-01 -2.794856e-01  0.000000e+00
   outer loop
     vertex -1.428953e+01  4.561722e+00  4.000000e+00
     vertex -1.450542e+01  3.820067e+00 -4.000000e+00
     vertex -1.428953e+01  4.561722e+00 -4.000000e+00
   endloop
 endfacet
 facet normal  9.601499e-01 -2.794856e-01  0.000000e+00
   outer loop
     vertex -1.450542e+01  3.820067e+00  4.000000e+00
     vertex -1.450542e+01  3.820067e+00 -4.000000e+00
     vertex -1.428953e+01  4.561722e+00  4.000000e+00
   endloop
 endfacet
 facet normal  9.732644e-01 -2.296877e-01  0.000000e+00
   outer loop
     vertex -1.450542e+01  3.820067e+00  4.000000e+00
     vertex -1.468284e+01  3.068281e+00 -4.000000e+00
     vertex -1.450542e+01  3.820067e+00 -4.000000e+00
   endloop
 endfacet
 facet normal  9.732644e-01 -2.296877e-01  0.000000e+00
   outer loop
     vertex -1.468284e+01  3.068281e+00  4.000000e+00
     vertex -1.468284e+01  3.068281e+00 -4.000000e+00
     vertex -1.450542e+01  3.820067e+00  4.000000e+00
   endloop
 endfacet
 facet normal  9.837980e-01 -1.792808e-01  0.000000e+00
   outer loop
     vertex -1.482132e+01  2.308359e+00  4.000000e+00
     vertex -1.468284e+01  3.068281e+00 -4.000000e+00
     vertex -1.468284e+01  3.068281e+00  4.000000e+00
   endloop
 endfacet
 facet normal  9.837980e-01 -1.792808e-01  0.000000e+00
   outer loop
     vertex -1.482132e+01  2.308359e+00  4.000000e+00
     vertex -1.482132e+01  2.308359e+00 -4.000000e+00
     vertex -1.468284e+01  3.068281e+00 -4.000000e+00
   endloop
 endfacet
 facet normal  9.917227e-01 -1.283984e-01  0.000000e+00
   outer loop
     vertex -1.482132e+01  2.308359e+00  4.000000e+00
     vertex -1.492050e+01  1.542315e+00 -4.000000e+00
     vertex -1.482132e+01  2.308359e+00 -4.000000e+00
   endloop
 endfacet
 facet normal  9.917227e-01 -1.283984e-01  0.000000e+00
   outer loop
     vertex -1.492050e+01  1.542315e+00  4.000000e+00
     vertex -1.492050e+01  1.542315e+00 -4.000000e+00
     vertex -1.482132e+01  2.308359e+00  4.000000e+00
   endloop
 endfacet
 facet normal  9.970175e-01 -7.717546e-02  0.000000e+00
   outer loop
     vertex -1.498011e+01  7.721813e-01  4.000000e+00
     vertex -1.498011e+01  7.721813e-01 -4.000000e+00
     vertex -1.492050e+01  1.542315e+00 -4.000000e+00
   endloop
 endfacet
 facet normal  9.970175e-01 -7.717546e-02  0.000000e+00
   outer loop
     vertex -1.498011e+01  7.721813e-01  4.000000e+00
     vertex -1.492050e+01  1.542315e+00 -4.000000e+00
     vertex -1.492050e+01  1.542315e+00  4.000000e+00
   endloop
 endfacet
 facet normal  9.996685e-01 -2.574791e-02  0.000000e+00
   outer loop
     vertex -1.500000e+01 -3.813106e-14  4.000000e+00
     vertex -1.500000e+01 -3.813106e-14 -4.000000e+00
     vertex -1.498011e+01  7.721813e-01 -4.000000e+00
   endloop
 endfacet
 facet normal  9.996685e-01 -2.574791e-02  0.000000e+00
   outer loop
     vertex -1.500000e+01 -3.813106e-14  4.000000e+00
     vertex -1.498011e+01  7.721813e-01 -4.000000e+00
     vertex -1.498011e+01  7.721813e-01  4.000000e+00
   endloop
 endfacet
 facet normal  9.996685e-01  2.574791e-02  0.000000e+00
   outer loop
     vertex -1.498011e+01 -7.721813e-01  4.000000e+00
     vertex -1.498011e+01 -7.721813e-01 -4.000000e+00
     vertex -1.500000e+01 -3.813106e-14 -4.000000e+00
   endloop
 endfacet
 facet normal  9.970175e-01  7.717546e-02  0.000000e+00
   outer loop
     vertex -1.498011e+01 -7.721813e-01  4.000000e+00
     vertex -1.492050e+01 -1.542315e+00 -4.000000e+00
     vertex -1.498011e+01 -7.721813e-01 -4.000000e+00
   endloop
 endfacet
 facet normal  9.996685e-01  2.574791e-02  0.000000e+00
   outer loop
     vertex -1.498011e+01 -7.721813e-01  4.000000e+00
     vertex -1.500000e+01 -3.813106e-14 -4.000000e+00
     vertex -1.500000e+01 -3.813106e-14  4.000000e+00
   endloop
 endfacet
 facet normal  9.970175e-01  7.717546e-02  0.000000e+00
   outer loop
     vertex -1.492050e+01 -1.542315e+00  4.000000e+00
     vertex -1.492050e+01 -1.542315e+00 -4.000000e+00
     vertex -1.498011e+01 -7.721813e-01  4.000000e+00
   endloop
 endfacet
 facet normal  9.917227e-01  1.283984e-01  0.000000e+00
   outer loop
     vertex -1.482132e+01 -2.308359e+00  4.000000e+00
     vertex -1.492050e+01 -1.542315e+00 -4.000000e+00
     vertex -1.492050e+01 -1.542315e+00  4.000000e+00
   endloop
 endfacet
 facet normal  9.917227e-01  1.283984e-01  0.000000e+00
   outer loop
     vertex -1.482132e+01 -2.308359e+00  4.000000e+00
     vertex -1.482132e+01 -2.308359e+00 -4.000000e+00
     vertex -1.492050e+01 -1.542315e+00 -4.000000e+00
   endloop
 endfacet
 facet normal  9.837980e-01  1.792808e-01  0.000000e+00
   outer loop
     vertex -1.468284e+01 -3.068281e+00  4.000000e+00
     vertex -1.482132e+01 -2.308359e+00 -4.000000e+00
     vertex -1.482132e+01 -2.308359e+00  4.000000e+00
   endloop
 endfacet
 facet normal  9.837980e-01  1.792808e-01  0.000000e+00
   outer loop
     vertex -1.468284e+01 -3.068281e+00  4.000000e+00
     vertex -1.468284e+01 -3.068281e+00 -4.000000e+00
     vertex -1.482132e+01 -2.308359e+00 -4.000000e+00
   endloop
 endfacet
 facet normal  9.732644e-01  2.296877e-01  0.000000e+00
   outer loop
     vertex -1.468284e+01 -3.068281e+00  4.000000e+00
     vertex -1.450542e+01 -3.820067e+00 -4.000000e+00
     vertex -1.468284e+01 -3.068281e+00 -4.000000e+00
   endloop
 endfacet
 facet normal  9.732644e-01  2.296877e-01  0.000000e+00
   outer loop
     vertex -1.450542e+01 -3.820067e+00  4.000000e+00
     vertex -1.450542e+01 -3.820067e+00 -4.000000e+00
     vertex -1.468284e+01 -3.068281e+00  4.000000e+00
   endloop
 endfacet
 facet normal  9.601499e-01  2.794856e-01  0.000000e+00
   outer loop
     vertex -1.450542e+01 -3.820067e+00  4.000000e+00
     vertex -1.428953e+01 -4.561722e+00 -4.000000e+00
     vertex -1.450542e+01 -3.820067e+00 -4.000000e+00
   endloop
 endfacet
 facet normal  9.601499e-01  2.794856e-01  0.000000e+00
   outer loop
     vertex -1.428953e+01 -4.561722e+00  4.000000e+00
     vertex -1.428953e+01 -4.561722e+00 -4.000000e+00
     vertex -1.450542e+01 -3.820067e+00  4.000000e+00
   endloop
 endfacet
 facet normal  9.444892e-01  3.285424e-01  0.000000e+00
   outer loop
     vertex -1.403575e+01 -5.291281e+00  4.000000e+00
     vertex -1.428953e+01 -4.561722e+00 -4.000000e+00
     vertex -1.428953e+01 -4.561722e+00  4.000000e+00
   endloop
 endfacet
 facet normal  9.444892e-01  3.285424e-01  0.000000e+00
   outer loop
     vertex -1.403575e+01 -5.291281e+00  4.000000e+00
     vertex -1.403575e+01 -5.291281e+00 -4.000000e+00
     vertex -1.428953e+01 -4.561722e+00 -4.000000e+00
   endloop
 endfacet
 facet normal  9.263240e-01  3.767279e-01  0.000000e+00
   outer loop
     vertex -1.374475e+01 -6.006809e+00  4.000000e+00
     vertex -1.403575e+01 -5.291281e+00 -4.000000e+00
     vertex -1.403575e+01 -5.291281e+00  4.000000e+00
   endloop
 endfacet
 facet normal  9.263240e-01  3.767279e-01  0.000000e+00
   outer loop
     vertex -1.374475e+01 -6.006809e+00  4.000000e+00
     vertex -1.374475e+01 -6.006809e+00 -4.000000e+00
     vertex -1.403575e+01 -5.291281e+00 -4.000000e+00
   endloop
 endfacet
 facet normal  9.057023e-01  4.239144e-01  0.000000e+00
   outer loop
     vertex -1.374475e+01 -6.006809e+00  4.000000e+00
     vertex -1.341731e+01 -6.706407e+00 -4.000000e+00
     vertex -1.374475e+01 -6.006809e+00 -4.000000e+00
   endloop
 endfacet
 facet normal  9.057023e-01  4.239144e-01  0.000000e+00
   outer loop
     vertex -1.341731e+01 -6.706407e+00  4.000000e+00
     vertex -1.341731e+01 -6.706407e+00 -4.000000e+00
     vertex -1.374475e+01 -6.006809e+00  4.000000e+00
   endloop
 endfacet
 facet normal  8.826788e-01  4.699767e-01  0.000000e+00
   outer loop
     vertex -1.305428e+01 -7.388221e+00  4.000000e+00
     vertex -1.341731e+01 -6.706407e+00 -4.000000e+00
     vertex -1.341731e+01 -6.706407e+00  4.000000e+00
   endloop
 endfacet
 facet normal  8.826788e-01  4.699767e-01  0.000000e+00
   outer loop
     vertex -1.305428e+01 -7.388221e+00  4.000000e+00
     vertex -1.305428e+01 -7.388221e+00 -4.000000e+00
     vertex -1.341731e+01 -6.706407e+00 -4.000000e+00
   endloop
 endfacet
 facet normal  8.573146e-01  5.147928e-01  0.000000e+00
   outer loop
     vertex -1.305428e+01 -7.388221e+00  4.000000e+00
     vertex -1.265663e+01 -8.050443e+00 -4.000000e+00
     vertex -1.305428e+01 -7.388221e+00 -4.000000e+00
   endloop
 endfacet
 facet normal  8.573146e-01  5.147928e-01  0.000000e+00
   outer loop
     vertex -1.265663e+01 -8.050443e+00  4.000000e+00
     vertex -1.265663e+01 -8.050443e+00 -4.000000e+00
     vertex -1.305428e+01 -7.388221e+00  4.000000e+00
   endloop
 endfacet
 facet normal  8.296770e-01  5.582437e-01  0.000000e+00
   outer loop
     vertex -1.222543e+01 -8.691316e+00  4.000000e+00
     vertex -1.265663e+01 -8.050443e+00 -4.000000e+00
     vertex -1.265663e+01 -8.050443e+00  4.000000e+00
   endloop
 endfacet
 facet normal  8.296770e-01  5.582437e-01  0.000000e+00
   outer loop
     vertex -1.222543e+01 -8.691316e+00  4.000000e+00
     vertex -1.222543e+01 -8.691316e+00 -4.000000e+00
     vertex -1.265663e+01 -8.050443e+00 -4.000000e+00
   endloop
 endfacet
 facet normal  7.998392e-01  6.002143e-01  0.000000e+00
   outer loop
     vertex -1.222543e+01 -8.691316e+00  4.000000e+00
     vertex -1.176180e+01 -9.309142e+00 -4.000000e+00
     vertex -1.222543e+01 -8.691316e+00 -4.000000e+00
   endloop
 endfacet
 facet normal  7.998392e-01  6.002143e-01  0.000000e+00
   outer loop
     vertex -1.176180e+01 -9.309142e+00  4.000000e+00
     vertex -1.176180e+01 -9.309142e+00 -4.000000e+00
     vertex -1.222543e+01 -8.691316e+00  4.000000e+00
   endloop
 endfacet
 facet normal  7.678804e-01  6.405932e-01  0.000000e+00
   outer loop
     vertex -1.126698e+01 -9.902282e+00  4.000000e+00
     vertex -1.176180e+01 -9.309142e+00 -4.000000e+00
     vertex -1.176180e+01 -9.309142e+00  4.000000e+00
   endloop
 endfacet
 facet normal  7.678804e-01  6.405932e-01  0.000000e+00
   outer loop
     vertex -1.126698e+01 -9.902282e+00  4.000000e+00
     vertex -1.126698e+01 -9.902282e+00 -4.000000e+00
     vertex -1.176180e+01 -9.309142e+00 -4.000000e+00
   endloop
 endfacet
 facet normal  7.338854e-01  6.792733e-01  0.000000e+00
   outer loop
     vertex -1.074228e+01 -1.046916e+01  4.000000e+00
     vertex -1.126698e+01 -9.902282e+00 -4.000000e+00
     vertex -1.126698e+01 -9.902282e+00  4.000000e+00
   endloop
 endfacet
 facet normal  7.338854e-01  6.792733e-01  0.000000e+00
   outer loop
     vertex -1.074228e+01 -1.046916e+01  4.000000e+00
     vertex -1.074228e+01 -1.046916e+01 -4.000000e+00
     vertex -1.126698e+01 -9.902282e+00 -4.000000e+00
   endloop
 endfacet
 facet normal  6.979442e-01  7.161522e-01  0.000000e+00
   outer loop
     vertex -1.074228e+01 -1.046916e+01  4.000000e+00
     vertex -1.018910e+01 -1.100828e+01 -4.000000e+00
     vertex -1.074228e+01 -1.046916e+01 -4.000000e+00
   endloop
 endfacet
 facet normal  6.979442e-01  7.161522e-01  0.000000e+00
   outer loop
     vertex -1.018910e+01 -1.100828e+01  4.000000e+00
     vertex -1.018910e+01 -1.100828e+01 -4.000000e+00
     vertex -1.074228e+01 -1.046916e+01  4.000000e+00
   endloop
 endfacet
 facet normal  6.206095e-01  7.841198e-01  0.000000e+00
   outer loop
     vertex -9.608898e+00 -1.151821e+01  4.000000e+00
     vertex -9.003214e+00 -1.199759e+01 -4.000000e+00
     vertex -9.608898e+00 -1.151821e+01 -4.000000e+00
   endloop
 endfacet
 facet normal  6.601521e-01  7.511319e-01  0.000000e+00
   outer loop
     vertex -9.608898e+00 -1.151821e+01  4.000000e+00
     vertex -1.018910e+01 -1.100828e+01 -4.000000e+00
     vertex -1.018910e+01 -1.100828e+01  4.000000e+00
   endloop
 endfacet
 facet normal  6.601521e-01  7.511319e-01  0.000000e+00
   outer loop
     vertex -9.608898e+00 -1.151821e+01  4.000000e+00
     vertex -9.608898e+00 -1.151821e+01 -4.000000e+00
     vertex -1.018910e+01 -1.100828e+01 -4.000000e+00
   endloop
 endfacet
 facet normal  6.206095e-01  7.841198e-01  0.000000e+00
   outer loop
     vertex -9.003214e+00 -1.199759e+01  4.000000e+00
     vertex -9.003214e+00 -1.199759e+01 -4.000000e+00
     vertex -9.608898e+00 -1.151821e+01  4.000000e+00
   endloop
 endfacet
 facet normal  5.794211e-01  8.150283e-01  0.000000e+00
   outer loop
     vertex -8.373656e+00 -1.244516e+01  4.000000e+00
     vertex -8.373656e+00 -1.244516e+01 -4.000000e+00
     vertex -9.003214e+00 -1.199759e+01 -4.000000e+00
   endloop
 endfacet
 facet normal  5.794211e-01  8.150283e-01  0.000000e+00
   outer loop
     vertex -8.373656e+00 -1.244516e+01  4.000000e+00
     vertex -9.003214e+00 -1.199759e+01 -4.000000e+00
     vertex -9.003214e+00 -1.199759e+01  4.000000e+00
   endloop
 endfacet
 facet normal  5.366962e-01  8.437756e-01  0.000000e+00
   outer loop
     vertex -7.721892e+00 -1.285972e+01  4.000000e+00
     vertex -7.721892e+00 -1.285972e+01 -4.000000e+00
     vertex -8.373656e+00 -1.244516e+01 -4.000000e+00
   endloop
 endfacet
 facet normal  4.925481e-01  8.702852e-01  0.000000e+00
   outer loop
     vertex -7.721892e+00 -1.285972e+01  4.000000e+00
     vertex -7.049651e+00 -1.324018e+01 -4.000000e+00
     vertex -7.721892e+00 -1.285972e+01 -4.000000e+00
   endloop
 endfacet
 facet normal  5.366962e-01  8.437756e-01  0.000000e+00
   outer loop
     vertex -7.721892e+00 -1.285972e+01  4.000000e+00
     vertex -8.373656e+00 -1.244516e+01 -4.000000e+00
     vertex -8.373656e+00 -1.244516e+01  4.000000e+00
   endloop
 endfacet
 facet normal  4.925481e-01  8.702852e-01  0.000000e+00
   outer loop
     vertex -7.049651e+00 -1.324018e+01  4.000000e+00
     vertex -7.049651e+00 -1.324018e+01 -4.000000e+00
     vertex -7.721892e+00 -1.285972e+01  4.000000e+00
   endloop
 endfacet
 facet normal  4.470938e-01  8.944871e-01  0.000000e+00
   outer loop
     vertex -6.358716e+00 -1.358553e+01  4.000000e+00
     vertex -6.358716e+00 -1.358553e+01 -4.000000e+00
     vertex -7.049651e+00 -1.324018e+01 -4.000000e+00
   endloop
 endfacet
 facet normal  4.004539e-01  9.163169e-01  0.000000e+00
   outer loop
     vertex -6.358716e+00 -1.358553e+01  4.000000e+00
     vertex -5.650918e+00 -1.389486e+01 -4.000000e+00
     vertex -6.358716e+00 -1.358553e+01 -4.000000e+00
   endloop
 endfacet
 facet normal  4.470938e-01  8.944871e-01  0.000000e+00
   outer loop
     vertex -6.358716e+00 -1.358553e+01  4.000000e+00
     vertex -7.049651e+00 -1.324018e+01 -4.000000e+00
     vertex -7.049651e+00 -1.324018e+01  4.000000e+00
   endloop
 endfacet
 facet normal  4.004539e-01  9.163169e-01  0.000000e+00
   outer loop
     vertex -5.650918e+00 -1.389486e+01  4.000000e+00
     vertex -5.650918e+00 -1.389486e+01 -4.000000e+00
     vertex -6.358716e+00 -1.358553e+01  4.000000e+00
   endloop
 endfacet
 facet normal  3.527521e-01  9.357168e-01  0.000000e+00
   outer loop
     vertex -4.928136e+00 -1.416734e+01  4.000000e+00
     vertex -4.928136e+00 -1.416734e+01 -4.000000e+00
     vertex -5.650918e+00 -1.389486e+01 -4.000000e+00
   endloop
 endfacet
 facet normal  3.527521e-01  9.357168e-01  0.000000e+00
   outer loop
     vertex -4.928136e+00 -1.416734e+01  4.000000e+00
     vertex -5.650918e+00 -1.389486e+01 -4.000000e+00
     vertex -5.650918e+00 -1.389486e+01  4.000000e+00
   endloop
 endfacet
 facet normal  3.041148e-01  9.526354e-01  0.000000e+00
   outer loop
     vertex -4.192285e+00 -1.440225e+01  4.000000e+00
     vertex -4.192285e+00 -1.440225e+01 -4.000000e+00
     vertex -4.928136e+00 -1.416734e+01 -4.000000e+00
   endloop
 endfacet
 facet normal  3.041148e-01  9.526354e-01  0.000000e+00
   outer loop
     vertex -4.192285e+00 -1.440225e+01  4.000000e+00
     vertex -4.928136e+00 -1.416734e+01 -4.000000e+00
     vertex -4.928136e+00 -1.416734e+01  4.000000e+00
   endloop
 endfacet
 facet normal  2.546711e-01  9.670277e-01  0.000000e+00
   outer loop
     vertex -3.445316e+00 -1.459897e+01  4.000000e+00
     vertex -3.445316e+00 -1.459897e+01 -4.000000e+00
     vertex -4.192285e+00 -1.440225e+01 -4.000000e+00
   endloop
 endfacet
 facet normal  2.546711e-01  9.670277e-01  0.000000e+00
   outer loop
     vertex -3.445316e+00 -1.459897e+01  4.000000e+00
     vertex -4.192285e+00 -1.440225e+01 -4.000000e+00
     vertex -4.192285e+00 -1.440225e+01  4.000000e+00
   endloop
 endfacet
 facet normal  2.045521e-01  9.788557e-01  0.000000e+00
   outer loop
     vertex -2.689211e+00 -1.475697e+01  4.000000e+00
     vertex -2.689211e+00 -1.475697e+01 -4.000000e+00
     vertex -3.445316e+00 -1.459897e+01 -4.000000e+00
   endloop
 endfacet
 facet normal  2.045521e-01  9.788557e-01  0.000000e+00
   outer loop
     vertex -2.689211e+00 -1.475697e+01  4.000000e+00
     vertex -3.445316e+00 -1.459897e+01 -4.000000e+00
     vertex -3.445316e+00 -1.459897e+01  4.000000e+00
   endloop
 endfacet
 facet normal  1.538906e-01  9.880879e-01  0.000000e+00
   outer loop
     vertex -1.925975e+00 -1.487584e+01  4.000000e+00
     vertex -1.925975e+00 -1.487584e+01 -4.000000e+00
     vertex -2.689211e+00 -1.475697e+01 -4.000000e+00
   endloop
 endfacet
 facet normal  1.028210e-01  9.946999e-01  0.000000e+00
   outer loop
     vertex -1.925975e+00 -1.487584e+01  4.000000e+00
     vertex -1.157632e+00 -1.495526e+01 -4.000000e+00
     vertex -1.925975e+00 -1.487584e+01 -4.000000e+00
   endloop
 endfacet
 facet normal  1.538906e-01  9.880879e-01  0.000000e+00
   outer loop
     vertex -1.925975e+00 -1.487584e+01  4.000000e+00
     vertex -2.689211e+00 -1.475697e+01 -4.000000e+00
     vertex -2.689211e+00 -1.475697e+01  4.000000e+00
   endloop
 endfacet
 facet normal  1.028210e-01  9.946999e-01  0.000000e+00
   outer loop
     vertex -1.157632e+00 -1.495526e+01  4.000000e+00
     vertex -1.157632e+00 -1.495526e+01 -4.000000e+00
     vertex -1.925975e+00 -1.487584e+01  4.000000e+00
   endloop
 endfacet
 facet normal  5.147875e-02  9.986741e-01  0.000000e+00
   outer loop
     vertex -1.157632e+00 -1.495526e+01  4.000000e+00
     vertex -3.862187e-01 -1.499503e+01 -4.000000e+00
     vertex -1.157632e+00 -1.495526e+01 -4.000000e+00
   endloop
 endfacet
 facet normal  5.147875e-02  9.986741e-01  0.000000e+00
   outer loop
     vertex -3.862187e-01 -1.499503e+01  4.000000e+00
     vertex -3.862187e-01 -1.499503e+01 -4.000000e+00
     vertex -1.157632e+00 -1.495526e+01  4.000000e+00
   endloop
 endfacet
 facet normal  2.299677e-15  1.000000e+00  0.000000e+00
   outer loop
     vertex -3.862187e-01 -1.499503e+01  4.000000e+00
     vertex  3.862187e-01 -1.499503e+01 -4.000000e+00
     vertex -3.862187e-01 -1.499503e+01 -4.000000e+00
   endloop
 endfacet
 facet normal  2.299677e-15  1.000000e+00  0.000000e+00
   outer loop
     vertex  3.862187e-01 -1.499503e+01  4.000000e+00
     vertex  3.862187e-01 -1.499503e+01 -4.000000e+00
     vertex -3.862187e-01 -1.499503e+01  4.000000e+00
   endloop
 endfacet
 facet normal -5.147875e-02  9.986741e-01  0.000000e+00
   outer loop
     vertex  1.157632e+00 -1.495526e+01  4.000000e+00
     vertex  1.157632e+00 -1.495526e+01 -4.000000e+00
     vertex  3.862187e-01 -1.499503e+01 -4.000000e+00
   endloop
 endfacet
 facet normal -5.147875e-02  9.986741e-01  0.000000e+00
   outer loop
     vertex  1.157632e+00 -1.495526e+01  4.000000e+00
     vertex  3.862187e-01 -1.499503e+01 -4.000000e+00
     vertex  3.862187e-01 -1.499503e+01  4.000000e+00
   endloop
 endfacet
 facet normal -1.028210e-01  9.946999e-01  0.000000e+00
   outer loop
     vertex  1.925975e+00 -1.487584e+01  4.000000e+00
     vertex  1.925975e+00 -1.487584e+01 -4.000000e+00
     vertex  1.157632e+00 -1.495526e+01 -4.000000e+00
   endloop
 endfacet
 facet normal -1.028210e-01  9.946999e-01  0.000000e+00
   outer loop
     vertex  1.925975e+00 -1.487584e+01  4.000000e+00
     vertex  1.157632e+00 -1.495526e+01 -4.000000e+00
     vertex  1.157632e+00 -1.495526e+01  4.000000e+00
   endloop
 endfacet
 facet normal -1.538906e-01  9.880879e-01  0.000000e+00
   outer loop
     vertex  2.689211e+00 -1.475697e+01  4.000000e+00
     vertex  2.689211e+00 -1.475697e+01 -4.000000e+00
     vertex  1.925975e+00 -1.487584e+01 -4.000000e+00
   endloop
 endfacet
 facet normal -1.538906e-01  9.880879e-01  0.000000e+00
   outer loop
     vertex  2.689211e+00 -1.475697e+01  4.000000e+00
     vertex  1.925975e+00 -1.487584e+01 -4.000000e+00
     vertex  1.925975e+00 -1.487584e+01  4.000000e+00
   endloop
 endfacet
 facet normal -2.045521e-01  9.788557e-01  0.000000e+00
   outer loop
     vertex  3.445316e+00 -1.459897e+01  4.000000e+00
     vertex  3.445316e+00 -1.459897e+01 -4.000000e+00
     vertex  2.689211e+00 -1.475697e+01 -4.000000e+00
   endloop
 endfacet
 facet normal -2.045521e-01  9.788557e-01  0.000000e+00
   outer loop
     vertex  3.445316e+00 -1.459897e+01  4.000000e+00
     vertex  2.689211e+00 -1.475697e+01 -4.000000e+00
     vertex  2.689211e+00 -1.475697e+01  4.000000e+00
   endloop
 endfacet
 facet normal -2.546711e-01  9.670277e-01  0.000000e+00
   outer loop
     vertex  4.192285e+00 -1.440225e+01  4.000000e+00
     vertex  4.192285e+00 -1.440225e+01 -4.000000e+00
     vertex  3.445316e+00 -1.459897e+01 -4.000000e+00
   endloop
 endfacet
 facet normal -3.041148e-01  9.526354e-01  0.000000e+00
   outer loop
     vertex  4.192285e+00 -1.440225e+01  4.000000e+00
     vertex  4.928136e+00 -1.416734e+01 -4.000000e+00
     vertex  4.192285e+00 -1.440225e+01 -4.000000e+00
   endloop
 endfacet
 facet normal -2.546711e-01  9.670277e-01  0.000000e+00
   outer loop
     vertex  4.192285e+00 -1.440225e+01  4.000000e+00
     vertex  3.445316e+00 -1.459897e+01 -4.000000e+00
     vertex  3.445316e+00 -1.459897e+01  4.000000e+00
   endloop
 endfacet
 facet normal -3.041148e-01  9.526354e-01  0.000000e+00
   outer loop
     vertex  4.928136e+00 -1.416734e+01  4.000000e+00
     vertex  4.928136e+00 -1.416734e+01 -4.000000e+00
     vertex  4.192285e+00 -1.440225e+01  4.000000e+00
   endloop
 endfacet
 facet normal -3.527521e-01  9.357168e-01  0.000000e+00
   outer loop
     vertex  5.650918e+00 -1.389486e+01  4.000000e+00
     vertex  5.650918e+00 -1.389486e+01 -4.000000e+00
     vertex  4.928136e+00 -1.416734e+01 -4.000000e+00
   endloop
 endfacet
 facet normal -3.527521e-01  9.357168e-01  0.000000e+00
   outer loop
     vertex  5.650918e+00 -1.389486e+01  4.000000e+00
     vertex  4.928136e+00 -1.416734e+01 -4.000000e+00
     vertex  4.928136e+00 -1.416734e+01  4.000000e+00
   endloop
 endfacet
 facet normal -4.004539e-01  9.163169e-01  0.000000e+00
   outer loop
     vertex  6.358716e+00 -1.358553e+01  4.000000e+00
     vertex  6.358716e+00 -1.358553e+01 -4.000000e+00
     vertex  5.650918e+00 -1.389486e+01 -4.000000e+00
   endloop
 endfacet
 facet normal -4.004539e-01  9.163169e-01  0.000000e+00
   outer loop
     vertex  6.358716e+00 -1.358553e+01  4.000000e+00
     vertex  5.650918e+00 -1.389486e+01 -4.000000e+00
     vertex  5.650918e+00 -1.389486e+01  4.000000e+00
   endloop
 endfacet
 facet normal -4.470938e-01  8.944871e-01  0.000000e+00
   outer loop
     vertex  7.049651e+00 -1.324018e+01  4.000000e+00
     vertex  7.049651e+00 -1.324018e+01 -4.000000e+00
     vertex  6.358716e+00 -1.358553e+01 -4.000000e+00
   endloop
 endfacet
 facet normal -4.470938e-01  8.944871e-01  0.000000e+00
   outer loop
     vertex  7.049651e+00 -1.324018e+01  4.000000e+00
     vertex  6.358716e+00 -1.358553e+01 -4.000000e+00
     vertex  6.358716e+00 -1.358553e+01  4.000000e+00
   endloop
 endfacet
 facet normal -4.925481e-01  8.702852e-01  0.000000e+00
   outer loop
     vertex  7.721892e+00 -1.285972e+01  4.000000e+00
     vertex  7.721892e+00 -1.285972e+01 -4.000000e+00
     vertex  7.049651e+00 -1.324018e+01 -4.000000e+00
   endloop
 endfacet
 facet normal -5.366962e-01  8.437756e-01  0.000000e+00
   outer loop
     vertex  7.721892e+00 -1.285972e+01  4.000000e+00
     vertex  8.373656e+00 -1.244516e+01 -4.000000e+00
     vertex  7.721892e+00 -1.285972e+01 -4.000000e+00
   endloop
 endfacet
 facet normal -4.925481e-01  8.702852e-01  0.000000e+00
   outer loop
     vertex  7.721892e+00 -1.285972e+01  4.000000e+00
     vertex  7.049651e+00 -1.324018e+01 -4.000000e+00
     vertex  7.049651e+00 -1.324018e+01  4.000000e+00
   endloop
 endfacet
 facet normal -5.366962e-01  8.437756e-01  0.000000e+00
   outer loop
     vertex  8.373656e+00 -1.244516e+01  4.000000e+00
     vertex  8.373656e+00 -1.244516e+01 -4.000000e+00
     vertex  7.721892e+00 -1.285972e+01  4.000000e+00
   endloop
 endfacet
 facet normal -5.794211e-01  8.150283e-01  0.000000e+00
   outer loop
     vertex  9.003214e+00 -1.199759e+01  4.000000e+00
     vertex  9.003214e+00 -1.199759e+01 -4.000000e+00
     vertex  8.373656e+00 -1.244516e+01 -4.000000e+00
   endloop
 endfacet
 facet normal -5.794211e-01  8.150283e-01  0.000000e+00
   outer loop
     vertex  9.003214e+00 -1.199759e+01  4.000000e+00
     vertex  8.373656e+00 -1.244516e+01 -4.000000e+00
     vertex  8.373656e+00 -1.244516e+01  4.000000e+00
   endloop
 endfacet
 facet normal -6.206095e-01  7.841198e-01  0.000000e+00
   outer loop
     vertex  9.608898e+00 -1.151821e+01  4.000000e+00
     vertex  9.608898e+00 -1.151821e+01 -4.000000e+00
     vertex  9.003214e+00 -1.199759e+01 -4.000000e+00
   endloop
 endfacet
 facet normal -6.206095e-01  7.841198e-01  0.000000e+00
   outer loop
     vertex  9.608898e+00 -1.151821e+01  4.000000e+00
     vertex  9.003214e+00 -1.199759e+01 -4.000000e+00
     vertex  9.003214e+00 -1.199759e+01  4.000000e+00
   endloop
 endfacet
 facet normal -6.601521e-01  7.511319e-01  0.000000e+00
   outer loop
     vertex  1.018910e+01 -1.100828e+01  4.000000e+00
     vertex  1.018910e+01 -1.100828e+01 -4.000000e+00
     vertex  9.608898e+00 -1.151821e+01 -4.000000e+00
   endloop
 endfacet
 facet normal -6.979442e-01  7.161522e-01  0.000000e+00
   outer loop
     vertex  1.018910e+01 -1.100828e+01  4.000000e+00
     vertex  1.074228e+01 -1.046916e+01 -4.000000e+00
     vertex  1.018910e+01 -1.100828e+01 -4.000000e+00
   endloop
 endfacet
 facet normal -6.601521e-01  7.511319e-01  0.000000e+00
   outer loop
     vertex  1.018910e+01 -1.100828e+01  4.000000e+00
     vertex  9.608898e+00 -1.151821e+01 -4.000000e+00
     vertex  9.608898e+00 -1.151821e+01  4.000000e+00
   endloop
 endfacet
 facet normal -6.979442e-01  7.161522e-01  0.000000e+00
   outer loop
     vertex  1.074228e+01 -1.046916e+01  4.000000e+00
     vertex  1.074228e+01 -1.046916e+01 -4.000000e+00
     vertex  1.018910e+01 -1.100828e+01  4.000000e+00
   endloop
 endfacet
 facet normal -7.338854e-01  6.792733e-01  0.000000e+00
   outer loop
     vertex  1.126698e+01 -9.902282e+00  4.000000e+00
     vertex  1.126698e+01 -9.902282e+00 -4.000000e+00
     vertex  1.074228e+01 -1.046916e+01 -4.000000e+00
   endloop
 endfacet
 facet normal -7.338854e-01  6.792733e-01  0.000000e+00
   outer loop
     vertex  1.126698e+01 -9.902282e+00  4.000000e+00
     vertex  1.074228e+01 -1.046916e+01 -4.000000e+00
     vertex  1.074228e+01 -1.046916e+01  4.000000e+00
   endloop
 endfacet
 facet normal -7.678804e-01  6.405932e-01  0.000000e+00
   outer loop
     vertex  1.176180e+01 -9.309142e+00  4.000000e+00
     vertex  1.176180e+01 -9.309142e+00 -4.000000e+00
     vertex  1.126698e+01 -9.902282e+00 -4.000000e+00
   endloop
 endfacet
 facet normal -7.678804e-01  6.405932e-01  0.000000e+00
   outer loop
     vertex  1.176180e+01 -9.309142e+00  4.000000e+00
     vertex  1.126698e+01 -9.902282e+00 -4.000000e+00
     vertex  1.126698e+01 -9.902282e+00  4.000000e+00
   endloop
 endfacet
 facet normal -7.998392e-01  6.002143e-01  0.000000e+00
   outer loop
     vertex  1.222543e+01 -8.691316e+00  4.000000e+00
     vertex  1.222543e+01 -8.691316e+00 -4.000000e+00
     vertex  1.176180e+01 -9.309142e+00 -4.000000e+00
   endloop
 endfacet
 facet normal -7.998392e-01  6.002143e-01  0.000000e+00
   outer loop
     vertex  1.222543e+01 -8.691316e+00  4.000000e+00
     vertex  1.176180e+01 -9.309142e+00 -4.000000e+00
     vertex  1.176180e+01 -9.309142e+00  4.000000e+00
   endloop
 endfacet
 facet normal -8.296770e-01  5.582437e-01  0.000000e+00
   outer loop
     vertex  1.265663e+01 -8.050443e+00  4.000000e+00
     vertex  1.265663e+01 -8.050443e+00 -4.000000e+00
     vertex  1.222543e+01 -8.691316e+00 -4.000000e+00
   endloop
 endfacet
 facet normal -8.573146e-01  5.147928e-01  0.000000e+00
   outer loop
     vertex  1.265663e+01 -8.050443e+00  4.000000e+00
     vertex  1.305428e+01 -7.388221e+00 -4.000000e+00
     vertex  1.265663e+01 -8.050443e+00 -4.000000e+00
   endloop
 endfacet
 facet normal -8.296770e-01  5.582437e-01  0.000000e+00
   outer loop
     vertex  1.265663e+01 -8.050443e+00  4.000000e+00
     vertex  1.222543e+01 -8.691316e+00 -4.000000e+00
     vertex  1.222543e+01 -8.691316e+00  4.000000e+00
   endloop
 endfacet
 facet normal -8.573146e-01  5.147928e-01  0.000000e+00
   outer loop
     vertex  1.305428e+01 -7.388221e+00  4.000000e+00
     vertex  1.305428e+01 -7.388221e+00 -4.000000e+00
     vertex  1.265663e+01 -8.050443e+00  4.000000e+00
   endloop
 endfacet
 facet normal -8.826788e-01  4.699767e-01  0.000000e+00
   outer loop
     vertex  1.341731e+01 -6.706407e+00  4.000000e+00
     vertex  1.341731e+01 -6.706407e+00 -4.000000e+00
     vertex  1.305428e+01 -7.388221e+00 -4.000000e+00
   endloop
 endfacet
 facet normal -8.826788e-01  4.699767e-01  0.000000e+00
   outer loop
     vertex  1.341731e+01 -6.706407e+00  4.000000e+00
     vertex  1.305428e+01 -7.388221e+00 -4.000000e+00
     vertex  1.305428e+01 -7.388221e+00  4.000000e+00
   endloop
 endfacet
 facet normal -9.057023e-01  4.239144e-01  0.000000e+00
   outer loop
     vertex  1.374475e+01 -6.006809e+00  4.000000e+00
     vertex  1.374475e+01 -6.006809e+00 -4.000000e+00
     vertex  1.341731e+01 -6.706407e+00 -4.000000e+00
   endloop
 endfacet
 facet normal -9.057023e-01  4.239144e-01  0.000000e+00
   outer loop
     vertex  1.374475e+01 -6.006809e+00  4.000000e+00
     vertex  1.341731e+01 -6.706407e+00 -4.000000e+00
     vertex  1.341731e+01 -6.706407e+00  4.000000e+00
   endloop
 endfacet
 facet normal -9.263240e-01  3.767279e-01  0.000000e+00
   outer loop
     vertex  1.403575e+01 -5.291281e+00  4.000000e+00
     vertex  1.374475e+01 -6.006809e+00 -4.000000e+00
     vertex  1.374475e+01 -6.006809e+00  4.000000e+00
   endloop
 endfacet
 facet normal -9.263240e-01  3.767279e-01  0.000000e+00
   outer loop
     vertex  1.403575e+01 -5.291281e+00  4.000000e+00
     vertex  1.403575e+01 -5.291281e+00 -4.000000e+00
     vertex  1.374475e+01 -6.006809e+00 -4.000000e+00
   endloop
 endfacet
 facet normal -9.444892e-01  3.285424e-01  0.000000e+00
   outer loop
     vertex  1.403575e+01 -5.291281e+00  4.000000e+00
     vertex  1.428953e+01 -4.561722e+00 -4.000000e+00
     vertex  1.403575e+01 -5.291281e+00 -4.000000e+00
   endloop
 endfacet
 facet normal -9.444892e-01  3.285424e-01  0.000000e+00
   outer loop
     vertex  1.428953e+01 -4.561722e+00  4.000000e+00
     vertex  1.428953e+01 -4.561722e+00 -4.000000e+00
     vertex  1.403575e+01 -5.291281e+00  4.000000e+00
   endloop
 endfacet
 facet normal -9.601499e-01  2.794856e-01  0.000000e+00
   outer loop
     vertex  1.450542e+01 -3.820067e+00  4.000000e+00
     vertex  1.428953e+01 -4.561722e+00 -4.000000e+00
     vertex  1.428953e+01 -4.561722e+00  4.000000e+00
   endloop
 endfacet
 facet normal -9.601499e-01  2.794856e-01  0.000000e+00
   outer loop
     vertex  1.450542e+01 -3.820067e+00  4.000000e+00
     vertex  1.450542e+01 -3.820067e+00 -4.000000e+00
     vertex  1.428953e+01 -4.561722e+00 -4.000000e+00
   endloop
 endfacet
 facet normal -9.732644e-01  2.296877e-01  0.000000e+00
   outer loop
     vertex  1.468284e+01 -3.068281e+00  4.000000e+00
     vertex  1.450542e+01 -3.820067e+00 -4.000000e+00
     vertex  1.450542e+01 -3.820067e+00  4.000000e+00
   endloop
 endfacet
 facet normal -9.732644e-01  2.296877e-01  0.000000e+00
   outer loop
     vertex  1.468284e+01 -3.068281e+00  4.000000e+00
     vertex  1.468284e+01 -3.068281e+00 -4.000000e+00
     vertex  1.450542e+01 -3.820067e+00 -4.000000e+00
   endloop
 endfacet
 facet normal -9.837980e-01  1.792808e-01  0.000000e+00
   outer loop
     vertex  1.482132e+01 -2.308359e+00  4.000000e+00
     vertex  1.468284e+01 -3.068281e+00 -4.000000e+00
     vertex  1.468284e+01 -3.068281e+00  4.000000e+00
   endloop
 endfacet
 facet normal -9.837980e-01  1.792808e-01  0.000000e+00
   outer loop
     vertex  1.482132e+01 -2.308359e+00  4.000000e+00
     vertex  1.482132e+01 -2.308359e+00 -4.000000e+00
     vertex  1.468284e+01 -3.068281e+00 -4.000000e+00
   endloop
 endfacet
 facet normal -9.917227e-01  1.283984e-01  0.000000e+00
   outer loop
     vertex  1.492050e+01 -1.542315e+00  4.000000e+00
     vertex  1.482132e+01 -2.308359e+00 -4.000000e+00
     vertex  1.482132e+01 -2.308359e+00  4.000000e+00
   endloop
 endfacet
 facet normal -9.917227e-01  1.283984e-01  0.000000e+00
   outer loop
     vertex  1.492050e+01 -1.542315e+00  4.000000e+00
     vertex  1.492050e+01 -1.542315e+00 -4.000000e+00
     vertex  1.482132e+01 -2.308359e+00 -4.000000e+00
   endloop
 endfacet
 facet normal -9.970175e-01  7.717546e-02  0.000000e+00
   outer loop
     vertex  1.498011e+01 -7.721813e-01  4.000000e+00
     vertex  1.492050e+01 -1.542315e+00 -4.000000e+00
     vertex  1.492050e+01 -1.542315e+00  4.000000e+00
   endloop
 endfacet
 facet normal -9.970175e-01  7.717546e-02  0.000000e+00
   outer loop
     vertex  1.498011e+01 -7.721813e-01  4.000000e+00
     vertex  1.498011e+01 -7.721813e-01 -4.000000e+00
     vertex  1.492050e+01 -1.542315e+00 -4.000000e+00
   endloop
 endfacet
 facet normal -9.996685e-01  2.574791e-02  0.000000e+00
   outer loop
     vertex  1.500000e+01 -3.673940e-15  4.000000e+00
     vertex  1.498011e+01 -7.721813e-01 -4.000000e+00
     vertex  1.498011e+01 -7.721813e-01  4.000000e+00
   endloop
 endfacet
 facet normal -9.996685e-01  2.574791e-02  0.000000e+00
   outer loop
     vertex  1.500000e+01 -3.673940e-15  4.000000e+00
     vertex  1.500000e+01 -3.673940e-15 -4.000000e+00
     vertex  1.498011e+01 -7.721813e-01 -4.000000e+00
   endloop
 endfacet
 facet normal  9.990482e-01  4.361939e-02  0.000000e+00
   outer loop
     vertex -1.751903e+01 -1.206422e+01 -4.000000e+00
     vertex -1.750000e+01 -1.250000e+01 -4.000000e+00
     vertex -1.750000e+01 -1.250000e+01 -7.500000e+00
   endloop
 endfacet
 facet normal  9.990212e-01  4.423335e-02 -7.658973e-05
   outer loop
     vertex -1.751903e+01 -1.206422e+01 -4.000000e+00
     vertex -1.750000e+01 -1.250000e+01 -7.500000e+00
     vertex -1.751957e+01 -1.205810e+01 -7.500000e+00
   endloop
 endfacet
 facet normal  9.912025e-01  1.323539e-01 -1.510233e-04
   outer loop
     vertex -1.757596e+01 -1.163176e+01 -4.000000e+00
     vertex -1.751957e+01 -1.205810e+01 -7.500000e+00
     vertex -1.757811e+01 -1.161966e+01 -7.500000e+00
   endloop
 endfacet
 facet normal  9.914449e-01  1.305262e-01  7.551167e-05
   outer loop
     vertex -1.757596e+01 -1.163176e+01 -4.000000e+00
     vertex -1.751903e+01 -1.206422e+01 -4.000000e+00
     vertex -1.751957e+01 -1.205810e+01 -7.500000e+00
   endloop
 endfacet
 facet normal  9.756263e-01  2.194385e-01 -2.233006e-04
   outer loop
     vertex -1.767037e+01 -1.120590e+01 -4.000000e+00
     vertex -1.757811e+01 -1.161966e+01 -7.500000e+00
     vertex -1.767518e+01 -1.118811e+01 -7.500000e+00
   endloop
 endfacet
 facet normal  9.762960e-01  2.164396e-01  1.488671e-04
   outer loop
     vertex -1.767037e+01 -1.120590e+01 -4.000000e+00
     vertex -1.757596e+01 -1.163176e+01 -4.000000e+00
     vertex -1.757811e+01 -1.161966e+01 -7.500000e+00
   endloop
 endfacet
 facet normal  9.524145e-01  3.048058e-01 -2.934216e-04
   outer loop
     vertex -1.780154e+01 -1.078990e+01 -4.000000e+00
     vertex -1.767518e+01 -1.118811e+01 -7.500000e+00
     vertex -1.781000e+01 -1.076682e+01 -7.500000e+00
   endloop
 endfacet
 facet normal  9.537169e-01  3.007058e-01  2.200663e-04
   outer loop
     vertex -1.780154e+01 -1.078990e+01 -4.000000e+00
     vertex -1.767037e+01 -1.120590e+01 -4.000000e+00
     vertex -1.767518e+01 -1.118811e+01 -7.500000e+00
   endloop
 endfacet
 facet normal  9.217487e-01  3.877875e-01 -3.613860e-04
   outer loop
     vertex -1.796846e+01 -1.038691e+01 -4.000000e+00
     vertex -1.781000e+01 -1.076682e+01 -7.500000e+00
     vertex -1.798153e+01 -1.035910e+01 -7.500000e+00
   endloop
 endfacet
 facet normal  9.238795e-01  3.826834e-01  2.891090e-04
   outer loop
     vertex -1.796846e+01 -1.038691e+01 -4.000000e+00
     vertex -1.780154e+01 -1.078990e+01 -4.000000e+00
     vertex -1.781000e+01 -1.076682e+01 -7.500000e+00
   endloop
 endfacet
 facet normal  8.838691e-01  4.677342e-01 -4.271939e-04
   outer loop
     vertex -1.816987e+01 -1.000000e+01 -4.000000e+00
     vertex -1.798153e+01 -1.035910e+01 -7.500000e+00
     vertex -1.818843e+01 -9.968135e+00 -7.500000e+00
   endloop
 endfacet
 facet normal  8.870108e-01  4.617486e-01  3.559952e-04
   outer loop
     vertex -1.816987e+01 -1.000000e+01 -4.000000e+00
     vertex -1.796846e+01 -1.038691e+01 -4.000000e+00
     vertex -1.798153e+01 -1.035910e+01 -7.500000e+00
   endloop
 endfacet
 facet normal  8.390719e-01  5.440203e-01 -4.908452e-04
   outer loop
     vertex -1.840424e+01 -9.632118e+00 -4.000000e+00
     vertex -1.818843e+01 -9.968135e+00 -7.500000e+00
     vertex -1.842907e+01 -9.596986e+00 -7.500000e+00
   endloop
 endfacet
 facet normal  8.433914e-01  5.372996e-01  4.207248e-04
   outer loop
     vertex -1.840424e+01 -9.632118e+00 -4.000000e+00
     vertex -1.816987e+01 -1.000000e+01 -4.000000e+00
     vertex -1.818843e+01 -9.968135e+00 -7.500000e+00
   endloop
 endfacet
 facet normal  7.877079e-01  6.160487e-01 -5.523396e-04
   outer loop
     vertex -1.866978e+01 -9.286062e+00 -4.000000e+00
     vertex -1.842907e+01 -9.596986e+00 -7.500000e+00
     vertex -1.870156e+01 -9.248556e+00 -7.500000e+00
   endloop
 endfacet
 facet normal  7.933532e-01  6.087614e-01  4.832976e-04
   outer loop
     vertex -1.866978e+01 -9.286062e+00 -4.000000e+00
     vertex -1.840424e+01 -9.632118e+00 -4.000000e+00
     vertex -1.842907e+01 -9.596986e+00 -7.500000e+00
   endloop
 endfacet
 facet normal  7.301789e-01  6.832557e-01 -6.116772e-04
   outer loop
     vertex -1.896447e+01 -8.964466e+00 -4.000000e+00
     vertex -1.870156e+01 -9.248556e+00 -7.500000e+00
     vertex -1.900379e+01 -8.925573e+00 -7.500000e+00
   endloop
 endfacet
 facet normal  7.372772e-01  6.755901e-01  5.437136e-04
   outer loop
     vertex -1.896447e+01 -8.964466e+00 -4.000000e+00
     vertex -1.866978e+01 -9.286062e+00 -4.000000e+00
     vertex -1.870156e+01 -9.248556e+00 -7.500000e+00
   endloop
 endfacet
 facet normal  6.669354e-01  7.451153e-01 -6.688578e-04
   outer loop
     vertex -1.928606e+01 -8.669778e+00 -4.000000e+00
     vertex -1.900379e+01 -8.925573e+00 -7.500000e+00
     vertex -1.933338e+01 -8.630565e+00 -7.500000e+00
   endloop
 endfacet
 facet normal  6.755901e-01  7.372772e-01  6.019727e-04
   outer loop
     vertex -1.928606e+01 -8.669778e+00 -4.000000e+00
     vertex -1.896447e+01 -8.964466e+00 -4.000000e+00
     vertex -1.900379e+01 -8.925573e+00 -7.500000e+00
   endloop
 endfacet
 facet normal  5.984722e-01  8.011433e-01 -7.238813e-04
   outer loop
     vertex -1.963212e+01 -8.404240e+00 -4.000000e+00
     vertex -1.933338e+01 -8.630565e+00 -7.500000e+00
     vertex -1.968775e+01 -8.365841e+00 -7.500000e+00
   endloop
 endfacet
 facet normal  6.087613e-01  7.933532e-01  6.580748e-04
   outer loop
     vertex -1.963212e+01 -8.404240e+00 -4.000000e+00
     vertex -1.928606e+01 -8.669778e+00 -4.000000e+00
     vertex -1.933338e+01 -8.630565e+00 -7.500000e+00
   endloop
 endfacet
 facet normal  5.253251e-01  8.509013e-01 -7.767478e-04
   outer loop
     vertex -2.000000e+01 -8.169873e+00 -4.000000e+00
     vertex -1.968775e+01 -8.365841e+00 -7.500000e+00
     vertex -2.006414e+01 -8.133472e+00 -7.500000e+00
   endloop
 endfacet
 facet normal  5.372995e-01  8.433912e-01  7.120199e-04
   outer loop
     vertex -2.000000e+01 -8.169873e+00 -4.000000e+00
     vertex -1.963212e+01 -8.404240e+00 -4.000000e+00
     vertex -1.968775e+01 -8.365841e+00 -7.500000e+00
   endloop
 endfacet
 facet normal  4.480666e-01  8.939998e-01 -8.274570e-04
   outer loop
     vertex -2.038691e+01 -7.968461e+00 -4.000000e+00
     vertex -2.006414e+01 -8.133472e+00 -7.500000e+00
     vertex -2.045958e+01 -7.935277e+00 -7.500000e+00
   endloop
 endfacet
 facet normal  4.617485e-01  8.870106e-01  7.638077e-04
   outer loop
     vertex -2.038691e+01 -7.968461e+00 -4.000000e+00
     vertex -2.000000e+01 -8.169873e+00 -4.000000e+00
     vertex -2.006414e+01 -8.133472e+00 -7.500000e+00
   endloop
 endfacet
 facet normal  3.826833e-01  9.238792e-01  8.134383e-04
   outer loop
     vertex -2.078990e+01 -7.801537e+00 -4.000000e+00
     vertex -2.038691e+01 -7.968461e+00 -4.000000e+00
     vertex -2.045958e+01 -7.935277e+00 -7.500000e+00
   endloop
 endfacet
 facet normal  3.673015e-01  9.301015e-01 -8.760090e-04
   outer loop
     vertex -2.078990e+01 -7.801537e+00 -4.000000e+00
     vertex -2.045958e+01 -7.935277e+00 -7.500000e+00
     vertex -2.087100e+01 -7.772807e+00 -7.500000e+00
   endloop
 endfacet
 facet normal  3.007057e-01  9.537166e-01  8.609116e-04
   outer loop
     vertex -2.120590e+01 -7.670371e+00 -4.000000e+00
     vertex -2.078990e+01 -7.801537e+00 -4.000000e+00
     vertex -2.087100e+01 -7.772807e+00 -7.500000e+00
   endloop
 endfacet
 facet normal  2.836617e-01  9.589240e-01 -9.224036e-04
   outer loop
     vertex -2.120590e+01 -7.670371e+00 -4.000000e+00
     vertex -2.087100e+01 -7.772807e+00 -7.500000e+00
     vertex -2.129516e+01 -7.647334e+00 -7.500000e+00
   endloop
 endfacet
 facet normal  2.164395e-01  9.762956e-01  9.062275e-04
   outer loop
     vertex -2.163176e+01 -7.575961e+00 -4.000000e+00
     vertex -2.120590e+01 -7.670371e+00 -4.000000e+00
     vertex -2.129516e+01 -7.647334e+00 -7.500000e+00
   endloop
 endfacet
 facet normal  1.978018e-01  9.802416e-01 -9.666407e-04
   outer loop
     vertex -2.163176e+01 -7.575961e+00 -4.000000e+00
     vertex -2.129516e+01 -7.647334e+00 -7.500000e+00
     vertex -2.172876e+01 -7.559840e+00 -7.500000e+00
   endloop
 endfacet
 facet normal  1.305261e-01  9.914444e-01  9.493859e-04
   outer loop
     vertex -2.206422e+01 -7.519027e+00 -4.000000e+00
     vertex -2.163176e+01 -7.575961e+00 -4.000000e+00
     vertex -2.172876e+01 -7.559840e+00 -7.500000e+00
   endloop
 endfacet
 facet normal  1.103939e-01  9.938874e-01 -1.008720e-03
   outer loop
     vertex -2.206422e+01 -7.519027e+00 -4.000000e+00
     vertex -2.172876e+01 -7.559840e+00 -7.500000e+00
     vertex -2.216839e+01 -7.511009e+00 -7.500000e+00
   endloop
 endfacet
 facet normal  4.361937e-02  9.990477e-01  9.903868e-04
   outer loop
     vertex -2.250000e+01 -7.500000e+00 -4.000000e+00
     vertex -2.206422e+01 -7.519027e+00 -4.000000e+00
     vertex -2.216839e+01 -7.511009e+00 -7.500000e+00
   endloop
 endfacet
 facet normal  2.212207e-02  9.997547e-01 -1.048643e-03
   outer loop
     vertex -2.250000e+01 -7.500000e+00 -4.000000e+00
     vertex -2.216839e+01 -7.511009e+00 -7.500000e+00
     vertex -2.261061e+01 -7.501224e+00 -7.500000e+00
   endloop
 endfacet
 facet normal -4.361936e-02  9.990477e-01  1.029230e-03
   outer loop
     vertex -2.293578e+01 -7.519027e+00 -4.000000e+00
     vertex -2.250000e+01 -7.500000e+00 -4.000000e+00
     vertex -2.261061e+01 -7.501224e+00 -7.500000e+00
   endloop
 endfacet
 facet normal -6.632292e-02  9.977976e-01 -1.086407e-03
   outer loop
     vertex -2.293578e+01 -7.519027e+00 -4.000000e+00
     vertex -2.261061e+01 -7.501224e+00 -7.500000e+00
     vertex -2.305197e+01 -7.530560e+00 -7.500000e+00
   endloop
 endfacet
 facet normal -1.305261e-01  9.914443e-01  1.065916e-03
   outer loop
     vertex -2.336824e+01 -7.575961e+00 -4.000000e+00
     vertex -2.293578e+01 -7.519027e+00 -4.000000e+00
     vertex -2.305197e+01 -7.530560e+00 -7.500000e+00
   endloop
 endfacet
 facet normal -1.542488e-01  9.880314e-01 -1.122014e-03
   outer loop
     vertex -2.336824e+01 -7.575961e+00 -4.000000e+00
     vertex -2.305197e+01 -7.530560e+00 -7.500000e+00
     vertex -2.348901e+01 -7.598790e+00 -7.500000e+00
   endloop
 endfacet
 facet normal -2.164395e-01  9.762954e-01  1.100444e-03
   outer loop
     vertex -2.379410e+01 -7.670371e+00 -4.000000e+00
     vertex -2.336824e+01 -7.575961e+00 -4.000000e+00
     vertex -2.348901e+01 -7.598790e+00 -7.500000e+00
   endloop
 endfacet
 facet normal -2.409675e-01  9.705325e-01 -1.155463e-03
   outer loop
     vertex -2.379410e+01 -7.670371e+00 -4.000000e+00
     vertex -2.348901e+01 -7.598790e+00 -7.500000e+00
     vertex -2.391831e+01 -7.705378e+00 -7.500000e+00
   endloop
 endfacet
 facet normal -3.007056e-01  9.537163e-01  1.132814e-03
   outer loop
     vertex -2.421010e+01 -7.801537e+00 -4.000000e+00
     vertex -2.379410e+01 -7.670371e+00 -4.000000e+00
     vertex -2.391831e+01 -7.705378e+00 -7.500000e+00
   endloop
 endfacet
 facet normal -3.258003e-01  9.454378e-01 -1.186754e-03
   outer loop
     vertex -2.421010e+01 -7.801537e+00 -4.000000e+00
     vertex -2.391831e+01 -7.705378e+00 -7.500000e+00
     vertex -2.433651e+01 -7.849491e+00 -7.500000e+00
   endloop
 endfacet
 facet normal -3.826832e-01  9.238789e-01  1.163026e-03
   outer loop
     vertex -2.461309e+01 -7.968461e+00 -4.000000e+00
     vertex -2.421010e+01 -7.801537e+00 -4.000000e+00
     vertex -2.433651e+01 -7.849491e+00 -7.500000e+00
   endloop
 endfacet
 facet normal -4.080833e-01  9.129439e-01 -1.215888e-03
   outer loop
     vertex -2.461309e+01 -7.968461e+00 -4.000000e+00
     vertex -2.433651e+01 -7.849491e+00 -7.500000e+00
     vertex -2.474033e+01 -8.030000e+00 -7.500000e+00
   endloop
 endfacet
 facet normal -4.617483e-01  8.870102e-01  1.191081e-03
   outer loop
     vertex -2.500000e+01 -8.169873e+00 -4.000000e+00
     vertex -2.461309e+01 -7.968461e+00 -4.000000e+00
     vertex -2.474033e+01 -8.030000e+00 -7.500000e+00
   endloop
 endfacet
 facet normal -4.871725e-01  8.733049e-01 -1.242863e-03
   outer loop
     vertex -2.500000e+01 -8.169873e+00 -4.000000e+00
     vertex -2.474033e+01 -8.030000e+00 -7.500000e+00
     vertex -2.512663e+01 -8.245492e+00 -7.500000e+00
   endloop
 endfacet
 facet normal -5.372992e-01  8.433908e-01  1.216978e-03
   outer loop
     vertex -2.536788e+01 -8.404240e+00 -4.000000e+00
     vertex -2.500000e+01 -8.169873e+00 -4.000000e+00
     vertex -2.512663e+01 -8.245492e+00 -7.500000e+00
   endloop
 endfacet
 facet normal -5.624488e-01  8.268311e-01 -1.267681e-03
   outer loop
     vertex -2.536788e+01 -8.404240e+00 -4.000000e+00
     vertex -2.512663e+01 -8.245492e+00 -7.500000e+00
     vertex -2.549236e+01 -8.494283e+00 -7.500000e+00
   endloop
 endfacet
 facet normal -6.087610e-01  7.933527e-01  1.240717e-03
   outer loop
     vertex -2.571394e+01 -8.669778e+00 -4.000000e+00
     vertex -2.536788e+01 -8.404240e+00 -4.000000e+00
     vertex -2.549236e+01 -8.494283e+00 -7.500000e+00
   endloop
 endfacet
 facet normal -6.333233e-01  7.738863e-01 -1.290341e-03
   outer loop
     vertex -2.571394e+01 -8.669778e+00 -4.000000e+00
     vertex -2.549236e+01 -8.494283e+00 -7.500000e+00
     vertex -2.583468e+01 -8.774423e+00 -7.500000e+00
   endloop
 endfacet
 facet normal -6.755897e-01  7.372767e-01  1.262297e-03
   outer loop
     vertex -2.603553e+01 -8.964466e+00 -4.000000e+00
     vertex -2.571394e+01 -8.669778e+00 -4.000000e+00
     vertex -2.583468e+01 -8.774423e+00 -7.500000e+00
   endloop
 endfacet
 facet normal -6.992411e-01  7.148847e-01 -1.310843e-03
   outer loop
     vertex -2.603553e+01 -8.964466e+00 -4.000000e+00
     vertex -2.583468e+01 -8.774423e+00 -7.500000e+00
     vertex -2.615090e+01 -9.083721e+00 -7.500000e+00
   endloop
 endfacet
 facet normal -7.372767e-01  6.755897e-01  1.281720e-03
   outer loop
     vertex -2.633022e+01 -9.286062e+00 -4.000000e+00
     vertex -2.603553e+01 -8.964466e+00 -4.000000e+00
     vertex -2.615090e+01 -9.083721e+00 -7.500000e+00
   endloop
 endfacet
 facet normal -7.596864e-01  6.502882e-01 -1.329187e-03
   outer loop
     vertex -2.633022e+01 -9.286062e+00 -4.000000e+00
     vertex -2.615090e+01 -9.083721e+00 -7.500000e+00
     vertex -2.643854e+01 -9.419756e+00 -7.500000e+00
   endloop
 endfacet
 facet normal -7.933527e-01  6.087609e-01  1.298985e-03
   outer loop
     vertex -2.659576e+01 -9.632118e+00 -4.000000e+00
     vertex -2.633022e+01 -9.286062e+00 -4.000000e+00
     vertex -2.643854e+01 -9.419756e+00 -7.500000e+00
   endloop
 endfacet
 facet normal -8.141861e-01  5.806024e-01 -1.345372e-03
   outer loop
     vertex -2.659576e+01 -9.632118e+00 -4.000000e+00
     vertex -2.643854e+01 -9.419756e+00 -7.500000e+00
     vertex -2.669536e+01 -9.779898e+00 -7.500000e+00
   endloop
 endfacet
 facet normal -8.623138e-01  5.063725e-01 -1.359400e-03
   outer loop
     vertex -2.683013e+01 -1.000000e+01 -4.000000e+00
     vertex -2.669536e+01 -9.779898e+00 -7.500000e+00
     vertex -2.691935e+01 -1.016133e+01 -7.500000e+00
   endloop
 endfacet
 facet normal -8.433907e-01  5.372991e-01  1.314092e-03
   outer loop
     vertex -2.683013e+01 -1.000000e+01 -4.000000e+00
     vertex -2.659576e+01 -9.632118e+00 -4.000000e+00
     vertex -2.669536e+01 -9.779898e+00 -7.500000e+00
   endloop
 endfacet
 facet normal -9.036926e-01  4.281796e-01 -1.371270e-03
   outer loop
     vertex -2.703154e+01 -1.038691e+01 -4.000000e+00
     vertex -2.691935e+01 -1.016133e+01 -7.500000e+00
     vertex -2.710874e+01 -1.056106e+01 -7.500000e+00
   endloop
 endfacet
 facet normal -8.870101e-01  4.617482e-01  1.327041e-03
   outer loop
     vertex -2.703154e+01 -1.038691e+01 -4.000000e+00
     vertex -2.683013e+01 -1.000000e+01 -4.000000e+00
     vertex -2.691935e+01 -1.016133e+01 -7.500000e+00
   endloop
 endfacet
 facet normal -9.379989e-01  3.466356e-01 -1.380981e-03
   outer loop
     vertex -2.719846e+01 -1.078990e+01 -4.000000e+00
     vertex -2.710874e+01 -1.056106e+01 -7.500000e+00
     vertex -2.726207e+01 -1.097597e+01 -7.500000e+00
   endloop
 endfacet
 facet normal -9.238787e-01  3.826831e-01  1.337831e-03
   outer loop
     vertex -2.719846e+01 -1.078990e+01 -4.000000e+00
     vertex -2.703154e+01 -1.038691e+01 -4.000000e+00
     vertex -2.710874e+01 -1.056106e+01 -7.500000e+00
   endloop
 endfacet
 facet normal -9.649640e-01  2.623787e-01 -1.388535e-03
   outer loop
     vertex -2.732963e+01 -1.120590e+01 -4.000000e+00
     vertex -2.726207e+01 -1.097597e+01 -7.500000e+00
     vertex -2.737813e+01 -1.140281e+01 -7.500000e+00
   endloop
 endfacet
 facet normal -9.537161e-01  3.007055e-01  1.346464e-03
   outer loop
     vertex -2.732963e+01 -1.120590e+01 -4.000000e+00
     vertex -2.719846e+01 -1.078990e+01 -4.000000e+00
     vertex -2.726207e+01 -1.097597e+01 -7.500000e+00
   endloop
 endfacet
 facet normal -9.843770e-01  1.760683e-01 -1.393930e-03
   outer loop
     vertex -2.742404e+01 -1.163176e+01 -4.000000e+00
     vertex -2.737813e+01 -1.140281e+01 -7.500000e+00
     vertex -2.745601e+01 -1.183823e+01 -7.500000e+00
   endloop
 endfacet
 facet normal -9.762951e-01  2.164394e-01  1.352938e-03
   outer loop
     vertex -2.742404e+01 -1.163176e+01 -4.000000e+00
     vertex -2.732963e+01 -1.120590e+01 -4.000000e+00
     vertex -2.737813e+01 -1.140281e+01 -7.500000e+00
   endloop
 endfacet
 facet normal -9.960858e-01  8.838002e-02 -1.397167e-03
   outer loop
     vertex -2.748097e+01 -1.206422e+01 -4.000000e+00
     vertex -2.745601e+01 -1.183823e+01 -7.500000e+00
     vertex -2.749511e+01 -1.227883e+01 -7.500000e+00
   endloop
 endfacet
 facet normal -9.914439e-01  1.305261e-01  1.357254e-03
   outer loop
     vertex -2.748097e+01 -1.206422e+01 -4.000000e+00
     vertex -2.742404e+01 -1.163176e+01 -4.000000e+00
     vertex -2.745601e+01 -1.183823e+01 -7.500000e+00
   endloop
 endfacet
 facet normal -9.999990e-01  0.000000e+00 -1.398246e-03
   outer loop
     vertex -2.750000e+01 -1.250000e+01 -4.000000e+00
     vertex -2.749511e+01 -1.227883e+01 -7.500000e+00
     vertex -2.749511e+01 -1.272117e+01 -7.500000e+00
   endloop
 endfacet
 facet normal -9.990473e-01  4.361935e-02  1.359412e-03
   outer loop
     vertex -2.750000e+01 -1.250000e+01 -4.000000e+00
     vertex -2.748097e+01 -1.206422e+01 -4.000000e+00
     vertex -2.749511e+01 -1.227883e+01 -7.500000e+00
   endloop
 endfacet
 facet normal -9.960858e-01 -8.838002e-02 -1.397167e-03
   outer loop
     vertex -2.748097e+01 -1.293578e+01 -4.000000e+00
     vertex -2.749511e+01 -1.272117e+01 -7.500000e+00
     vertex -2.745601e+01 -1.316177e+01 -7.500000e+00
   endloop
 endfacet
 facet normal -9.990473e-01 -4.361935e-02  1.359412e-03
   outer loop
     vertex -2.748097e+01 -1.293578e+01 -4.000000e+00
     vertex -2.750000e+01 -1.250000e+01 -4.000000e+00
     vertex -2.749511e+01 -1.272117e+01 -7.500000e+00
   endloop
 endfacet
 facet normal -9.843770e-01 -1.760683e-01 -1.393930e-03
   outer loop
     vertex -2.742404e+01 -1.336824e+01 -4.000000e+00
     vertex -2.745601e+01 -1.316177e+01 -7.500000e+00
     vertex -2.737813e+01 -1.359719e+01 -7.500000e+00
   endloop
 endfacet
 facet normal -9.914439e-01 -1.305261e-01  1.357254e-03
   outer loop
     vertex -2.742404e+01 -1.336824e+01 -4.000000e+00
     vertex -2.748097e+01 -1.293578e+01 -4.000000e+00
     vertex -2.745601e+01 -1.316177e+01 -7.500000e+00
   endloop
 endfacet
 facet normal -9.762951e-01 -2.164394e-01  1.352938e-03
   outer loop
     vertex -2.732963e+01 -1.379410e+01 -4.000000e+00
     vertex -2.742404e+01 -1.336824e+01 -4.000000e+00
     vertex -2.737813e+01 -1.359719e+01 -7.500000e+00
   endloop
 endfacet
 facet normal -9.649640e-01 -2.623787e-01 -1.388535e-03
   outer loop
     vertex -2.732963e+01 -1.379410e+01 -4.000000e+00
     vertex -2.737813e+01 -1.359719e+01 -7.500000e+00
     vertex -2.726207e+01 -1.402403e+01 -7.500000e+00
   endloop
 endfacet
 facet normal -9.537161e-01 -3.007055e-01  1.346464e-03
   outer loop
     vertex -2.719846e+01 -1.421010e+01 -4.000000e+00
     vertex -2.732963e+01 -1.379410e+01 -4.000000e+00
     vertex -2.726207e+01 -1.402403e+01 -7.500000e+00
   endloop
 endfacet
 facet normal -9.379989e-01 -3.466356e-01 -1.380981e-03
   outer loop
     vertex -2.719846e+01 -1.421010e+01 -4.000000e+00
     vertex -2.726207e+01 -1.402403e+01 -7.500000e+00
     vertex -2.710874e+01 -1.443894e+01 -7.500000e+00
   endloop
 endfacet
 facet normal -9.238787e-01 -3.826831e-01  1.337831e-03
   outer loop
     vertex -2.703154e+01 -1.461309e+01 -4.000000e+00
     vertex -2.719846e+01 -1.421010e+01 -4.000000e+00
     vertex -2.710874e+01 -1.443894e+01 -7.500000e+00
   endloop
 endfacet
 facet normal -9.036926e-01 -4.281796e-01 -1.371270e-03
   outer loop
     vertex -2.703154e+01 -1.461309e+01 -4.000000e+00
     vertex -2.710874e+01 -1.443894e+01 -7.500000e+00
     vertex -2.691935e+01 -1.483867e+01 -7.500000e+00
   endloop
 endfacet
 facet normal -8.870101e-01 -4.617482e-01  1.327041e-03
   outer loop
     vertex -2.683013e+01 -1.500000e+01 -4.000000e+00
     vertex -2.703154e+01 -1.461309e+01 -4.000000e+00
     vertex -2.691935e+01 -1.483867e+01 -7.500000e+00
   endloop
 endfacet
 facet normal -8.623138e-01 -5.063725e-01 -1.359400e-03
   outer loop
     vertex -2.683013e+01 -1.500000e+01 -4.000000e+00
     vertex -2.691935e+01 -1.483867e+01 -7.500000e+00
     vertex -2.669536e+01 -1.522010e+01 -7.500000e+00
   endloop
 endfacet
 facet normal -8.433907e-01 -5.372991e-01  1.314092e-03
   outer loop
     vertex -2.659576e+01 -1.536788e+01 -4.000000e+00
     vertex -2.683013e+01 -1.500000e+01 -4.000000e+00
     vertex -2.669536e+01 -1.522010e+01 -7.500000e+00
   endloop
 endfacet
 facet normal -8.141861e-01 -5.806024e-01 -1.345372e-03
   outer loop
     vertex -2.659576e+01 -1.536788e+01 -4.000000e+00
     vertex -2.669536e+01 -1.522010e+01 -7.500000e+00
     vertex -2.643854e+01 -1.558024e+01 -7.500000e+00
   endloop
 endfacet
 facet normal -7.933527e-01 -6.087609e-01  1.298985e-03
   outer loop
     vertex -2.633022e+01 -1.571394e+01 -4.000000e+00
     vertex -2.659576e+01 -1.536788e+01 -4.000000e+00
     vertex -2.643854e+01 -1.558024e+01 -7.500000e+00
   endloop
 endfacet
 facet normal -7.596864e-01 -6.502882e-01 -1.329187e-03
   outer loop
     vertex -2.633022e+01 -1.571394e+01 -4.000000e+00
     vertex -2.643854e+01 -1.558024e+01 -7.500000e+00
     vertex -2.615090e+01 -1.591628e+01 -7.500000e+00
   endloop
 endfacet
 facet normal -7.372767e-01 -6.755897e-01  1.281720e-03
   outer loop
     vertex -2.603553e+01 -1.603553e+01 -4.000000e+00
     vertex -2.633022e+01 -1.571394e+01 -4.000000e+00
     vertex -2.615090e+01 -1.591628e+01 -7.500000e+00
   endloop
 endfacet
 facet normal -6.992411e-01 -7.148847e-01 -1.310843e-03
   outer loop
     vertex -2.603553e+01 -1.603553e+01 -4.000000e+00
     vertex -2.615090e+01 -1.591628e+01 -7.500000e+00
     vertex -2.583468e+01 -1.622558e+01 -7.500000e+00
   endloop
 endfacet
 facet normal -6.755897e-01 -7.372767e-01  1.262297e-03
   outer loop
     vertex -2.571394e+01 -1.633022e+01 -4.000000e+00
     vertex -2.603553e+01 -1.603553e+01 -4.000000e+00
     vertex -2.583468e+01 -1.622558e+01 -7.500000e+00
   endloop
 endfacet
 facet normal -6.333233e-01 -7.738863e-01 -1.290341e-03
   outer loop
     vertex -2.571394e+01 -1.633022e+01 -4.000000e+00
     vertex -2.583468e+01 -1.622558e+01 -7.500000e+00
     vertex -2.549236e+01 -1.650572e+01 -7.500000e+00
   endloop
 endfacet
 facet normal -6.087610e-01 -7.933527e-01  1.240717e-03
   outer loop
     vertex -2.536788e+01 -1.659576e+01 -4.000000e+00
     vertex -2.571394e+01 -1.633022e+01 -4.000000e+00
     vertex -2.549236e+01 -1.650572e+01 -7.500000e+00
   endloop
 endfacet
 facet normal -5.624488e-01 -8.268311e-01 -1.267681e-03
   outer loop
     vertex -2.536788e+01 -1.659576e+01 -4.000000e+00
     vertex -2.549236e+01 -1.650572e+01 -7.500000e+00
     vertex -2.512663e+01 -1.675451e+01 -7.500000e+00
   endloop
 endfacet
 facet normal -5.372992e-01 -8.433908e-01  1.216978e-03
   outer loop
     vertex -2.500000e+01 -1.683013e+01 -4.000000e+00
     vertex -2.536788e+01 -1.659576e+01 -4.000000e+00
     vertex -2.512663e+01 -1.675451e+01 -7.500000e+00
   endloop
 endfacet
 facet normal -4.871725e-01 -8.733049e-01 -1.242863e-03
   outer loop
     vertex -2.500000e+01 -1.683013e+01 -4.000000e+00
     vertex -2.512663e+01 -1.675451e+01 -7.500000e+00
     vertex -2.474033e+01 -1.697000e+01 -7.500000e+00
   endloop
 endfacet
 facet normal -4.617483e-01 -8.870102e-01  1.191081e-03
   outer loop
     vertex -2.461309e+01 -1.703154e+01 -4.000000e+00
     vertex -2.500000e+01 -1.683013e+01 -4.000000e+00
     vertex -2.474033e+01 -1.697000e+01 -7.500000e+00
   endloop
 endfacet
 facet normal -4.080833e-01 -9.129439e-01 -1.215888e-03
   outer loop
     vertex -2.461309e+01 -1.703154e+01 -4.000000e+00
     vertex -2.474033e+01 -1.697000e+01 -7.500000e+00
     vertex -2.433651e+01 -1.715051e+01 -7.500000e+00
   endloop
 endfacet
 facet normal -3.826832e-01 -9.238789e-01  1.163026e-03
   outer loop
     vertex -2.421010e+01 -1.719846e+01 -4.000000e+00
     vertex -2.461309e+01 -1.703154e+01 -4.000000e+00
     vertex -2.433651e+01 -1.715051e+01 -7.500000e+00
   endloop
 endfacet
 facet normal -3.258003e-01 -9.454378e-01 -1.186754e-03
   outer loop
     vertex -2.421010e+01 -1.719846e+01 -4.000000e+00
     vertex -2.433651e+01 -1.715051e+01 -7.500000e+00
     vertex -2.391831e+01 -1.729462e+01 -7.500000e+00
   endloop
 endfacet
 facet normal -3.007056e-01 -9.537163e-01  1.132814e-03
   outer loop
     vertex -2.379410e+01 -1.732963e+01 -4.000000e+00
     vertex -2.421010e+01 -1.719846e+01 -4.000000e+00
     vertex -2.391831e+01 -1.729462e+01 -7.500000e+00
   endloop
 endfacet
 facet normal -2.409675e-01 -9.705325e-01 -1.155463e-03
   outer loop
     vertex -2.379410e+01 -1.732963e+01 -4.000000e+00
     vertex -2.391831e+01 -1.729462e+01 -7.500000e+00
     vertex -2.348901e+01 -1.740121e+01 -7.500000e+00
   endloop
 endfacet
 facet normal -2.164395e-01 -9.762954e-01  1.100444e-03
   outer loop
     vertex -2.336824e+01 -1.742404e+01 -4.000000e+00
     vertex -2.379410e+01 -1.732963e+01 -4.000000e+00
     vertex -2.348901e+01 -1.740121e+01 -7.500000e+00
   endloop
 endfacet
 facet normal -1.542488e-01 -9.880314e-01 -1.122014e-03
   outer loop
     vertex -2.336824e+01 -1.742404e+01 -4.000000e+00
     vertex -2.348901e+01 -1.740121e+01 -7.500000e+00
     vertex -2.305197e+01 -1.746944e+01 -7.500000e+00
   endloop
 endfacet
 facet normal -1.305261e-01 -9.914443e-01  1.065916e-03
   outer loop
     vertex -2.293578e+01 -1.748097e+01 -4.000000e+00
     vertex -2.336824e+01 -1.742404e+01 -4.000000e+00
     vertex -2.305197e+01 -1.746944e+01 -7.500000e+00
   endloop
 endfacet
 facet normal -6.632292e-02 -9.977976e-01 -1.086407e-03
   outer loop
     vertex -2.293578e+01 -1.748097e+01 -4.000000e+00
     vertex -2.305197e+01 -1.746944e+01 -7.500000e+00
     vertex -2.261061e+01 -1.749878e+01 -7.500000e+00
   endloop
 endfacet
 facet normal -4.361936e-02 -9.990477e-01  1.029230e-03
   outer loop
     vertex -2.250000e+01 -1.750000e+01 -4.000000e+00
     vertex -2.293578e+01 -1.748097e+01 -4.000000e+00
     vertex -2.261061e+01 -1.749878e+01 -7.500000e+00
   endloop
 endfacet
 facet normal  2.212207e-02 -9.997547e-01 -1.048643e-03
   outer loop
     vertex -2.250000e+01 -1.750000e+01 -4.000000e+00
     vertex -2.261061e+01 -1.749878e+01 -7.500000e+00
     vertex -2.216839e+01 -1.748899e+01 -7.500000e+00
   endloop
 endfacet
 facet normal  4.361937e-02 -9.990477e-01  9.903868e-04
   outer loop
     vertex -2.206422e+01 -1.748097e+01 -4.000000e+00
     vertex -2.250000e+01 -1.750000e+01 -4.000000e+00
     vertex -2.216839e+01 -1.748899e+01 -7.500000e+00
   endloop
 endfacet
 facet normal  1.103939e-01 -9.938874e-01 -1.008720e-03
   outer loop
     vertex -2.206422e+01 -1.748097e+01 -4.000000e+00
     vertex -2.216839e+01 -1.748899e+01 -7.500000e+00
     vertex -2.172876e+01 -1.744016e+01 -7.500000e+00
   endloop
 endfacet
 facet normal  1.305261e-01 -9.914444e-01  9.493859e-04
   outer loop
     vertex -2.163176e+01 -1.742404e+01 -4.000000e+00
     vertex -2.206422e+01 -1.748097e+01 -4.000000e+00
     vertex -2.172876e+01 -1.744016e+01 -7.500000e+00
   endloop
 endfacet
 facet normal  1.978018e-01 -9.802416e-01 -9.666407e-04
   outer loop
     vertex -2.163176e+01 -1.742404e+01 -4.000000e+00
     vertex -2.172876e+01 -1.744016e+01 -7.500000e+00
     vertex -2.129516e+01 -1.735267e+01 -7.500000e+00
   endloop
 endfacet
 facet normal  2.164395e-01 -9.762956e-01  9.062275e-04
   outer loop
     vertex -2.120590e+01 -1.732963e+01 -4.000000e+00
     vertex -2.163176e+01 -1.742404e+01 -4.000000e+00
     vertex -2.129516e+01 -1.735267e+01 -7.500000e+00
   endloop
 endfacet
 facet normal  2.836617e-01 -9.589240e-01 -9.224036e-04
   outer loop
     vertex -2.120590e+01 -1.732963e+01 -4.000000e+00
     vertex -2.129516e+01 -1.735267e+01 -7.500000e+00
     vertex -2.087100e+01 -1.722719e+01 -7.500000e+00
   endloop
 endfacet
 facet normal  3.007057e-01 -9.537166e-01  8.609116e-04
   outer loop
     vertex -2.078990e+01 -1.719846e+01 -4.000000e+00
     vertex -2.120590e+01 -1.732963e+01 -4.000000e+00
     vertex -2.087100e+01 -1.722719e+01 -7.500000e+00
   endloop
 endfacet
 facet normal  3.673015e-01 -9.301015e-01 -8.760090e-04
   outer loop
     vertex -2.078990e+01 -1.719846e+01 -4.000000e+00
     vertex -2.087100e+01 -1.722719e+01 -7.500000e+00
     vertex -2.045958e+01 -1.706472e+01 -7.500000e+00
   endloop
 endfacet
 facet normal  3.826833e-01 -9.238792e-01  8.134383e-04
   outer loop
     vertex -2.038691e+01 -1.703154e+01 -4.000000e+00
     vertex -2.078990e+01 -1.719846e+01 -4.000000e+00
     vertex -2.045958e+01 -1.706472e+01 -7.500000e+00
   endloop
 endfacet
 facet normal  4.480666e-01 -8.939998e-01 -8.274570e-04
   outer loop
     vertex -2.038691e+01 -1.703154e+01 -4.000000e+00
     vertex -2.045958e+01 -1.706472e+01 -7.500000e+00
     vertex -2.006414e+01 -1.686653e+01 -7.500000e+00
   endloop
 endfacet
 facet normal  4.617485e-01 -8.870106e-01  7.638077e-04
   outer loop
     vertex -2.000000e+01 -1.683013e+01 -4.000000e+00
     vertex -2.038691e+01 -1.703154e+01 -4.000000e+00
     vertex -2.006414e+01 -1.686653e+01 -7.500000e+00
   endloop
 endfacet
 facet normal  5.253251e-01 -8.509013e-01 -7.767478e-04
   outer loop
     vertex -2.000000e+01 -1.683013e+01 -4.000000e+00
     vertex -2.006414e+01 -1.686653e+01 -7.500000e+00
     vertex -1.968775e+01 -1.663416e+01 -7.500000e+00
   endloop
 endfacet
 facet normal  5.372995e-01 -8.433912e-01  7.120199e-04
   outer loop
     vertex -1.963212e+01 -1.659576e+01 -4.000000e+00
     vertex -2.000000e+01 -1.683013e+01 -4.000000e+00
     vertex -1.968775e+01 -1.663416e+01 -7.500000e+00
   endloop
 endfacet
 facet normal  5.984722e-01 -8.011433e-01 -7.238813e-04
   outer loop
     vertex -1.963212e+01 -1.659576e+01 -4.000000e+00
     vertex -1.968775e+01 -1.663416e+01 -7.500000e+00
     vertex -1.933338e+01 -1.636943e+01 -7.500000e+00
   endloop
 endfacet
 facet normal  6.087613e-01 -7.933532e-01  6.580748e-04
   outer loop
     vertex -1.928606e+01 -1.633022e+01 -4.000000e+00
     vertex -1.963212e+01 -1.659576e+01 -4.000000e+00
     vertex -1.933338e+01 -1.636943e+01 -7.500000e+00
   endloop
 endfacet
 facet normal  6.669354e-01 -7.451153e-01 -6.688578e-04
   outer loop
     vertex -1.928606e+01 -1.633022e+01 -4.000000e+00
     vertex -1.933338e+01 -1.636943e+01 -7.500000e+00
     vertex -1.900379e+01 -1.607443e+01 -7.500000e+00
   endloop
 endfacet
 facet normal  6.755901e-01 -7.372772e-01  6.019727e-04
   outer loop
     vertex -1.896447e+01 -1.603553e+01 -4.000000e+00
     vertex -1.928606e+01 -1.633022e+01 -4.000000e+00
     vertex -1.900379e+01 -1.607443e+01 -7.500000e+00
   endloop
 endfacet
 facet normal  7.301789e-01 -6.832557e-01 -6.116772e-04
   outer loop
     vertex -1.896447e+01 -1.603553e+01 -4.000000e+00
     vertex -1.900379e+01 -1.607443e+01 -7.500000e+00
     vertex -1.870156e+01 -1.575144e+01 -7.500000e+00
   endloop
 endfacet
 facet normal  7.877079e-01 -6.160487e-01 -5.523396e-04
   outer loop
     vertex -1.866978e+01 -1.571394e+01 -4.000000e+00
     vertex -1.870156e+01 -1.575144e+01 -7.500000e+00
     vertex -1.842907e+01 -1.540301e+01 -7.500000e+00
   endloop
 endfacet
 facet normal  7.372772e-01 -6.755901e-01  5.437136e-04
   outer loop
     vertex -1.866978e+01 -1.571394e+01 -4.000000e+00
     vertex -1.896447e+01 -1.603553e+01 -4.000000e+00
     vertex -1.870156e+01 -1.575144e+01 -7.500000e+00
   endloop
 endfacet
 facet normal  8.390719e-01 -5.440203e-01 -4.908452e-04
   outer loop
     vertex -1.840424e+01 -1.536788e+01 -4.000000e+00
     vertex -1.842907e+01 -1.540301e+01 -7.500000e+00
     vertex -1.818843e+01 -1.503186e+01 -7.500000e+00
   endloop
 endfacet
 facet normal  7.933532e-01 -6.087614e-01  4.832976e-04
   outer loop
     vertex -1.840424e+01 -1.536788e+01 -4.000000e+00
     vertex -1.866978e+01 -1.571394e+01 -4.000000e+00
     vertex -1.842907e+01 -1.540301e+01 -7.500000e+00
   endloop
 endfacet
 facet normal  8.838691e-01 -4.677342e-01 -4.271939e-04
   outer loop
     vertex -1.816987e+01 -1.500000e+01 -4.000000e+00
     vertex -1.818843e+01 -1.503186e+01 -7.500000e+00
     vertex -1.798153e+01 -1.464090e+01 -7.500000e+00
   endloop
 endfacet
 facet normal  8.433914e-01 -5.372996e-01  4.207248e-04
   outer loop
     vertex -1.816987e+01 -1.500000e+01 -4.000000e+00
     vertex -1.840424e+01 -1.536788e+01 -4.000000e+00
     vertex -1.818843e+01 -1.503186e+01 -7.500000e+00
   endloop
 endfacet
 facet normal  9.217487e-01 -3.877875e-01 -3.613860e-04
   outer loop
     vertex -1.796846e+01 -1.461309e+01 -4.000000e+00
     vertex -1.798153e+01 -1.464090e+01 -7.500000e+00
     vertex -1.781000e+01 -1.423318e+01 -7.500000e+00
   endloop
 endfacet
 facet normal  8.870108e-01 -4.617486e-01  3.559952e-04
   outer loop
     vertex -1.796846e+01 -1.461309e+01 -4.000000e+00
     vertex -1.816987e+01 -1.500000e+01 -4.000000e+00
     vertex -1.798153e+01 -1.464090e+01 -7.500000e+00
   endloop
 endfacet
 facet normal  9.524145e-01 -3.048058e-01 -2.934216e-04
   outer loop
     vertex -1.780154e+01 -1.421010e+01 -4.000000e+00
     vertex -1.781000e+01 -1.423318e+01 -7.500000e+00
     vertex -1.767518e+01 -1.381189e+01 -7.500000e+00
   endloop
 endfacet
 facet normal  9.238795e-01 -3.826834e-01  2.891090e-04
   outer loop
     vertex -1.780154e+01 -1.421010e+01 -4.000000e+00
     vertex -1.796846e+01 -1.461309e+01 -4.000000e+00
     vertex -1.781000e+01 -1.423318e+01 -7.500000e+00
   endloop
 endfacet
 facet normal  9.756263e-01 -2.194385e-01 -2.233006e-04
   outer loop
     vertex -1.767037e+01 -1.379410e+01 -4.000000e+00
     vertex -1.767518e+01 -1.381189e+01 -7.500000e+00
     vertex -1.757811e+01 -1.338034e+01 -7.500000e+00
   endloop
 endfacet
 facet normal  9.537169e-01 -3.007058e-01  2.200663e-04
   outer loop
     vertex -1.767037e+01 -1.379410e+01 -4.000000e+00
     vertex -1.780154e+01 -1.421010e+01 -4.000000e+00
     vertex -1.767518e+01 -1.381189e+01 -7.500000e+00
   endloop
 endfacet
 facet normal  9.912025e-01 -1.323539e-01 -1.510233e-04
   outer loop
     vertex -1.757596e+01 -1.336824e+01 -4.000000e+00
     vertex -1.757811e+01 -1.338034e+01 -7.500000e+00
     vertex -1.751957e+01 -1.294190e+01 -7.500000e+00
   endloop
 endfacet
 facet normal  9.762960e-01 -2.164396e-01  1.488671e-04
   outer loop
     vertex -1.757596e+01 -1.336824e+01 -4.000000e+00
     vertex -1.767037e+01 -1.379410e+01 -4.000000e+00
     vertex -1.757811e+01 -1.338034e+01 -7.500000e+00
   endloop
 endfacet
 facet normal  9.990212e-01 -4.423335e-02 -7.658973e-05
   outer loop
     vertex -1.751903e+01 -1.293578e+01 -4.000000e+00
     vertex -1.751957e+01 -1.294190e+01 -7.500000e+00
     vertex -1.750000e+01 -1.250000e+01 -7.500000e+00
   endloop
 endfacet
 facet normal  9.914449e-01 -1.305262e-01  7.551167e-05
   outer loop
     vertex -1.751903e+01 -1.293578e+01 -4.000000e+00
     vertex -1.757596e+01 -1.336824e+01 -4.000000e+00
     vertex -1.751957e+01 -1.294190e+01 -7.500000e+00
   endloop
 endfacet
 facet normal  9.990482e-01 -4.361939e-02  0.000000e+00
   outer loop
     vertex -1.750000e+01 -1.250000e+01 -4.000000e+00
     vertex -1.751903e+01 -1.293578e+01 -4.000000e+00
     vertex -1.750000e+01 -1.250000e+01 -7.500000e+00
   endloop
 endfacet
 facet normal  0.000000e+00  0.000000e+00 -1.000000e+00
   outer loop
     vertex  2.750000e+01  1.750000e+01 -4.000000e+00
     vertex  2.742404e+01  1.336824e+01 -4.000000e+00
     vertex  2.732963e+01  1.379410e+01 -4.000000e+00
   endloop
 endfacet
 facet normal  0.000000e+00  0.000000e+00 -1.000000e+00
   outer loop
     vertex  2.750000e+01  1.750000e+01 -4.000000e+00
     vertex  2.732963e+01  1.379410e+01 -4.000000e+00
     vertex  2.719846e+01  1.421010e+01 -4.000000e+00
   endloop
 endfacet
 facet normal  0.000000e+00  0.000000e+00 -1.000000e+00
   outer loop
     vertex  2.750000e+01  1.750000e+01 -4.000000e+00
     vertex  2.719846e+01  1.421010e+01 -4.000000e+00
     vertex  2.703154e+01  1.461309e+01 -4.000000e+00
   endloop
 endfacet
 facet normal  0.000000e+00  0.000000e+00 -1.000000e+00
   outer loop
     vertex  2.750000e+01  1.750000e+01 -4.000000e+00
     vertex  2.703154e+01  1.461309e+01 -4.000000e+00
     vertex  2.683013e+01  1.500000e+01 -4.000000e+00
   endloop
 endfacet
 facet normal  0.000000e+00  0.000000e+00 -1.000000e+00
   outer loop
     vertex  2.750000e+01  1.750000e+01 -4.000000e+00
     vertex  2.683013e+01  1.500000e+01 -4.000000e+00
     vertex  2.659576e+01  1.536788e+01 -4.000000e+00
   endloop
 endfacet
 facet normal  0.000000e+00  0.000000e+00 -1.000000e+00
   outer loop
     vertex  2.750000e+01  1.750000e+01 -4.000000e+00
     vertex  2.659576e+01  1.536788e+01 -4.000000e+00
     vertex  2.633022e+01  1.571394e+01 -4.000000e+00
   endloop
 endfacet
 facet normal  0.000000e+00  0.000000e+00 -1.000000e+00
   outer loop
     vertex  2.750000e+01  1.750000e+01 -4.000000e+00
     vertex  2.633022e+01  1.571394e+01 -4.000000e+00
     vertex  2.603553e+01  1.603553e+01 -4.000000e+00
   endloop
 endfacet
 facet normal  0.000000e+00  0.000000e+00 -1.000000e+00
   outer loop
     vertex  2.750000e+01  1.750000e+01 -4.000000e+00
     vertex  2.603553e+01  1.603553e+01 -4.000000e+00
     vertex  2.571394e+01  1.633022e+01 -4.000000e+00
   endloop
 endfacet
 facet normal  0.000000e+00  0.000000e+00 -1.000000e+00
   outer loop
     vertex  2.750000e+01  1.750000e+01 -4.000000e+00
     vertex  2.571394e+01  1.633022e+01 -4.000000e+00
     vertex  2.536788e+01  1.659576e+01 -4.000000e+00
   endloop
 endfacet
 facet normal  0.000000e+00  0.000000e+00 -1.000000e+00
   outer loop
     vertex  2.750000e+01  1.750000e+01 -4.000000e+00
     vertex  2.536788e+01  1.659576e+01 -4.000000e+00
     vertex  2.500000e+01  1.683013e+01 -4.000000e+00
   endloop
 endfacet
 facet normal  0.000000e+00  0.000000e+00 -1.000000e+00
   outer loop
     vertex  2.750000e+01  1.750000e+01 -4.000000e+00
     vertex  2.500000e+01  1.683013e+01 -4.000000e+00
     vertex  2.461309e+01  1.703154e+01 -4.000000e+00
   endloop
 endfacet
 facet normal -0.000000e+00  0.000000e+00 -1.000000e+00
   outer loop
     vertex  2.750000e+01  1.750000e+01 -4.000000e+00
     vertex  2.293578e+01  1.748097e+01 -4.000000e+00
     vertex  2.250000e+01  1.750000e+01 -4.000000e+00
   endloop
 endfacet
 facet normal  0.000000e+00  0.000000e+00 -1.000000e+00
   outer loop
     vertex  2.750000e+01  1.750000e+01 -4.000000e+00
     vertex  2.336824e+01  1.742404e+01 -4.000000e+00
     vertex  2.293578e+01  1.748097e+01 -4.000000e+00
   endloop
 endfacet
 facet normal  0.000000e+00  0.000000e+00 -1.000000e+00
   outer loop
     vertex  2.750000e+01  1.750000e+01 -4.000000e+00
     vertex  2.379410e+01  1.732963e+01 -4.000000e+00
     vertex  2.336824e+01  1.742404e+01 -4.000000e+00
   endloop
 endfacet
 facet normal  0.000000e+00  0.000000e+00 -1.000000e+00
   outer loop
     vertex  2.750000e+01  1.750000e+01 -4.000000e+00
     vertex  2.421010e+01  1.719846e+01 -4.000000e+00
     vertex  2.379410e+01  1.732963e+01 -4.000000e+00
   endloop
 endfacet
 facet normal  0.000000e+00  0.000000e+00 -1.000000e+00
   outer loop
     vertex  2.750000e+01  1.750000e+01 -4.000000e+00
     vertex  2.461309e+01  1.703154e+01 -4.000000e+00
     vertex  2.421010e+01  1.719846e+01 -4.000000e+00
   endloop
 endfacet
 facet normal  0.000000e+00  0.000000e+00 -1.000000e+00
   outer loop
     vertex  2.750000e+01  1.250000e+01 -4.000000e+00
     vertex  2.748097e+01  1.293578e+01 -4.000000e+00
     vertex  2.750000e+01  1.750000e+01 -4.000000e+00
   endloop
 endfacet
 facet normal  0.000000e+00  0.000000e+00 -1.000000e+00
   outer loop
     vertex  2.748097e+01  1.293578e+01 -4.000000e+00
     vertex  2.742404e+01  1.336824e+01 -4.000000e+00
     vertex  2.750000e+01  1.750000e+01 -4.000000e+00
   endloop
 endfacet
 facet normal  9.990482e-01  4.361939e-02  0.000000e+00
   outer loop
     vertex -1.751903e+01  1.293578e+01 -4.000000e+00
     vertex -1.750000e+01  1.250000e+01 -4.000000e+00
     vertex -1.750000e+01  1.250000e+01 -7.500000e+00
   endloop
 endfacet
 facet normal  9.990212e-01  4.423335e-02 -7.658973e-05
   outer loop
     vertex -1.751903e+01  1.293578e+01 -4.000000e+00
     vertex -1.750000e+01  1.250000e+01 -7.500000e+00
     vertex -1.751957e+01  1.294190e+01 -7.500000e+00
   endloop
 endfacet
 facet normal  9.912025e-01  1.323539e-01 -1.510233e-04
   outer loop
     vertex -1.757596e+01  1.336824e+01 -4.000000e+00
     vertex -1.751957e+01  1.294190e+01 -7.500000e+00
     vertex -1.757811e+01  1.338034e+01 -7.500000e+00
   endloop
 endfacet
 facet normal  9.914449e-01  1.305262e-01  7.551167e-05
   outer loop
     vertex -1.757596e+01  1.336824e+01 -4.000000e+00
     vertex -1.751903e+01  1.293578e+01 -4.000000e+00
     vertex -1.751957e+01  1.294190e+01 -7.500000e+00
   endloop
 endfacet
 facet normal  9.756263e-01  2.194385e-01 -2.233006e-04
   outer loop
     vertex -1.767037e+01  1.379410e+01 -4.000000e+00
     vertex -1.757811e+01  1.338034e+01 -7.500000e+00
     vertex -1.767518e+01  1.381189e+01 -7.500000e+00
   endloop
 endfacet
 facet normal  9.762960e-01  2.164396e-01  1.488671e-04
   outer loop
     vertex -1.767037e+01  1.379410e+01 -4.000000e+00
     vertex -1.757596e+01  1.336824e+01 -4.000000e+00
     vertex -1.757811e+01  1.338034e+01 -7.500000e+00
   endloop
 endfacet
 facet normal  9.524145e-01  3.048058e-01 -2.934216e-04
   outer loop
     vertex -1.780154e+01  1.421010e+01 -4.000000e+00
     vertex -1.767518e+01  1.381189e+01 -7.500000e+00
     vertex -1.781000e+01  1.423318e+01 -7.500000e+00
   endloop
 endfacet
 facet normal  9.537169e-01  3.007058e-01  2.200663e-04
   outer loop
     vertex -1.780154e+01  1.421010e+01 -4.000000e+00
     vertex -1.767037e+01  1.379410e+01 -4.000000e+00
     vertex -1.767518e+01  1.381189e+01 -7.500000e+00
   endloop
 endfacet
 facet normal  9.217487e-01  3.877875e-01 -3.613860e-04
   outer loop
     vertex -1.796846e+01  1.461309e+01 -4.000000e+00
     vertex -1.781000e+01  1.423318e+01 -7.500000e+00
     vertex -1.798153e+01  1.464090e+01 -7.500000e+00
   endloop
 endfacet
 facet normal  9.238795e-01  3.826834e-01  2.891090e-04
   outer loop
     vertex -1.796846e+01  1.461309e+01 -4.000000e+00
     vertex -1.780154e+01  1.421010e+01 -4.000000e+00
     vertex -1.781000e+01  1.423318e+01 -7.500000e+00
   endloop
 endfacet
 facet normal  8.838691e-01  4.677342e-01 -4.271939e-04
   outer loop
     vertex -1.816987e+01  1.500000e+01 -4.000000e+00
     vertex -1.798153e+01  1.464090e+01 -7.500000e+00
     vertex -1.818843e+01  1.503186e+01 -7.500000e+00
   endloop
 endfacet
 facet normal  8.870108e-01  4.617486e-01  3.559952e-04
   outer loop
     vertex -1.816987e+01  1.500000e+01 -4.000000e+00
     vertex -1.796846e+01  1.461309e+01 -4.000000e+00
     vertex -1.798153e+01  1.464090e+01 -7.500000e+00
   endloop
 endfacet
 facet normal  8.390719e-01  5.440203e-01 -4.908452e-04
   outer loop
     vertex -1.840424e+01  1.536788e+01 -4.000000e+00
     vertex -1.818843e+01  1.503186e+01 -7.500000e+00
     vertex -1.842907e+01  1.540301e+01 -7.500000e+00
   endloop
 endfacet
 facet normal  8.433914e-01  5.372996e-01  4.207248e-04
   outer loop
     vertex -1.840424e+01  1.536788e+01 -4.000000e+00
     vertex -1.816987e+01  1.500000e+01 -4.000000e+00
     vertex -1.818843e+01  1.503186e+01 -7.500000e+00
   endloop
 endfacet
 facet normal  7.877079e-01  6.160487e-01 -5.523396e-04
   outer loop
     vertex -1.866978e+01  1.571394e+01 -4.000000e+00
     vertex -1.842907e+01  1.540301e+01 -7.500000e+00
     vertex -1.870156e+01  1.575144e+01 -7.500000e+00
   endloop
 endfacet
 facet normal  7.933532e-01  6.087614e-01  4.832976e-04
   outer loop
     vertex -1.866978e+01  1.571394e+01 -4.000000e+00
     vertex -1.840424e+01  1.536788e+01 -4.000000e+00
     vertex -1.842907e+01  1.540301e+01 -7.500000e+00
   endloop
 endfacet
 facet normal  7.301789e-01  6.832557e-01 -6.116772e-04
   outer loop
     vertex -1.896447e+01  1.603553e+01 -4.000000e+00
     vertex -1.870156e+01  1.575144e+01 -7.500000e+00
     vertex -1.900379e+01  1.607443e+01 -7.500000e+00
   endloop
 endfacet
 facet normal  7.372772e-01  6.755901e-01  5.437136e-04
   outer loop
     vertex -1.896447e+01  1.603553e+01 -4.000000e+00
     vertex -1.866978e+01  1.571394e+01 -4.000000e+00
     vertex -1.870156e+01  1.575144e+01 -7.500000e+00
   endloop
 endfacet
 facet normal  6.669354e-01  7.451153e-01 -6.688578e-04
   outer loop
     vertex -1.928606e+01  1.633022e+01 -4.000000e+00
     vertex -1.900379e+01  1.607443e+01 -7.500000e+00
     vertex -1.933338e+01  1.636943e+01 -7.500000e+00
   endloop
 endfacet
 facet normal  6.755901e-01  7.372772e-01  6.019727e-04
   outer loop
     vertex -1.928606e+01  1.633022e+01 -4.000000e+00
     vertex -1.896447e+01  1.603553e+01 -4.000000e+00
     vertex -1.900379e+01  1.607443e+01 -7.500000e+00
   endloop
 endfacet
 facet normal  5.984722e-01  8.011433e-01 -7.238813e-04
   outer loop
     vertex -1.963212e+01  1.659576e+01 -4.000000e+00
     vertex -1.933338e+01  1.636943e+01 -7.500000e+00
     vertex -1.968775e+01  1.663416e+01 -7.500000e+00
   endloop
 endfacet
 facet normal  6.087613e-01  7.933532e-01  6.580748e-04
   outer loop
     vertex -1.963212e+01  1.659576e+01 -4.000000e+00
     vertex -1.928606e+01  1.633022e+01 -4.000000e+00
     vertex -1.933338e+01  1.636943e+01 -7.500000e+00
   endloop
 endfacet
 facet normal  5.253251e-01  8.509013e-01 -7.767478e-04
   outer loop
     vertex -2.000000e+01  1.683013e+01 -4.000000e+00
     vertex -1.968775e+01  1.663416e+01 -7.500000e+00
     vertex -2.006414e+01  1.686653e+01 -7.500000e+00
   endloop
 endfacet
 facet normal  5.372995e-01  8.433912e-01  7.120199e-04
   outer loop
     vertex -2.000000e+01  1.683013e+01 -4.000000e+00
     vertex -1.963212e+01  1.659576e+01 -4.000000e+00
     vertex -1.968775e+01  1.663416e+01 -7.500000e+00
   endloop
 endfacet
 facet normal  4.480666e-01  8.939998e-01 -8.274570e-04
   outer loop
     vertex -2.038691e+01  1.703154e+01 -4.000000e+00
     vertex -2.006414e+01  1.686653e+01 -7.500000e+00
     vertex -2.045958e+01  1.706472e+01 -7.500000e+00
   endloop
 endfacet
 facet normal  4.617485e-01  8.870106e-01  7.638077e-04
   outer loop
     vertex -2.038691e+01  1.703154e+01 -4.000000e+00
     vertex -2.000000e+01  1.683013e+01 -4.000000e+00
     vertex -2.006414e+01  1.686653e+01 -7.500000e+00
   endloop
 endfacet
 facet normal  3.826833e-01  9.238792e-01  8.134383e-04
   outer loop
     vertex -2.078990e+01  1.719846e+01 -4.000000e+00
     vertex -2.038691e+01  1.703154e+01 -4.000000e+00
     vertex -2.045958e+01  1.706472e+01 -7.500000e+00
   endloop
 endfacet
 facet normal  3.673015e-01  9.301015e-01 -8.760090e-04
   outer loop
     vertex -2.078990e+01  1.719846e+01 -4.000000e+00
     vertex -2.045958e+01  1.706472e+01 -7.500000e+00
     vertex -2.087100e+01  1.722719e+01 -7.500000e+00
   endloop
 endfacet
 facet normal  3.007057e-01  9.537166e-01  8.609116e-04
   outer loop
     vertex -2.120590e+01  1.732963e+01 -4.000000e+00
     vertex -2.078990e+01  1.719846e+01 -4.000000e+00
     vertex -2.087100e+01  1.722719e+01 -7.500000e+00
   endloop
 endfacet
 facet normal  2.836617e-01  9.589240e-01 -9.224036e-04
   outer loop
     vertex -2.120590e+01  1.732963e+01 -4.000000e+00
     vertex -2.087100e+01  1.722719e+01 -7.500000e+00
     vertex -2.129516e+01  1.735267e+01 -7.500000e+00
   endloop
 endfacet
 facet normal  2.164395e-01  9.762956e-01  9.062275e-04
   outer loop
     vertex -2.163176e+01  1.742404e+01 -4.000000e+00
     vertex -2.120590e+01  1.732963e+01 -4.000000e+00
     vertex -2.129516e+01  1.735267e+01 -7.500000e+00
   endloop
 endfacet
 facet normal  1.978018e-01  9.802416e-01 -9.666407e-04
   outer loop
     vertex -2.163176e+01  1.742404e+01 -4.000000e+00
     vertex -2.129516e+01  1.735267e+01 -7.500000e+00
     vertex -2.172876e+01  1.744016e+01 -7.500000e+00
   endloop
 endfacet
 facet normal  1.305261e-01  9.914444e-01  9.493859e-04
   outer loop
     vertex -2.206422e+01  1.748097e+01 -4.000000e+00
     vertex -2.163176e+01  1.742404e+01 -4.000000e+00
     vertex -2.172876e+01  1.744016e+01 -7.500000e+00
   endloop
 endfacet
 facet normal  1.103939e-01  9.938874e-01 -1.008720e-03
   outer loop
     vertex -2.206422e+01  1.748097e+01 -4.000000e+00
     vertex -2.172876e+01  1.744016e+01 -7.500000e+00
     vertex -2.216839e+01  1.748899e+01 -7.500000e+00
   endloop
 endfacet
 facet normal  4.361937e-02  9.990477e-01  9.903868e-04
   outer loop
     vertex -2.250000e+01  1.750000e+01 -4.000000e+00
     vertex -2.206422e+01  1.748097e+01 -4.000000e+00
     vertex -2.216839e+01  1.748899e+01 -7.500000e+00
   endloop
 endfacet
 facet normal  2.212207e-02  9.997547e-01 -1.048643e-03
   outer loop
     vertex -2.250000e+01  1.750000e+01 -4.000000e+00
     vertex -2.216839e+01  1.748899e+01 -7.500000e+00
     vertex -2.261061e+01  1.749878e+01 -7.500000e+00
   endloop
 endfacet
 facet normal -4.361936e-02  9.990477e-01  1.029230e-03
   outer loop
     vertex -2.293578e+01  1.748097e+01 -4.000000e+00
     vertex -2.250000e+01  1.750000e+01 -4.000000e+00
     vertex -2.261061e+01  1.749878e+01 -7.500000e+00
   endloop
 endfacet
 facet normal -6.632292e-02  9.977976e-01 -1.086407e-03
   outer loop
     vertex -2.293578e+01  1.748097e+01 -4.000000e+00
     vertex -2.261061e+01  1.749878e+01 -7.500000e+00
     vertex -2.305197e+01  1.746944e+01 -7.500000e+00
   endloop
 endfacet
 facet normal -1.305261e-01  9.914443e-01  1.065916e-03
   outer loop
     vertex -2.336824e+01  1.742404e+01 -4.000000e+00
     vertex -2.293578e+01  1.748097e+01 -4.000000e+00
     vertex -2.305197e+01  1.746944e+01 -7.500000e+00
   endloop
 endfacet
 facet normal -1.542488e-01  9.880314e-01 -1.122014e-03
   outer loop
     vertex -2.336824e+01  1.742404e+01 -4.000000e+00
     vertex -2.305197e+01  1.746944e+01 -7.500000e+00
     vertex -2.348901e+01  1.740121e+01 -7.500000e+00
   endloop
 endfacet
 facet normal -2.164395e-01  9.762954e-01  1.100444e-03
   outer loop
     vertex -2.379410e+01  1.732963e+01 -4.000000e+00
     vertex -2.336824e+01  1.742404e+01 -4.000000e+00
     vertex -2.348901e+01  1.740121e+01 -7.500000e+00
   endloop
 endfacet
 facet normal -2.409675e-01  9.705325e-01 -1.155463e-03
   outer loop
     vertex -2.379410e+01  1.732963e+01 -4.000000e+00
     vertex -2.348901e+01  1.740121e+01 -7.500000e+00
     vertex -2.391831e+01  1.729462e+01 -7.500000e+00
   endloop
 endfacet
 facet normal -3.007056e-01  9.537163e-01  1.132814e-03
   outer loop
     vertex -2.421010e+01  1.719846e+01 -4.000000e+00
     vertex -2.379410e+01  1.732963e+01 -4.000000e+00
     vertex -2.391831e+01  1.729462e+01 -7.500000e+00
   endloop
 endfacet
 facet normal -3.258003e-01  9.454378e-01 -1.186754e-03
   outer loop
     vertex -2.421010e+01  1.719846e+01 -4.000000e+00
     vertex -2.391831e+01  1.729462e+01 -7.500000e+00
     vertex -2.433651e+01  1.715051e+01 -7.500000e+00
   endloop
 endfacet
 facet normal -3.826832e-01  9.238789e-01  1.163026e-03
   outer loop
     vertex -2.461309e+01  1.703154e+01 -4.000000e+00
     vertex -2.421010e+01  1.719846e+01 -4.000000e+00
     vertex -2.433651e+01  1.715051e+01 -7.500000e+00
   endloop
 endfacet
 facet normal -4.080833e-01  9.129439e-01 -1.215888e-03
   outer loop
     vertex -2.461309e+01  1.703154e+01 -4.000000e+00
     vertex -2.433651e+01  1.715051e+01 -7.500000e+00
     vertex -2.474033e+01  1.697000e+01 -7.500000e+00
   endloop
 endfacet
 facet normal -4.871725e-01  8.733049e-01 -1.242863e-03
   outer loop
     vertex -2.500000e+01  1.683013e+01 -4.000000e+00
     vertex -2.474033e+01  1.697000e+01 -7.500000e+00
     vertex -2.512663e+01  1.675451e+01 -7.500000e+00
   endloop
 endfacet
 facet normal -4.617483e-01  8.870102e-01  1.191081e-03
   outer loop
     vertex -2.500000e+01  1.683013e+01 -4.000000e+00
     vertex -2.461309e+01  1.703154e+01 -4.000000e+00
     vertex -2.474033e+01  1.697000e+01 -7.500000e+00
   endloop
 endfacet
 facet normal -5.624488e-01  8.268311e-01 -1.267681e-03
   outer loop
     vertex -2.536788e+01  1.659576e+01 -4.000000e+00
     vertex -2.512663e+01  1.675451e+01 -7.500000e+00
     vertex -2.549236e+01  1.650572e+01 -7.500000e+00
   endloop
 endfacet
 facet normal -5.372992e-01  8.433908e-01  1.216978e-03
   outer loop
     vertex -2.536788e+01  1.659576e+01 -4.000000e+00
     vertex -2.500000e+01  1.683013e+01 -4.000000e+00
     vertex -2.512663e+01  1.675451e+01 -7.500000e+00
   endloop
 endfacet
 facet normal -6.333233e-01  7.738863e-01 -1.290341e-03
   outer loop
     vertex -2.571394e+01  1.633022e+01 -4.000000e+00
     vertex -2.549236e+01  1.650572e+01 -7.500000e+00
     vertex -2.583468e+01  1.622558e+01 -7.500000e+00
   endloop
 endfacet
 facet normal -6.087610e-01  7.933527e-01  1.240717e-03
   outer loop
     vertex -2.571394e+01  1.633022e+01 -4.000000e+00
     vertex -2.536788e+01  1.659576e+01 -4.000000e+00
     vertex -2.549236e+01  1.650572e+01 -7.500000e+00
   endloop
 endfacet
 facet normal -6.992411e-01  7.148847e-01 -1.310843e-03
   outer loop
     vertex -2.603553e+01  1.603553e+01 -4.000000e+00
     vertex -2.583468e+01  1.622558e+01 -7.500000e+00
     vertex -2.615090e+01  1.591628e+01 -7.500000e+00
   endloop
 endfacet
 facet normal -6.755897e-01  7.372767e-01  1.262297e-03
   outer loop
     vertex -2.603553e+01  1.603553e+01 -4.000000e+00
     vertex -2.571394e+01  1.633022e+01 -4.000000e+00
     vertex -2.583468e+01  1.622558e+01 -7.500000e+00
   endloop
 endfacet
 facet normal -7.596864e-01  6.502882e-01 -1.329187e-03
   outer loop
     vertex -2.633022e+01  1.571394e+01 -4.000000e+00
     vertex -2.615090e+01  1.591628e+01 -7.500000e+00
     vertex -2.643854e+01  1.558024e+01 -7.500000e+00
   endloop
 endfacet
 facet normal -7.372767e-01  6.755897e-01  1.281720e-03
   outer loop
     vertex -2.633022e+01  1.571394e+01 -4.000000e+00
     vertex -2.603553e+01  1.603553e+01 -4.000000e+00
     vertex -2.615090e+01  1.591628e+01 -7.500000e+00
   endloop
 endfacet
 facet normal -8.141861e-01  5.806024e-01 -1.345372e-03
   outer loop
     vertex -2.659576e+01  1.536788e+01 -4.000000e+00
     vertex -2.643854e+01  1.558024e+01 -7.500000e+00
     vertex -2.669536e+01  1.522010e+01 -7.500000e+00
   endloop
 endfacet
 facet normal -7.933527e-01  6.087609e-01  1.298985e-03
   outer loop
     vertex -2.659576e+01  1.536788e+01 -4.000000e+00
     vertex -2.633022e+01  1.571394e+01 -4.000000e+00
     vertex -2.643854e+01  1.558024e+01 -7.500000e+00
   endloop
 endfacet
 facet normal -8.623138e-01  5.063725e-01 -1.359400e-03
   outer loop
     vertex -2.683013e+01  1.500000e+01 -4.000000e+00
     vertex -2.669536e+01  1.522010e+01 -7.500000e+00
     vertex -2.691935e+01  1.483867e+01 -7.500000e+00
   endloop
 endfacet
 facet normal -8.433907e-01  5.372991e-01  1.314092e-03
   outer loop
     vertex -2.683013e+01  1.500000e+01 -4.000000e+00
     vertex -2.659576e+01  1.536788e+01 -4.000000e+00
     vertex -2.669536e+01  1.522010e+01 -7.500000e+00
   endloop
 endfacet
 facet normal -9.036926e-01  4.281796e-01 -1.371270e-03
   outer loop
     vertex -2.703154e+01  1.461309e+01 -4.000000e+00
     vertex -2.691935e+01  1.483867e+01 -7.500000e+00
     vertex -2.710874e+01  1.443894e+01 -7.500000e+00
   endloop
 endfacet
 facet normal -8.870101e-01  4.617482e-01  1.327041e-03
   outer loop
     vertex -2.703154e+01  1.461309e+01 -4.000000e+00
     vertex -2.683013e+01  1.500000e+01 -4.000000e+00
     vertex -2.691935e+01  1.483867e+01 -7.500000e+00
   endloop
 endfacet
 facet normal -9.379989e-01  3.466356e-01 -1.380981e-03
   outer loop
     vertex -2.719846e+01  1.421010e+01 -4.000000e+00
     vertex -2.710874e+01  1.443894e+01 -7.500000e+00
     vertex -2.726207e+01  1.402403e+01 -7.500000e+00
   endloop
 endfacet
 facet normal -9.238787e-01  3.826831e-01  1.337831e-03
   outer loop
     vertex -2.719846e+01  1.421010e+01 -4.000000e+00
     vertex -2.703154e+01  1.461309e+01 -4.000000e+00
     vertex -2.710874e+01  1.443894e+01 -7.500000e+00
   endloop
 endfacet
 facet normal -9.649640e-01  2.623787e-01 -1.388535e-03
   outer loop
     vertex -2.732963e+01  1.379410e+01 -4.000000e+00
     vertex -2.726207e+01  1.402403e+01 -7.500000e+00
     vertex -2.737813e+01  1.359719e+01 -7.500000e+00
   endloop
 endfacet
 facet normal -9.537161e-01  3.007055e-01  1.346464e-03
   outer loop
     vertex -2.732963e+01  1.379410e+01 -4.000000e+00
     vertex -2.719846e+01  1.421010e+01 -4.000000e+00
     vertex -2.726207e+01  1.402403e+01 -7.500000e+00
   endloop
 endfacet
 facet normal -9.843770e-01  1.760683e-01 -1.393930e-03
   outer loop
     vertex -2.742404e+01  1.336824e+01 -4.000000e+00
     vertex -2.737813e+01  1.359719e+01 -7.500000e+00
     vertex -2.745601e+01  1.316177e+01 -7.500000e+00
   endloop
 endfacet
 facet normal -9.762951e-01  2.164394e-01  1.352938e-03
   outer loop
     vertex -2.742404e+01  1.336824e+01 -4.000000e+00
     vertex -2.732963e+01  1.379410e+01 -4.000000e+00
     vertex -2.737813e+01  1.359719e+01 -7.500000e+00
   endloop
 endfacet
 facet normal -9.960858e-01  8.838002e-02 -1.397167e-03
   outer loop
     vertex -2.748097e+01  1.293578e+01 -4.000000e+00
     vertex -2.745601e+01  1.316177e+01 -7.500000e+00
     vertex -2.749511e+01  1.272117e+01 -7.500000e+00
   endloop
 endfacet
 facet normal -9.914439e-01  1.305261e-01  1.357254e-03
   outer loop
     vertex -2.748097e+01  1.293578e+01 -4.000000e+00
     vertex -2.742404e+01  1.336824e+01 -4.000000e+00
     vertex -2.745601e+01  1.316177e+01 -7.500000e+00
   endloop
 endfacet
 facet normal -9.999990e-01  0.000000e+00 -1.398246e-03
   outer loop
     vertex -2.750000e+01  1.250000e+01 -4.000000e+00
     vertex -2.749511e+01  1.272117e+01 -7.500000e+00
     vertex -2.749511e+01  1.227883e+01 -7.500000e+00
   endloop
 endfacet
 facet normal -9.990473e-01  4.361935e-02  1.359412e-03
   outer loop
     vertex -2.750000e+01  1.250000e+01 -4.000000e+00
     vertex -2.748097e+01  1.293578e+01 -4.000000e+00
     vertex -2.749511e+01  1.272117e+01 -7.500000e+00
   endloop
 endfacet
 facet normal -9.960858e-01 -8.838002e-02 -1.397167e-03
   outer loop
     vertex -2.748097e+01  1.206422e+01 -4.000000e+00
     vertex -2.749511e+01  1.227883e+01 -7.500000e+00
     vertex -2.745601e+01  1.183823e+01 -7.500000e+00
   endloop
 endfacet
 facet normal -9.990473e-01 -4.361935e-02  1.359412e-03
   outer loop
     vertex -2.748097e+01  1.206422e+01 -4.000000e+00
     vertex -2.750000e+01  1.250000e+01 -4.000000e+00
     vertex -2.749511e+01  1.227883e+01 -7.500000e+00
   endloop
 endfacet
 facet normal -9.843770e-01 -1.760683e-01 -1.393930e-03
   outer loop
     vertex -2.742404e+01  1.163176e+01 -4.000000e+00
     vertex -2.745601e+01  1.183823e+01 -7.500000e+00
     vertex -2.737813e+01  1.140281e+01 -7.500000e+00
   endloop
 endfacet
 facet normal -9.914439e-01 -1.305261e-01  1.357254e-03
   outer loop
     vertex -2.742404e+01  1.163176e+01 -4.000000e+00
     vertex -2.748097e+01  1.206422e+01 -4.000000e+00
     vertex -2.745601e+01  1.183823e+01 -7.500000e+00
   endloop
 endfacet
 facet normal -9.762951e-01 -2.164394e-01  1.352938e-03
   outer loop
     vertex -2.732963e+01  1.120590e+01 -4.000000e+00
     vertex -2.742404e+01  1.163176e+01 -4.000000e+00
     vertex -2.737813e+01  1.140281e+01 -7.500000e+00
   endloop
 endfacet
 facet normal -9.649640e-01 -2.623787e-01 -1.388535e-03
   outer loop
     vertex -2.732963e+01  1.120590e+01 -4.000000e+00
     vertex -2.737813e+01  1.140281e+01 -7.500000e+00
     vertex -2.726207e+01  1.097597e+01 -7.500000e+00
   endloop
 endfacet
 facet normal -9.537161e-01 -3.007055e-01  1.346464e-03
   outer loop
     vertex -2.719846e+01  1.078990e+01 -4.000000e+00
     vertex -2.732963e+01  1.120590e+01 -4.000000e+00
     vertex -2.726207e+01  1.097597e+01 -7.500000e+00
   endloop
 endfacet
 facet normal -9.379989e-01 -3.466356e-01 -1.380981e-03
   outer loop
     vertex -2.719846e+01  1.078990e+01 -4.000000e+00
     vertex -2.726207e+01  1.097597e+01 -7.500000e+00
     vertex -2.710874e+01  1.056106e+01 -7.500000e+00
   endloop
 endfacet
 facet normal -9.238787e-01 -3.826831e-01  1.337831e-03
   outer loop
     vertex -2.703154e+01  1.038691e+01 -4.000000e+00
     vertex -2.719846e+01  1.078990e+01 -4.000000e+00
     vertex -2.710874e+01  1.056106e+01 -7.500000e+00
   endloop
 endfacet
 facet normal -9.036926e-01 -4.281796e-01 -1.371270e-03
   outer loop
     vertex -2.703154e+01  1.038691e+01 -4.000000e+00
     vertex -2.710874e+01  1.056106e+01 -7.500000e+00
     vertex -2.691935e+01  1.016133e+01 -7.500000e+00
   endloop
 endfacet
 facet normal -8.870101e-01 -4.617482e-01  1.327041e-03
   outer loop
     vertex -2.683013e+01  1.000000e+01 -4.000000e+00
     vertex -2.703154e+01  1.038691e+01 -4.000000e+00
     vertex -2.691935e+01  1.016133e+01 -7.500000e+00
   endloop
 endfacet
 facet normal -8.623138e-01 -5.063725e-01 -1.359400e-03
   outer loop
     vertex -2.683013e+01  1.000000e+01 -4.000000e+00
     vertex -2.691935e+01  1.016133e+01 -7.500000e+00
     vertex -2.669536e+01  9.779898e+00 -7.500000e+00
   endloop
 endfacet
 facet normal -8.433907e-01 -5.372991e-01  1.314092e-03
   outer loop
     vertex -2.659576e+01  9.632118e+00 -4.000000e+00
     vertex -2.683013e+01  1.000000e+01 -4.000000e+00
     vertex -2.669536e+01  9.779898e+00 -7.500000e+00
   endloop
 endfacet
 facet normal -8.141861e-01 -5.806024e-01 -1.345372e-03
   outer loop
     vertex -2.659576e+01  9.632118e+00 -4.000000e+00
     vertex -2.669536e+01  9.779898e+00 -7.500000e+00
     vertex -2.643854e+01  9.419756e+00 -7.500000e+00
   endloop
 endfacet
 facet normal -7.933527e-01 -6.087609e-01  1.298985e-03
   outer loop
     vertex -2.633022e+01  9.286062e+00 -4.000000e+00
     vertex -2.659576e+01  9.632118e+00 -4.000000e+00
     vertex -2.643854e+01  9.419756e+00 -7.500000e+00
   endloop
 endfacet
 facet normal -7.596864e-01 -6.502882e-01 -1.329187e-03
   outer loop
     vertex -2.633022e+01  9.286062e+00 -4.000000e+00
     vertex -2.643854e+01  9.419756e+00 -7.500000e+00
     vertex -2.615090e+01  9.083721e+00 -7.500000e+00
   endloop
 endfacet
 facet normal -7.372767e-01 -6.755897e-01  1.281720e-03
   outer loop
     vertex -2.603553e+01  8.964466e+00 -4.000000e+00
     vertex -2.633022e+01  9.286062e+00 -4.000000e+00
     vertex -2.615090e+01  9.083721e+00 -7.500000e+00
   endloop
 endfacet
 facet normal -6.992411e-01 -7.148847e-01 -1.310843e-03
   outer loop
     vertex -2.603553e+01  8.964466e+00 -4.000000e+00
     vertex -2.615090e+01  9.083721e+00 -7.500000e+00
     vertex -2.583468e+01  8.774423e+00 -7.500000e+00
   endloop
 endfacet
 facet normal -6.755897e-01 -7.372767e-01  1.262297e-03
   outer loop
     vertex -2.571394e+01  8.669778e+00 -4.000000e+00
     vertex -2.603553e+01  8.964466e+00 -4.000000e+00
     vertex -2.583468e+01  8.774423e+00 -7.500000e+00
   endloop
 endfacet
 facet normal -6.333233e-01 -7.738863e-01 -1.290341e-03
   outer loop
     vertex -2.571394e+01  8.669778e+00 -4.000000e+00
     vertex -2.583468e+01  8.774423e+00 -7.500000e+00
     vertex -2.549236e+01  8.494283e+00 -7.500000e+00
   endloop
 endfacet
 facet normal -6.087610e-01 -7.933527e-01  1.240717e-03
   outer loop
     vertex -2.536788e+01  8.404240e+00 -4.000000e+00
     vertex -2.571394e+01  8.669778e+00 -4.000000e+00
     vertex -2.549236e+01  8.494283e+00 -7.500000e+00
   endloop
 endfacet
 facet normal -5.624488e-01 -8.268311e-01 -1.267681e-03
   outer loop
     vertex -2.536788e+01  8.404240e+00 -4.000000e+00
     vertex -2.549236e+01  8.494283e+00 -7.500000e+00
     vertex -2.512663e+01  8.245492e+00 -7.500000e+00
   endloop
 endfacet
 facet normal -5.372992e-01 -8.433908e-01  1.216978e-03
   outer loop
     vertex -2.500000e+01  8.169873e+00 -4.000000e+00
     vertex -2.536788e+01  8.404240e+00 -4.000000e+00
     vertex -2.512663e+01  8.245492e+00 -7.500000e+00
   endloop
 endfacet
 facet normal -4.871725e-01 -8.733049e-01 -1.242863e-03
   outer loop
     vertex -2.500000e+01  8.169873e+00 -4.000000e+00
     vertex -2.512663e+01  8.245492e+00 -7.500000e+00
     vertex -2.474033e+01  8.030000e+00 -7.500000e+00
   endloop
 endfacet
 facet normal -4.617483e-01 -8.870102e-01  1.191081e-03
   outer loop
     vertex -2.461309e+01  7.968461e+00 -4.000000e+00
     vertex -2.500000e+01  8.169873e+00 -4.000000e+00
     vertex -2.474033e+01  8.030000e+00 -7.500000e+00
   endloop
 endfacet
 facet normal -4.080833e-01 -9.129439e-01 -1.215888e-03
   outer loop
     vertex -2.461309e+01  7.968461e+00 -4.000000e+00
     vertex -2.474033e+01  8.030000e+00 -7.500000e+00
     vertex -2.433651e+01  7.849491e+00 -7.500000e+00
   endloop
 endfacet
 facet normal -3.826832e-01 -9.238789e-01  1.163026e-03
   outer loop
     vertex -2.421010e+01  7.801537e+00 -4.000000e+00
     vertex -2.461309e+01  7.968461e+00 -4.000000e+00
     vertex -2.433651e+01  7.849491e+00 -7.500000e+00
   endloop
 endfacet
 facet normal -3.258003e-01 -9.454378e-01 -1.186754e-03
   outer loop
     vertex -2.421010e+01  7.801537e+00 -4.000000e+00
     vertex -2.433651e+01  7.849491e+00 -7.500000e+00
     vertex -2.391831e+01  7.705378e+00 -7.500000e+00
   endloop
 endfacet
 facet normal -3.007056e-01 -9.537163e-01  1.132814e-03
   outer loop
     vertex -2.379410e+01  7.670371e+00 -4.000000e+00
     vertex -2.421010e+01  7.801537e+00 -4.000000e+00
     vertex -2.391831e+01  7.705378e+00 -7.500000e+00
   endloop
 endfacet
 facet normal -2.409675e-01 -9.705325e-01 -1.155463e-03
   outer loop
     vertex -2.379410e+01  7.670371e+00 -4.000000e+00
     vertex -2.391831e+01  7.705378e+00 -7.500000e+00
     vertex -2.348901e+01  7.598790e+00 -7.500000e+00
   endloop
 endfacet
 facet normal -2.164395e-01 -9.762954e-01  1.100444e-03
   outer loop
     vertex -2.336824e+01  7.575961e+00 -4.000000e+00
     vertex -2.379410e+01  7.670371e+00 -4.000000e+00
     vertex -2.348901e+01  7.598790e+00 -7.500000e+00
   endloop
 endfacet
 facet normal -1.542488e-01 -9.880314e-01 -1.122014e-03
   outer loop
     vertex -2.336824e+01  7.575961e+00 -4.000000e+00
     vertex -2.348901e+01  7.598790e+00 -7.500000e+00
     vertex -2.305197e+01  7.530560e+00 -7.500000e+00
   endloop
 endfacet
 facet normal -1.305261e-01 -9.914443e-01  1.065916e-03
   outer loop
     vertex -2.293578e+01  7.519027e+00 -4.000000e+00
     vertex -2.336824e+01  7.575961e+00 -4.000000e+00
     vertex -2.305197e+01  7.530560e+00 -7.500000e+00
   endloop
 endfacet
 facet normal -6.632292e-02 -9.977976e-01 -1.086407e-03
   outer loop
     vertex -2.293578e+01  7.519027e+00 -4.000000e+00
     vertex -2.305197e+01  7.530560e+00 -7.500000e+00
     vertex -2.261061e+01  7.501224e+00 -7.500000e+00
   endloop
 endfacet
 facet normal -4.361936e-02 -9.990477e-01  1.029230e-03
   outer loop
     vertex -2.250000e+01  7.500000e+00 -4.000000e+00
     vertex -2.293578e+01  7.519027e+00 -4.000000e+00
     vertex -2.261061e+01  7.501224e+00 -7.500000e+00
   endloop
 endfacet
 facet normal  2.212207e-02 -9.997547e-01 -1.048643e-03
   outer loop
     vertex -2.250000e+01  7.500000e+00 -4.000000e+00
     vertex -2.261061e+01  7.501224e+00 -7.500000e+00
     vertex -2.216839e+01  7.511009e+00 -7.500000e+00
   endloop
 endfacet
 facet normal  4.361937e-02 -9.990477e-01  9.903868e-04
   outer loop
     vertex -2.206422e+01  7.519027e+00 -4.000000e+00
     vertex -2.250000e+01  7.500000e+00 -4.000000e+00
     vertex -2.216839e+01  7.511009e+00 -7.500000e+00
   endloop
 endfacet
 facet normal  1.103939e-01 -9.938874e-01 -1.008720e-03
   outer loop
     vertex -2.206422e+01  7.519027e+00 -4.000000e+00
     vertex -2.216839e+01  7.511009e+00 -7.500000e+00
     vertex -2.172876e+01  7.559840e+00 -7.500000e+00
   endloop
 endfacet
 facet normal  1.305261e-01 -9.914444e-01  9.493859e-04
   outer loop
     vertex -2.163176e+01  7.575961e+00 -4.000000e+00
     vertex -2.206422e+01  7.519027e+00 -4.000000e+00
     vertex -2.172876e+01  7.559840e+00 -7.500000e+00
   endloop
 endfacet
 facet normal  1.978018e-01 -9.802416e-01 -9.666407e-04
   outer loop
     vertex -2.163176e+01  7.575961e+00 -4.000000e+00
     vertex -2.172876e+01  7.559840e+00 -7.500000e+00
     vertex -2.129516e+01  7.647334e+00 -7.500000e+00
   endloop
 endfacet
 facet normal  2.164395e-01 -9.762956e-01  9.062275e-04
   outer loop
     vertex -2.120590e+01  7.670371e+00 -4.000000e+00
     vertex -2.163176e+01  7.575961e+00 -4.000000e+00
     vertex -2.129516e+01  7.647334e+00 -7.500000e+00
   endloop
 endfacet
 facet normal  2.836617e-01 -9.589240e-01 -9.224036e-04
   outer loop
     vertex -2.120590e+01  7.670371e+00 -4.000000e+00
     vertex -2.129516e+01  7.647334e+00 -7.500000e+00
     vertex -2.087100e+01  7.772807e+00 -7.500000e+00
   endloop
 endfacet
 facet normal  3.673015e-01 -9.301015e-01 -8.760090e-04
   outer loop
     vertex -2.078990e+01  7.801537e+00 -4.000000e+00
     vertex -2.087100e+01  7.772807e+00 -7.500000e+00
     vertex -2.045958e+01  7.935277e+00 -7.500000e+00
   endloop
 endfacet
 facet normal  3.007057e-01 -9.537166e-01  8.609116e-04
   outer loop
     vertex -2.078990e+01  7.801537e+00 -4.000000e+00
     vertex -2.120590e+01  7.670371e+00 -4.000000e+00
     vertex -2.087100e+01  7.772807e+00 -7.500000e+00
   endloop
 endfacet
 facet normal  4.480666e-01 -8.939998e-01 -8.274570e-04
   outer loop
     vertex -2.038691e+01  7.968461e+00 -4.000000e+00
     vertex -2.045958e+01  7.935277e+00 -7.500000e+00
     vertex -2.006414e+01  8.133472e+00 -7.500000e+00
   endloop
 endfacet
 facet normal  3.826833e-01 -9.238792e-01  8.134383e-04
   outer loop
     vertex -2.038691e+01  7.968461e+00 -4.000000e+00
     vertex -2.078990e+01  7.801537e+00 -4.000000e+00
     vertex -2.045958e+01  7.935277e+00 -7.500000e+00
   endloop
 endfacet
 facet normal  5.253251e-01 -8.509013e-01 -7.767478e-04
   outer loop
     vertex -2.000000e+01  8.169873e+00 -4.000000e+00
     vertex -2.006414e+01  8.133472e+00 -7.500000e+00
     vertex -1.968775e+01  8.365841e+00 -7.500000e+00
   endloop
 endfacet
 facet normal  4.617485e-01 -8.870106e-01  7.638077e-04
   outer loop
     vertex -2.000000e+01  8.169873e+00 -4.000000e+00
     vertex -2.038691e+01  7.968461e+00 -4.000000e+00
     vertex -2.006414e+01  8.133472e+00 -7.500000e+00
   endloop
 endfacet
 facet normal  5.984722e-01 -8.011433e-01 -7.238813e-04
   outer loop
     vertex -1.963212e+01  8.404240e+00 -4.000000e+00
     vertex -1.968775e+01  8.365841e+00 -7.500000e+00
     vertex -1.933338e+01  8.630565e+00 -7.500000e+00
   endloop
 endfacet
 facet normal  5.372995e-01 -8.433912e-01  7.120199e-04
   outer loop
     vertex -1.963212e+01  8.404240e+00 -4.000000e+00
     vertex -2.000000e+01  8.169873e+00 -4.000000e+00
     vertex -1.968775e+01  8.365841e+00 -7.500000e+00
   endloop
 endfacet
 facet normal  6.669354e-01 -7.451153e-01 -6.688578e-04
   outer loop
     vertex -1.928606e+01  8.669778e+00 -4.000000e+00
     vertex -1.933338e+01  8.630565e+00 -7.500000e+00
     vertex -1.900379e+01  8.925573e+00 -7.500000e+00
   endloop
 endfacet
 facet normal  6.087613e-01 -7.933532e-01  6.580748e-04
   outer loop
     vertex -1.928606e+01  8.669778e+00 -4.000000e+00
     vertex -1.963212e+01  8.404240e+00 -4.000000e+00
     vertex -1.933338e+01  8.630565e+00 -7.500000e+00
   endloop
 endfacet
 facet normal  7.301789e-01 -6.832557e-01 -6.116772e-04
   outer loop
     vertex -1.896447e+01  8.964466e+00 -4.000000e+00
     vertex -1.900379e+01  8.925573e+00 -7.500000e+00
     vertex -1.870156e+01  9.248556e+00 -7.500000e+00
   endloop
 endfacet
 facet normal  6.755901e-01 -7.372772e-01  6.019727e-04
   outer loop
     vertex -1.896447e+01  8.964466e+00 -4.000000e+00
     vertex -1.928606e+01  8.669778e+00 -4.000000e+00
     vertex -1.900379e+01  8.925573e+00 -7.500000e+00
   endloop
 endfacet
 facet normal  7.372772e-01 -6.755901e-01  5.437136e-04
   outer loop
     vertex -1.866978e+01  9.286062e+00 -4.000000e+00
     vertex -1.896447e+01  8.964466e+00 -4.000000e+00
     vertex -1.870156e+01  9.248556e+00 -7.500000e+00
   endloop
 endfacet
 facet normal  7.877079e-01 -6.160487e-01 -5.523396e-04
   outer loop
     vertex -1.866978e+01  9.286062e+00 -4.000000e+00
     vertex -1.870156e+01  9.248556e+00 -7.500000e+00
     vertex -1.842907e+01  9.596986e+00 -7.500000e+00
   endloop
 endfacet
 facet normal  7.933532e-01 -6.087614e-01  4.832976e-04
   outer loop
     vertex -1.840424e+01  9.632118e+00 -4.000000e+00
     vertex -1.866978e+01  9.286062e+00 -4.000000e+00
     vertex -1.842907e+01  9.596986e+00 -7.500000e+00
   endloop
 endfacet
 facet normal  8.390719e-01 -5.440203e-01 -4.908452e-04
   outer loop
     vertex -1.840424e+01  9.632118e+00 -4.000000e+00
     vertex -1.842907e+01  9.596986e+00 -7.500000e+00
     vertex -1.818843e+01  9.968135e+00 -7.500000e+00
   endloop
 endfacet
 facet normal  8.433914e-01 -5.372996e-01  4.207248e-04
   outer loop
     vertex -1.816987e+01  1.000000e+01 -4.000000e+00
     vertex -1.840424e+01  9.632118e+00 -4.000000e+00
     vertex -1.818843e+01  9.968135e+00 -7.500000e+00
   endloop
 endfacet
 facet normal  8.838691e-01 -4.677342e-01 -4.271939e-04
   outer loop
     vertex -1.816987e+01  1.000000e+01 -4.000000e+00
     vertex -1.818843e+01  9.968135e+00 -7.500000e+00
     vertex -1.798153e+01  1.035910e+01 -7.500000e+00
   endloop
 endfacet
 facet normal  8.870108e-01 -4.617486e-01  3.559952e-04
   outer loop
     vertex -1.796846e+01  1.038691e+01 -4.000000e+00
     vertex -1.816987e+01  1.000000e+01 -4.000000e+00
     vertex -1.798153e+01  1.035910e+01 -7.500000e+00
   endloop
 endfacet
 facet normal  9.217487e-01 -3.877875e-01 -3.613860e-04
   outer loop
     vertex -1.796846e+01  1.038691e+01 -4.000000e+00
     vertex -1.798153e+01  1.035910e+01 -7.500000e+00
     vertex -1.781000e+01  1.076682e+01 -7.500000e+00
   endloop
 endfacet
 facet normal  9.238795e-01 -3.826834e-01  2.891090e-04
   outer loop
     vertex -1.780154e+01  1.078990e+01 -4.000000e+00
     vertex -1.796846e+01  1.038691e+01 -4.000000e+00
     vertex -1.781000e+01  1.076682e+01 -7.500000e+00
   endloop
 endfacet
 facet normal  9.524145e-01 -3.048058e-01 -2.934216e-04
   outer loop
     vertex -1.780154e+01  1.078990e+01 -4.000000e+00
     vertex -1.781000e+01  1.076682e+01 -7.500000e+00
     vertex -1.767518e+01  1.118811e+01 -7.500000e+00
   endloop
 endfacet
 facet normal  9.537169e-01 -3.007058e-01  2.200663e-04
   outer loop
     vertex -1.767037e+01  1.120590e+01 -4.000000e+00
     vertex -1.780154e+01  1.078990e+01 -4.000000e+00
     vertex -1.767518e+01  1.118811e+01 -7.500000e+00
   endloop
 endfacet
 facet normal  9.756263e-01 -2.194385e-01 -2.233006e-04
   outer loop
     vertex -1.767037e+01  1.120590e+01 -4.000000e+00
     vertex -1.767518e+01  1.118811e+01 -7.500000e+00
     vertex -1.757811e+01  1.161966e+01 -7.500000e+00
   endloop
 endfacet
 facet normal  9.762960e-01 -2.164396e-01  1.488671e-04
   outer loop
     vertex -1.757596e+01  1.163176e+01 -4.000000e+00
     vertex -1.767037e+01  1.120590e+01 -4.000000e+00
     vertex -1.757811e+01  1.161966e+01 -7.500000e+00
   endloop
 endfacet
 facet normal  9.912025e-01 -1.323539e-01 -1.510233e-04
   outer loop
     vertex -1.757596e+01  1.163176e+01 -4.000000e+00
     vertex -1.757811e+01  1.161966e+01 -7.500000e+00
     vertex -1.751957e+01  1.205810e+01 -7.500000e+00
   endloop
 endfacet
 facet normal  9.914449e-01 -1.305262e-01  7.551167e-05
   outer loop
     vertex -1.751903e+01  1.206422e+01 -4.000000e+00
     vertex -1.757596e+01  1.163176e+01 -4.000000e+00
     vertex -1.751957e+01  1.205810e+01 -7.500000e+00
   endloop
 endfacet
 facet normal  9.990212e-01 -4.423335e-02 -7.658973e-05
   outer loop
     vertex -1.751903e+01  1.206422e+01 -4.000000e+00
     vertex -1.751957e+01  1.205810e+01 -7.500000e+00
     vertex -1.750000e+01  1.250000e+01 -7.500000e+00
   endloop
 endfacet
 facet normal  9.990482e-01 -4.361939e-02  0.000000e+00
   outer loop
     vertex -1.750000e+01  1.250000e+01 -4.000000e+00
     vertex -1.751903e+01  1.206422e+01 -4.000000e+00
     vertex -1.750000e+01  1.250000e+01 -7.500000e+00
   endloop
 endfacet
 facet normal  9.990482e-01  4.361939e-02 -2.272546e-17
   outer loop
     vertex  2.748097e+01  1.293578e+01 -4.000000e+00
     vertex  2.750000e+01  1.250000e+01 -4.000000e+00
     vertex  2.750000e+01  1.250000e+01 -7.500000e+00
   endloop
 endfacet
 facet normal  9.990212e-01  4.423335e-02 -7.658973e-05
   outer loop
     vertex  2.748097e+01  1.293578e+01 -4.000000e+00
     vertex  2.750000e+01  1.250000e+01 -7.500000e+00
     vertex  2.748043e+01  1.294190e+01 -7.500000e+00
   endloop
 endfacet
 facet normal  9.912025e-01  1.323539e-01 -1.510233e-04
   outer loop
     vertex  2.742404e+01  1.336824e+01 -4.000000e+00
     vertex  2.748043e+01  1.294190e+01 -7.500000e+00
     vertex  2.742189e+01  1.338034e+01 -7.500000e+00
   endloop
 endfacet
 facet normal  9.914449e-01  1.305262e-01  7.551167e-05
   outer loop
     vertex  2.742404e+01  1.336824e+01 -4.000000e+00
     vertex  2.748097e+01  1.293578e+01 -4.000000e+00
     vertex  2.748043e+01  1.294190e+01 -7.500000e+00
   endloop
 endfacet
 facet normal  9.756263e-01  2.194385e-01 -2.233006e-04
   outer loop
     vertex  2.732963e+01  1.379410e+01 -4.000000e+00
     vertex  2.742189e+01  1.338034e+01 -7.500000e+00
     vertex  2.732482e+01  1.381189e+01 -7.500000e+00
   endloop
 endfacet
 facet normal  9.762960e-01  2.164396e-01  1.488671e-04
   outer loop
     vertex  2.732963e+01  1.379410e+01 -4.000000e+00
     vertex  2.742404e+01  1.336824e+01 -4.000000e+00
     vertex  2.742189e+01  1.338034e+01 -7.500000e+00
   endloop
 endfacet
 facet normal  9.524145e-01  3.048058e-01 -2.934216e-04
   outer loop
     vertex  2.719846e+01  1.421010e+01 -4.000000e+00
     vertex  2.732482e+01  1.381189e+01 -7.500000e+00
     vertex  2.719000e+01  1.423318e+01 -7.500000e+00
   endloop
 endfacet
 facet normal  9.537169e-01  3.007058e-01  2.200663e-04
   outer loop
     vertex  2.719846e+01  1.421010e+01 -4.000000e+00
     vertex  2.732963e+01  1.379410e+01 -4.000000e+00
     vertex  2.732482e+01  1.381189e+01 -7.500000e+00
   endloop
 endfacet
 facet normal  9.217487e-01  3.877875e-01 -3.613860e-04
   outer loop
     vertex  2.703154e+01  1.461309e+01 -4.000000e+00
     vertex  2.719000e+01  1.423318e+01 -7.500000e+00
     vertex  2.701847e+01  1.464090e+01 -7.500000e+00
   endloop
 endfacet
 facet normal  9.238795e-01  3.826834e-01  2.891090e-04
   outer loop
     vertex  2.703154e+01  1.461309e+01 -4.000000e+00
     vertex  2.719846e+01  1.421010e+01 -4.000000e+00
     vertex  2.719000e+01  1.423318e+01 -7.500000e+00
   endloop
 endfacet
 facet normal  8.838691e-01  4.677342e-01 -4.271939e-04
   outer loop
     vertex  2.683013e+01  1.500000e+01 -4.000000e+00
     vertex  2.701847e+01  1.464090e+01 -7.500000e+00
     vertex  2.681157e+01  1.503186e+01 -7.500000e+00
   endloop
 endfacet
 facet normal  8.870108e-01  4.617486e-01  3.559952e-04
   outer loop
     vertex  2.683013e+01  1.500000e+01 -4.000000e+00
     vertex  2.703154e+01  1.461309e+01 -4.000000e+00
     vertex  2.701847e+01  1.464090e+01 -7.500000e+00
   endloop
 endfacet
 facet normal  8.390719e-01  5.440203e-01 -4.908452e-04
   outer loop
     vertex  2.659576e+01  1.536788e+01 -4.000000e+00
     vertex  2.681157e+01  1.503186e+01 -7.500000e+00
     vertex  2.657093e+01  1.540301e+01 -7.500000e+00
   endloop
 endfacet
 facet normal  8.433914e-01  5.372996e-01  4.207248e-04
   outer loop
     vertex  2.659576e+01  1.536788e+01 -4.000000e+00
     vertex  2.683013e+01  1.500000e+01 -4.000000e+00
     vertex  2.681157e+01  1.503186e+01 -7.500000e+00
   endloop
 endfacet
 facet normal  7.877079e-01  6.160487e-01 -5.523396e-04
   outer loop
     vertex  2.633022e+01  1.571394e+01 -4.000000e+00
     vertex  2.657093e+01  1.540301e+01 -7.500000e+00
     vertex  2.629844e+01  1.575144e+01 -7.500000e+00
   endloop
 endfacet
 facet normal  7.933532e-01  6.087614e-01  4.832976e-04
   outer loop
     vertex  2.633022e+01  1.571394e+01 -4.000000e+00
     vertex  2.659576e+01  1.536788e+01 -4.000000e+00
     vertex  2.657093e+01  1.540301e+01 -7.500000e+00
   endloop
 endfacet
 facet normal  7.301789e-01  6.832557e-01 -6.116772e-04
   outer loop
     vertex  2.603553e+01  1.603553e+01 -4.000000e+00
     vertex  2.629844e+01  1.575144e+01 -7.500000e+00
     vertex  2.599621e+01  1.607443e+01 -7.500000e+00
   endloop
 endfacet
 facet normal  7.372772e-01  6.755901e-01  5.437136e-04
   outer loop
     vertex  2.603553e+01  1.603553e+01 -4.000000e+00
     vertex  2.633022e+01  1.571394e+01 -4.000000e+00
     vertex  2.629844e+01  1.575144e+01 -7.500000e+00
   endloop
 endfacet
 facet normal  6.669354e-01  7.451153e-01 -6.688578e-04
   outer loop
     vertex  2.571394e+01  1.633022e+01 -4.000000e+00
     vertex  2.599621e+01  1.607443e+01 -7.500000e+00
     vertex  2.566662e+01  1.636943e+01 -7.500000e+00
   endloop
 endfacet
 facet normal  6.755901e-01  7.372772e-01  6.019727e-04
   outer loop
     vertex  2.571394e+01  1.633022e+01 -4.000000e+00
     vertex  2.603553e+01  1.603553e+01 -4.000000e+00
     vertex  2.599621e+01  1.607443e+01 -7.500000e+00
   endloop
 endfacet
 facet normal  5.984722e-01  8.011433e-01 -7.238813e-04
   outer loop
     vertex  2.536788e+01  1.659576e+01 -4.000000e+00
     vertex  2.566662e+01  1.636943e+01 -7.500000e+00
     vertex  2.531225e+01  1.663416e+01 -7.500000e+00
   endloop
 endfacet
 facet normal  6.087613e-01  7.933532e-01  6.580748e-04
   outer loop
     vertex  2.536788e+01  1.659576e+01 -4.000000e+00
     vertex  2.571394e+01  1.633022e+01 -4.000000e+00
     vertex  2.566662e+01  1.636943e+01 -7.500000e+00
   endloop
 endfacet
 facet normal  5.253251e-01  8.509013e-01 -7.767478e-04
   outer loop
     vertex  2.500000e+01  1.683013e+01 -4.000000e+00
     vertex  2.531225e+01  1.663416e+01 -7.500000e+00
     vertex  2.493586e+01  1.686653e+01 -7.500000e+00
   endloop
 endfacet
 facet normal  5.372995e-01  8.433912e-01  7.120199e-04
   outer loop
     vertex  2.500000e+01  1.683013e+01 -4.000000e+00
     vertex  2.536788e+01  1.659576e+01 -4.000000e+00
     vertex  2.531225e+01  1.663416e+01 -7.500000e+00
   endloop
 endfacet
 facet normal  4.480666e-01  8.939998e-01 -8.274570e-04
   outer loop
     vertex  2.461309e+01  1.703154e+01 -4.000000e+00
     vertex  2.493586e+01  1.686653e+01 -7.500000e+00
     vertex  2.454042e+01  1.706472e+01 -7.500000e+00
   endloop
 endfacet
 facet normal  4.617485e-01  8.870106e-01  7.638077e-04
   outer loop
     vertex  2.461309e+01  1.703154e+01 -4.000000e+00
     vertex  2.500000e+01  1.683013e+01 -4.000000e+00
     vertex  2.493586e+01  1.686653e+01 -7.500000e+00
   endloop
 endfacet
 facet normal  3.826833e-01  9.238792e-01  8.134383e-04
   outer loop
     vertex  2.421010e+01  1.719846e+01 -4.000000e+00
     vertex  2.461309e+01  1.703154e+01 -4.000000e+00
     vertex  2.454042e+01  1.706472e+01 -7.500000e+00
   endloop
 endfacet
 facet normal  3.673015e-01  9.301015e-01 -8.760090e-04
   outer loop
     vertex  2.421010e+01  1.719846e+01 -4.000000e+00
     vertex  2.454042e+01  1.706472e+01 -7.500000e+00
     vertex  2.412900e+01  1.722719e+01 -7.500000e+00
   endloop
 endfacet
 facet normal  3.007057e-01  9.537166e-01  8.609116e-04
   outer loop
     vertex  2.379410e+01  1.732963e+01 -4.000000e+00
     vertex  2.421010e+01  1.719846e+01 -4.000000e+00
     vertex  2.412900e+01  1.722719e+01 -7.500000e+00
   endloop
 endfacet
 facet normal  2.836617e-01  9.589240e-01 -9.224036e-04
   outer loop
     vertex  2.379410e+01  1.732963e+01 -4.000000e+00
     vertex  2.412900e+01  1.722719e+01 -7.500000e+00
     vertex  2.370484e+01  1.735267e+01 -7.500000e+00
   endloop
 endfacet
 facet normal  2.164395e-01  9.762956e-01  9.062275e-04
   outer loop
     vertex  2.336824e+01  1.742404e+01 -4.000000e+00
     vertex  2.379410e+01  1.732963e+01 -4.000000e+00
     vertex  2.370484e+01  1.735267e+01 -7.500000e+00
   endloop
 endfacet
 facet normal  1.978018e-01  9.802416e-01 -9.666407e-04
   outer loop
     vertex  2.336824e+01  1.742404e+01 -4.000000e+00
     vertex  2.370484e+01  1.735267e+01 -7.500000e+00
     vertex  2.327124e+01  1.744016e+01 -7.500000e+00
   endloop
 endfacet
 facet normal  1.305261e-01  9.914444e-01  9.493859e-04
   outer loop
     vertex  2.293578e+01  1.748097e+01 -4.000000e+00
     vertex  2.336824e+01  1.742404e+01 -4.000000e+00
     vertex  2.327124e+01  1.744016e+01 -7.500000e+00
   endloop
 endfacet
 facet normal  1.103939e-01  9.938874e-01 -1.008720e-03
   outer loop
     vertex  2.293578e+01  1.748097e+01 -4.000000e+00
     vertex  2.327124e+01  1.744016e+01 -7.500000e+00
     vertex  2.283161e+01  1.748899e+01 -7.500000e+00
   endloop
 endfacet
 facet normal  4.361937e-02  9.990477e-01  9.903868e-04
   outer loop
     vertex  2.250000e+01  1.750000e+01 -4.000000e+00
     vertex  2.293578e+01  1.748097e+01 -4.000000e+00
     vertex  2.283161e+01  1.748899e+01 -7.500000e+00
   endloop
 endfacet
 facet normal  2.212207e-02  9.997547e-01 -1.048643e-03
   outer loop
     vertex  2.250000e+01  1.750000e+01 -4.000000e+00
     vertex  2.283161e+01  1.748899e+01 -7.500000e+00
     vertex  2.238939e+01  1.749878e+01 -7.500000e+00
   endloop
 endfacet
 facet normal -4.444183e-02  9.990114e-01  1.055235e-03
   outer loop
     vertex  2.205602e+01  1.748025e+01 -4.000000e+00
     vertex  2.250000e+01  1.750000e+01 -4.000000e+00
     vertex  2.238939e+01  1.749878e+01 -7.500000e+00
   endloop
 endfacet
 facet normal -6.632292e-02  9.977977e-01 -1.035326e-03
   outer loop
     vertex  2.205602e+01  1.748025e+01 -4.000000e+00
     vertex  2.238939e+01  1.749878e+01 -7.500000e+00
     vertex  2.194803e+01  1.746944e+01 -7.500000e+00
   endloop
 endfacet
 facet normal -1.329744e-01  9.911189e-01  1.041794e-03
   outer loop
     vertex  2.161555e+01  1.742115e+01 -4.000000e+00
     vertex  2.205602e+01  1.748025e+01 -4.000000e+00
     vertex  2.194803e+01  1.746944e+01 -7.500000e+00
   endloop
 endfacet
 facet normal -1.542489e-01  9.880315e-01 -1.021761e-03
   outer loop
     vertex  2.161555e+01  1.742115e+01 -4.000000e+00
     vertex  2.194803e+01  1.746944e+01 -7.500000e+00
     vertex  2.151099e+01  1.740121e+01 -7.500000e+00
   endloop
 endfacet
 facet normal -2.204564e-01  9.753963e-01  1.028105e-03
   outer loop
     vertex  2.118206e+01  1.732318e+01 -4.000000e+00
     vertex  2.161555e+01  1.742115e+01 -4.000000e+00
     vertex  2.151099e+01  1.740121e+01 -7.500000e+00
   endloop
 endfacet
 facet normal -2.409676e-01  9.705326e-01 -1.007946e-03
   outer loop
     vertex  2.118206e+01  1.732318e+01 -4.000000e+00
     vertex  2.151099e+01  1.740121e+01 -7.500000e+00
     vertex  2.108169e+01  1.729462e+01 -7.500000e+00
   endloop
 endfacet
 facet normal -3.061968e-01  9.519677e-01  1.014166e-03
   outer loop
     vertex  2.075899e+01  1.718710e+01 -4.000000e+00
     vertex  2.118206e+01  1.732318e+01 -4.000000e+00
     vertex  2.108169e+01  1.729462e+01 -7.500000e+00
   endloop
 endfacet
 facet normal -3.258004e-01  9.454380e-01 -9.938833e-04
   outer loop
     vertex  2.075899e+01  1.718710e+01 -4.000000e+00
     vertex  2.108169e+01  1.729462e+01 -7.500000e+00
     vertex  2.066349e+01  1.715051e+01 -7.500000e+00
   endloop
 endfacet
 facet normal -3.895181e-01  9.210183e-01  9.999784e-04
   outer loop
     vertex  2.034967e+01  1.701399e+01 -4.000000e+00
     vertex  2.075899e+01  1.718710e+01 -4.000000e+00
     vertex  2.066349e+01  1.715051e+01 -7.500000e+00
   endloop
 endfacet
 facet normal -4.080834e-01  9.129441e-01 -9.795714e-04
   outer loop
     vertex  2.034967e+01  1.701399e+01 -4.000000e+00
     vertex  2.066349e+01  1.715051e+01 -7.500000e+00
     vertex  2.025967e+01  1.697000e+01 -7.500000e+00
   endloop
 endfacet
 facet normal -4.871726e-01  8.733052e-01 -9.650106e-04
   outer loop
     vertex  1.995734e+01  1.680522e+01 -4.000000e+00
     vertex  2.025967e+01  1.697000e+01 -7.500000e+00
     vertex  1.987337e+01  1.675451e+01 -7.500000e+00
   endloop
 endfacet
 facet normal -4.697621e-01  8.827925e-01  9.855420e-04
   outer loop
     vertex  1.995734e+01  1.680522e+01 -4.000000e+00
     vertex  2.034967e+01  1.701399e+01 -4.000000e+00
     vertex  2.025967e+01  1.697000e+01 -7.500000e+00
   endloop
 endfacet
 facet normal -5.624490e-01  8.268314e-01 -9.502009e-04
   outer loop
     vertex  1.958510e+01  1.656243e+01 -4.000000e+00
     vertex  1.987337e+01  1.675451e+01 -7.500000e+00
     vertex  1.950764e+01  1.650572e+01 -7.500000e+00
   endloop
 endfacet
 facet normal -5.462948e-01  8.375924e-01  9.708568e-04
   outer loop
     vertex  1.958510e+01  1.656243e+01 -4.000000e+00
     vertex  1.995734e+01  1.680522e+01 -4.000000e+00
     vertex  1.987337e+01  1.675451e+01 -7.500000e+00
   endloop
 endfacet
 facet normal -6.333235e-01  7.738866e-01 -9.351424e-04
   outer loop
     vertex  1.923589e+01  1.628756e+01 -4.000000e+00
     vertex  1.950764e+01  1.650572e+01 -7.500000e+00
     vertex  1.916532e+01  1.622558e+01 -7.500000e+00
   endloop
 endfacet
 facet normal -6.185116e-01  7.857751e-01  9.559227e-04
   outer loop
     vertex  1.923589e+01  1.628756e+01 -4.000000e+00
     vertex  1.958510e+01  1.656243e+01 -4.000000e+00
     vertex  1.950764e+01  1.650572e+01 -7.500000e+00
   endloop
 endfacet
 facet normal -6.992414e-01  7.148850e-01 -9.198350e-04
   outer loop
     vertex  1.891246e+01  1.598276e+01 -4.000000e+00
     vertex  1.916532e+01  1.622558e+01 -7.500000e+00
     vertex  1.884910e+01  1.591628e+01 -7.500000e+00
   endloop
 endfacet
 facet normal -6.858420e-01  7.277499e-01  9.407398e-04
   outer loop
     vertex  1.891246e+01  1.598276e+01 -4.000000e+00
     vertex  1.923589e+01  1.628756e+01 -4.000000e+00
     vertex  1.916532e+01  1.622558e+01 -7.500000e+00
   endloop
 endfacet
 facet normal -7.596868e-01  6.502885e-01 -9.042789e-04
   outer loop
     vertex  1.861738e+01  1.565044e+01 -4.000000e+00
     vertex  1.884910e+01  1.591628e+01 -7.500000e+00
     vertex  1.856146e+01  1.558024e+01 -7.500000e+00
   endloop
 endfacet
 facet normal -7.477540e-01  6.639752e-01  9.253080e-04
   outer loop
     vertex  1.861738e+01  1.565044e+01 -4.000000e+00
     vertex  1.891246e+01  1.598276e+01 -4.000000e+00
     vertex  1.884910e+01  1.591628e+01 -7.500000e+00
   endloop
 endfacet
 facet normal -8.141866e-01  5.806027e-01 -8.884738e-04
   outer loop
     vertex  1.835297e+01  1.529323e+01 -4.000000e+00
     vertex  1.856146e+01  1.558024e+01 -7.500000e+00
     vertex  1.830464e+01  1.522010e+01 -7.500000e+00
   endloop
 endfacet
 facet normal -8.037586e-01  5.949549e-01  9.096274e-04
   outer loop
     vertex  1.835297e+01  1.529323e+01 -4.000000e+00
     vertex  1.861738e+01  1.565044e+01 -4.000000e+00
     vertex  1.856146e+01  1.558024e+01 -7.500000e+00
   endloop
 endfacet
 facet normal -8.623142e-01  5.063728e-01 -8.724199e-04
   outer loop
     vertex  1.812133e+01  1.491396e+01 -4.000000e+00
     vertex  1.830464e+01  1.522010e+01 -7.500000e+00
     vertex  1.808065e+01  1.483867e+01 -7.500000e+00
   endloop
 endfacet
 facet normal -8.534132e-01  5.212343e-01  8.936979e-04
   outer loop
     vertex  1.812133e+01  1.491396e+01 -4.000000e+00
     vertex  1.835297e+01  1.529323e+01 -4.000000e+00
     vertex  1.830464e+01  1.522010e+01 -7.500000e+00
   endloop
 endfacet
 facet normal -9.036931e-01  4.281798e-01 -8.561172e-04
   outer loop
     vertex  1.792427e+01  1.451562e+01 -4.000000e+00
     vertex  1.808065e+01  1.483867e+01 -7.500000e+00
     vertex  1.789126e+01  1.443894e+01 -7.500000e+00
   endloop
 endfacet
 facet normal -8.963255e-01  4.433957e-01  8.775196e-04
   outer loop
     vertex  1.792427e+01  1.451562e+01 -4.000000e+00
     vertex  1.812133e+01  1.491396e+01 -4.000000e+00
     vertex  1.808065e+01  1.483867e+01 -7.500000e+00
   endloop
 endfacet
 facet normal -9.379994e-01  3.466358e-01 -8.395657e-04
   outer loop
     vertex  1.776337e+01  1.410135e+01 -4.000000e+00
     vertex  1.789126e+01  1.443894e+01 -7.500000e+00
     vertex  1.773793e+01  1.402403e+01 -7.500000e+00
   endloop
 endfacet
 facet normal -9.321566e-01  3.620542e-01  8.610925e-04
   outer loop
     vertex  1.776337e+01  1.410135e+01 -4.000000e+00
     vertex  1.792427e+01  1.451562e+01 -4.000000e+00
     vertex  1.789126e+01  1.443894e+01 -7.500000e+00
   endloop
 endfacet
 facet normal -9.649646e-01  2.623789e-01 -8.227653e-04
   outer loop
     vertex  1.763989e+01  1.367443e+01 -4.000000e+00
     vertex  1.773793e+01  1.402403e+01 -7.500000e+00
     vertex  1.762187e+01  1.359719e+01 -7.500000e+00
   endloop
 endfacet
 facet normal -9.606234e-01  2.778524e-01  8.444165e-04
   outer loop
     vertex  1.763989e+01  1.367443e+01 -4.000000e+00
     vertex  1.776337e+01  1.410135e+01 -4.000000e+00
     vertex  1.773793e+01  1.402403e+01 -7.500000e+00
   endloop
 endfacet
 facet normal -9.843776e-01  1.760685e-01 -8.057161e-04
   outer loop
     vertex  1.755480e+01  1.323823e+01 -4.000000e+00
     vertex  1.762187e+01  1.359719e+01 -7.500000e+00
     vertex  1.754399e+01  1.316177e+01 -7.500000e+00
   endloop
 endfacet
 facet normal -9.815010e-01  1.914554e-01  8.274917e-04
   outer loop
     vertex  1.755480e+01  1.323823e+01 -4.000000e+00
     vertex  1.763989e+01  1.367443e+01 -4.000000e+00
     vertex  1.762187e+01  1.359719e+01 -7.500000e+00
   endloop
 endfacet
 facet normal -9.960865e-01  8.838008e-02 -7.884180e-04
   outer loop
     vertex  1.750878e+01  1.279620e+01 -4.000000e+00
     vertex  1.754399e+01  1.316177e+01 -7.500000e+00
     vertex  1.750489e+01  1.272117e+01 -7.500000e+00
   endloop
 endfacet
 facet normal -9.946243e-01  1.035459e-01  8.103181e-04
   outer loop
     vertex  1.750878e+01  1.279620e+01 -4.000000e+00
     vertex  1.755480e+01  1.323823e+01 -4.000000e+00
     vertex  1.754399e+01  1.316177e+01 -7.500000e+00
   endloop
 endfacet
 facet normal -9.999997e-01  0.000000e+00 -7.708712e-04
   outer loop
     vertex  1.750220e+01  1.235183e+01 -4.000000e+00
     vertex  1.750489e+01  1.272117e+01 -7.500000e+00
     vertex  1.750489e+01  1.227883e+01 -7.500000e+00
   endloop
 endfacet
 facet normal -9.998899e-01  1.481829e-02  7.928957e-04
   outer loop
     vertex  1.750220e+01  1.235183e+01 -4.000000e+00
     vertex  1.750878e+01  1.279620e+01 -4.000000e+00
     vertex  1.750489e+01  1.272117e+01 -7.500000e+00
   endloop
 endfacet
 facet normal -9.960865e-01 -8.838008e-02 -7.530755e-04
   outer loop
     vertex  1.753509e+01  1.190863e+01 -4.000000e+00
     vertex  1.750489e+01  1.227883e+01 -7.500000e+00
     vertex  1.754399e+01  1.183823e+01 -7.500000e+00
   endloop
 endfacet
 facet normal -9.972560e-01 -7.402637e-02  7.752244e-04
   outer loop
     vertex  1.753509e+01  1.190863e+01 -4.000000e+00
     vertex  1.750220e+01  1.235183e+01 -4.000000e+00
     vertex  1.750489e+01  1.227883e+01 -7.500000e+00
   endloop
 endfacet
 facet normal -9.843776e-01 -1.760685e-01 -7.350310e-04
   outer loop
     vertex  1.760722e+01  1.147011e+01 -4.000000e+00
     vertex  1.754399e+01  1.183823e+01 -7.500000e+00
     vertex  1.762187e+01  1.140281e+01 -7.500000e+00
   endloop
 endfacet
 facet normal -9.867434e-01 -1.622862e-01  7.573043e-04
   outer loop
     vertex  1.760722e+01  1.147011e+01 -4.000000e+00
     vertex  1.753509e+01  1.190863e+01 -4.000000e+00
     vertex  1.754399e+01  1.183823e+01 -7.500000e+00
   endloop
 endfacet
 facet normal -9.684353e-01 -2.492639e-01  7.391354e-04
   outer loop
     vertex  1.771800e+01  1.103972e+01 -4.000000e+00
     vertex  1.760722e+01  1.147011e+01 -4.000000e+00
     vertex  1.762187e+01  1.140281e+01 -7.500000e+00
   endloop
 endfacet
 facet normal -9.649647e-01 -2.623789e-01 -7.167377e-04
   outer loop
     vertex  1.771800e+01  1.103972e+01 -4.000000e+00
     vertex  1.762187e+01  1.140281e+01 -7.500000e+00
     vertex  1.773793e+01  1.097597e+01 -7.500000e+00
   endloop
 endfacet
 facet normal -9.424762e-01 -3.342724e-01  7.207177e-04
   outer loop
     vertex  1.786655e+01  1.062086e+01 -4.000000e+00
     vertex  1.771800e+01  1.103972e+01 -4.000000e+00
     vertex  1.773793e+01  1.097597e+01 -7.500000e+00
   endloop
 endfacet
 facet normal -9.379995e-01 -3.466358e-01 -6.981956e-04
   outer loop
     vertex  1.786655e+01  1.062086e+01 -4.000000e+00
     vertex  1.773793e+01  1.097597e+01 -7.500000e+00
     vertex  1.789126e+01  1.056106e+01 -7.500000e+00
   endloop
 endfacet
 facet normal -9.090713e-01 -4.166400e-01  7.020512e-04
   outer loop
     vertex  1.805171e+01  1.021685e+01 -4.000000e+00
     vertex  1.786655e+01  1.062086e+01 -4.000000e+00
     vertex  1.789126e+01  1.056106e+01 -7.500000e+00
   endloop
 endfacet
 facet normal -9.036933e-01 -4.281799e-01 -6.794047e-04
   outer loop
     vertex  1.805171e+01  1.021685e+01 -4.000000e+00
     vertex  1.789126e+01  1.056106e+01 -7.500000e+00
     vertex  1.808065e+01  1.016133e+01 -7.500000e+00
   endloop
 endfacet
 facet normal -8.684844e-01 -4.957160e-01  6.831359e-04
   outer loop
     vertex  1.827202e+01  9.830883e+00 -4.000000e+00
     vertex  1.805171e+01  1.021685e+01 -4.000000e+00
     vertex  1.808065e+01  1.016133e+01 -7.500000e+00
   endloop
 endfacet
 facet normal -8.623144e-01 -5.063729e-01 -6.603650e-04
   outer loop
     vertex  1.827202e+01  9.830883e+00 -4.000000e+00
     vertex  1.808065e+01  1.016133e+01 -7.500000e+00
     vertex  1.830464e+01  9.779898e+00 -7.500000e+00
   endloop
 endfacet
 facet normal -8.210362e-01 -5.708757e-01  6.639717e-04
   outer loop
     vertex  1.852573e+01  9.465999e+00 -4.000000e+00
     vertex  1.827202e+01  9.830883e+00 -4.000000e+00
     vertex  1.830464e+01  9.779898e+00 -7.500000e+00
   endloop
 endfacet
 facet normal -8.141867e-01 -5.806028e-01 -6.410764e-04
   outer loop
     vertex  1.852573e+01  9.465999e+00 -4.000000e+00
     vertex  1.830464e+01  9.779898e+00 -7.500000e+00
     vertex  1.856146e+01  9.419756e+00 -7.500000e+00
   endloop
 endfacet
 facet normal -7.671016e-01 -6.415253e-01  6.445588e-04
   outer loop
     vertex  1.881083e+01  9.125085e+00 -4.000000e+00
     vertex  1.852573e+01  9.465999e+00 -4.000000e+00
     vertex  1.856146e+01  9.419756e+00 -7.500000e+00
   endloop
 endfacet
 facet normal -7.596869e-01 -6.502887e-01 -6.215391e-04
   outer loop
     vertex  1.881083e+01  9.125085e+00 -4.000000e+00
     vertex  1.856146e+01  9.419756e+00 -7.500000e+00
     vertex  1.884910e+01  9.083721e+00 -7.500000e+00
   endloop
 endfacet
 facet normal -7.071066e-01 -7.071066e-01  6.248971e-04
   outer loop
     vertex  1.912508e+01  8.810834e+00 -4.000000e+00
     vertex  1.881083e+01  9.125085e+00 -4.000000e+00
     vertex  1.884910e+01  9.083721e+00 -7.500000e+00
   endloop
 endfacet
 facet normal -6.992416e-01 -7.148852e-01 -6.017530e-04
   outer loop
     vertex  1.912508e+01  8.810834e+00 -4.000000e+00
     vertex  1.884910e+01  9.083721e+00 -7.500000e+00
     vertex  1.916532e+01  8.774423e+00 -7.500000e+00
   endloop
 endfacet
 facet normal -6.415253e-01 -7.671016e-01  6.049866e-04
   outer loop
     vertex  1.946600e+01  8.525728e+00 -4.000000e+00
     vertex  1.912508e+01  8.810834e+00 -4.000000e+00
     vertex  1.916532e+01  8.774423e+00 -7.500000e+00
   endloop
 endfacet
 facet normal -6.333237e-01 -7.738868e-01 -5.817181e-04
   outer loop
     vertex  1.946600e+01  8.525728e+00 -4.000000e+00
     vertex  1.916532e+01  8.774423e+00 -7.500000e+00
     vertex  1.950764e+01  8.494283e+00 -7.500000e+00
   endloop
 endfacet
 facet normal -5.708757e-01 -8.210363e-01  5.848273e-04
   outer loop
     vertex  1.983088e+01  8.272020e+00 -4.000000e+00
     vertex  1.946600e+01  8.525728e+00 -4.000000e+00
     vertex  1.950764e+01  8.494283e+00 -7.500000e+00
   endloop
 endfacet
 facet normal -5.624492e-01 -8.268317e-01 -5.614344e-04
   outer loop
     vertex  1.983088e+01  8.272020e+00 -4.000000e+00
     vertex  1.950764e+01  8.494283e+00 -7.500000e+00
     vertex  1.987337e+01  8.245492e+00 -7.500000e+00
   endloop
 endfacet
 facet normal -4.957160e-01 -8.684845e-01  5.644192e-04
   outer loop
     vertex  2.021685e+01  8.051715e+00 -4.000000e+00
     vertex  1.983088e+01  8.272020e+00 -4.000000e+00
     vertex  1.987337e+01  8.245492e+00 -7.500000e+00
   endloop
 endfacet
 facet normal -4.871728e-01 -8.733054e-01 -5.409020e-04
   outer loop
     vertex  2.021685e+01  8.051715e+00 -4.000000e+00
     vertex  1.987337e+01  8.245492e+00 -7.500000e+00
     vertex  2.025967e+01  8.030000e+00 -7.500000e+00
   endloop
 endfacet
 facet normal -4.166400e-01 -9.090714e-01  5.437624e-04
   outer loop
     vertex  2.062086e+01  7.866552e+00 -4.000000e+00
     vertex  2.021685e+01  8.051715e+00 -4.000000e+00
     vertex  2.025967e+01  8.030000e+00 -7.500000e+00
   endloop
 endfacet
 facet normal -4.080836e-01 -9.129444e-01 -5.201207e-04
   outer loop
     vertex  2.062086e+01  7.866552e+00 -4.000000e+00
     vertex  2.025967e+01  8.030000e+00 -7.500000e+00
     vertex  2.066349e+01  7.849491e+00 -7.500000e+00
   endloop
 endfacet
 facet normal -3.342724e-01 -9.424764e-01  5.228567e-04
   outer loop
     vertex  2.103972e+01  7.717995e+00 -4.000000e+00
     vertex  2.062086e+01  7.866552e+00 -4.000000e+00
     vertex  2.066349e+01  7.849491e+00 -7.500000e+00
   endloop
 endfacet
 facet normal -3.258005e-01 -9.454384e-01 -4.990907e-04
   outer loop
     vertex  2.103972e+01  7.717995e+00 -4.000000e+00
     vertex  2.066349e+01  7.849491e+00 -7.500000e+00
     vertex  2.108169e+01  7.705378e+00 -7.500000e+00
   endloop
 endfacet
 facet normal -2.492639e-01 -9.684355e-01  5.017023e-04
   outer loop
     vertex  2.147011e+01  7.607218e+00 -4.000000e+00
     vertex  2.103972e+01  7.717995e+00 -4.000000e+00
     vertex  2.108169e+01  7.705378e+00 -7.500000e+00
   endloop
 endfacet
 facet normal -2.409677e-01 -9.705330e-01 -4.778119e-04
   outer loop
     vertex  2.147011e+01  7.607218e+00 -4.000000e+00
     vertex  2.108169e+01  7.705378e+00 -7.500000e+00
     vertex  2.151099e+01  7.598790e+00 -7.500000e+00
   endloop
 endfacet
 facet normal -1.622862e-01 -9.867436e-01  4.802991e-04
   outer loop
     vertex  2.190863e+01  7.535095e+00 -4.000000e+00
     vertex  2.147011e+01  7.607218e+00 -4.000000e+00
     vertex  2.151099e+01  7.598790e+00 -7.500000e+00
   endloop
 endfacet
 facet normal -1.542489e-01 -9.880319e-01 -4.562843e-04
   outer loop
     vertex  2.190863e+01  7.535095e+00 -4.000000e+00
     vertex  2.151099e+01  7.598790e+00 -7.500000e+00
     vertex  2.194803e+01  7.530560e+00 -7.500000e+00
   endloop
 endfacet
 facet normal -7.402638e-02 -9.972562e-01  4.586472e-04
   outer loop
     vertex  2.235183e+01  7.502196e+00 -4.000000e+00
     vertex  2.190863e+01  7.535095e+00 -4.000000e+00
     vertex  2.194803e+01  7.530560e+00 -7.500000e+00
   endloop
 endfacet
 facet normal -6.632295e-02 -9.977981e-01 -4.345080e-04
   outer loop
     vertex  2.235183e+01  7.502196e+00 -4.000000e+00
     vertex  2.194803e+01  7.530560e+00 -7.500000e+00
     vertex  2.238939e+01  7.501224e+00 -7.500000e+00
   endloop
 endfacet
 facet normal  1.481829e-02 -9.998901e-01  4.367465e-04
   outer loop
     vertex  2.279620e+01  7.508781e+00 -4.000000e+00
     vertex  2.235183e+01  7.502196e+00 -4.000000e+00
     vertex  2.238939e+01  7.501224e+00 -7.500000e+00
   endloop
 endfacet
 facet normal  2.212209e-02 -9.997552e-01 -4.124829e-04
   outer loop
     vertex  2.279620e+01  7.508781e+00 -4.000000e+00
     vertex  2.238939e+01  7.501224e+00 -7.500000e+00
     vertex  2.283161e+01  7.511009e+00 -7.500000e+00
   endloop
 endfacet
 facet normal  1.035459e-01 -9.946246e-01  4.145970e-04
   outer loop
     vertex  2.323823e+01  7.554799e+00 -4.000000e+00
     vertex  2.279620e+01  7.508781e+00 -4.000000e+00
     vertex  2.283161e+01  7.511009e+00 -7.500000e+00
   endloop
 endfacet
 facet normal  1.103940e-01 -9.938878e-01 -3.902091e-04
   outer loop
     vertex  2.323823e+01  7.554799e+00 -4.000000e+00
     vertex  2.283161e+01  7.511009e+00 -7.500000e+00
     vertex  2.327124e+01  7.559840e+00 -7.500000e+00
   endloop
 endfacet
 facet normal  1.914555e-01 -9.815012e-01  3.921988e-04
   outer loop
     vertex  2.367443e+01  7.639885e+00 -4.000000e+00
     vertex  2.323823e+01  7.554799e+00 -4.000000e+00
     vertex  2.327124e+01  7.559840e+00 -7.500000e+00
   endloop
 endfacet
 facet normal  1.978019e-01 -9.802419e-01 -3.676865e-04
   outer loop
     vertex  2.367443e+01  7.639885e+00 -4.000000e+00
     vertex  2.327124e+01  7.559840e+00 -7.500000e+00
     vertex  2.370484e+01  7.647334e+00 -7.500000e+00
   endloop
 endfacet
 facet normal  2.778525e-01 -9.606237e-01  3.695518e-04
   outer loop
     vertex  2.410135e+01  7.763368e+00 -4.000000e+00
     vertex  2.367443e+01  7.639885e+00 -4.000000e+00
     vertex  2.370484e+01  7.647334e+00 -7.500000e+00
   endloop
 endfacet
 facet normal  2.836618e-01 -9.589243e-01 -3.449151e-04
   outer loop
     vertex  2.410135e+01  7.763368e+00 -4.000000e+00
     vertex  2.370484e+01  7.647334e+00 -7.500000e+00
     vertex  2.412900e+01  7.772807e+00 -7.500000e+00
   endloop
 endfacet
 facet normal  3.673016e-01 -9.301018e-01 -3.218950e-04
   outer loop
     vertex  2.451562e+01  7.924272e+00 -4.000000e+00
     vertex  2.412900e+01  7.772807e+00 -7.500000e+00
     vertex  2.454042e+01  7.935277e+00 -7.500000e+00
   endloop
 endfacet
 facet normal  3.620543e-01 -9.321569e-01  3.466561e-04
   outer loop
     vertex  2.451562e+01  7.924272e+00 -4.000000e+00
     vertex  2.410135e+01  7.763368e+00 -4.000000e+00
     vertex  2.412900e+01  7.772807e+00 -7.500000e+00
   endloop
 endfacet
 facet normal  4.480668e-01 -8.940000e-01 -2.986262e-04
   outer loop
     vertex  2.491396e+01  8.121325e+00 -4.000000e+00
     vertex  2.454042e+01  7.935277e+00 -7.500000e+00
     vertex  2.493586e+01  8.133472e+00 -7.500000e+00
   endloop
 endfacet
 facet normal  4.433959e-01 -8.963258e-01  3.235117e-04
   outer loop
     vertex  2.491396e+01  8.121325e+00 -4.000000e+00
     vertex  2.451562e+01  7.924272e+00 -4.000000e+00
     vertex  2.454042e+01  7.935277e+00 -7.500000e+00
   endloop
 endfacet
 facet normal  5.253252e-01 -8.509015e-01 -2.751086e-04
   outer loop
     vertex  2.529323e+01  8.352972e+00 -4.000000e+00
     vertex  2.493586e+01  8.133472e+00 -7.500000e+00
     vertex  2.531225e+01  8.365841e+00 -7.500000e+00
   endloop
 endfacet
 facet normal  5.212345e-01 -8.534135e-01  3.001185e-04
   outer loop
     vertex  2.529323e+01  8.352972e+00 -4.000000e+00
     vertex  2.491396e+01  8.121325e+00 -4.000000e+00
     vertex  2.493586e+01  8.133472e+00 -7.500000e+00
   endloop
 endfacet
 facet normal  5.984723e-01 -8.011435e-01 -2.513423e-04
   outer loop
     vertex  2.565044e+01  8.617381e+00 -4.000000e+00
     vertex  2.531225e+01  8.365841e+00 -7.500000e+00
     vertex  2.566662e+01  8.630565e+00 -7.500000e+00
   endloop
 endfacet
 facet normal  5.949551e-01 -8.037589e-01  2.764765e-04
   outer loop
     vertex  2.565044e+01  8.617381e+00 -4.000000e+00
     vertex  2.529323e+01  8.352972e+00 -4.000000e+00
     vertex  2.531225e+01  8.365841e+00 -7.500000e+00
   endloop
 endfacet
 facet normal  6.669355e-01 -7.451154e-01 -2.273273e-04
   outer loop
     vertex  2.598276e+01  8.912464e+00 -4.000000e+00
     vertex  2.566662e+01  8.630565e+00 -7.500000e+00
     vertex  2.599621e+01  8.925573e+00 -7.500000e+00
   endloop
 endfacet
 facet normal  6.639754e-01 -7.477543e-01  2.525859e-04
   outer loop
     vertex  2.598276e+01  8.912464e+00 -4.000000e+00
     vertex  2.565044e+01  8.617381e+00 -4.000000e+00
     vertex  2.566662e+01  8.630565e+00 -7.500000e+00
   endloop
 endfacet
 facet normal  7.301791e-01 -6.832558e-01 -2.030636e-04
   outer loop
     vertex  2.628756e+01  9.235889e+00 -4.000000e+00
     vertex  2.599621e+01  8.925573e+00 -7.500000e+00
     vertex  2.629844e+01  9.248556e+00 -7.500000e+00
   endloop
 endfacet
 facet normal  7.277502e-01 -6.858423e-01  2.284465e-04
   outer loop
     vertex  2.628756e+01  9.235889e+00 -4.000000e+00
     vertex  2.598276e+01  8.912464e+00 -4.000000e+00
     vertex  2.599621e+01  8.925573e+00 -7.500000e+00
   endloop
 endfacet
 facet normal  7.857754e-01 -6.185119e-01  2.040584e-04
   outer loop
     vertex  2.656243e+01  9.585103e+00 -4.000000e+00
     vertex  2.628756e+01  9.235889e+00 -4.000000e+00
     vertex  2.629844e+01  9.248556e+00 -7.500000e+00
   endloop
 endfacet
 facet normal  7.877080e-01 -6.160488e-01 -1.785511e-04
   outer loop
     vertex  2.656243e+01  9.585103e+00 -4.000000e+00
     vertex  2.629844e+01  9.248556e+00 -7.500000e+00
     vertex  2.657093e+01  9.596986e+00 -7.500000e+00
   endloop
 endfacet
 facet normal  8.375928e-01 -5.462950e-01  1.794215e-04
   outer loop
     vertex  2.680522e+01  9.957344e+00 -4.000000e+00
     vertex  2.656243e+01  9.585103e+00 -4.000000e+00
     vertex  2.657093e+01  9.596986e+00 -7.500000e+00
   endloop
 endfacet
 facet normal  8.390720e-01 -5.440204e-01 -1.537899e-04
   outer loop
     vertex  2.680522e+01  9.957344e+00 -4.000000e+00
     vertex  2.657093e+01  9.596986e+00 -7.500000e+00
     vertex  2.681157e+01  9.968135e+00 -7.500000e+00
   endloop
 endfacet
 facet normal  8.827929e-01 -4.697623e-01  1.545360e-04
   outer loop
     vertex  2.701399e+01  1.034967e+01 -4.000000e+00
     vertex  2.680522e+01  9.957344e+00 -4.000000e+00
     vertex  2.681157e+01  9.968135e+00 -7.500000e+00
   endloop
 endfacet
 facet normal  8.838691e-01 -4.677343e-01 -1.287800e-04
   outer loop
     vertex  2.701399e+01  1.034967e+01 -4.000000e+00
     vertex  2.681157e+01  9.968135e+00 -7.500000e+00
     vertex  2.701847e+01  1.035910e+01 -7.500000e+00
   endloop
 endfacet
 facet normal  9.210187e-01 -3.895183e-01  1.294017e-04
   outer loop
     vertex  2.718710e+01  1.075899e+01 -4.000000e+00
     vertex  2.701399e+01  1.034967e+01 -4.000000e+00
     vertex  2.701847e+01  1.035910e+01 -7.500000e+00
   endloop
 endfacet
 facet normal  9.217488e-01 -3.877875e-01 -1.035214e-04
   outer loop
     vertex  2.718710e+01  1.075899e+01 -4.000000e+00
     vertex  2.701847e+01  1.035910e+01 -7.500000e+00
     vertex  2.719000e+01  1.076682e+01 -7.500000e+00
   endloop
 endfacet
 facet normal  9.519682e-01 -3.061969e-01  1.040188e-04
   outer loop
     vertex  2.732318e+01  1.118206e+01 -4.000000e+00
     vertex  2.718710e+01  1.075899e+01 -4.000000e+00
     vertex  2.719000e+01  1.076682e+01 -7.500000e+00
   endloop
 endfacet
 facet normal  9.524145e-01 -3.048058e-01 -7.801409e-05
   outer loop
     vertex  2.732318e+01  1.118206e+01 -4.000000e+00
     vertex  2.719000e+01  1.076682e+01 -7.500000e+00
     vertex  2.732482e+01  1.118811e+01 -7.500000e+00
   endloop
 endfacet
 facet normal  9.753968e-01 -2.204565e-01  7.838713e-05
   outer loop
     vertex  2.742115e+01  1.161555e+01 -4.000000e+00
     vertex  2.732318e+01  1.118206e+01 -4.000000e+00
     vertex  2.732482e+01  1.118811e+01 -7.500000e+00
   endloop
 endfacet
 facet normal  9.756263e-01 -2.194385e-01 -5.225809e-05
   outer loop
     vertex  2.742115e+01  1.161555e+01 -4.000000e+00
     vertex  2.732482e+01  1.118811e+01 -7.500000e+00
     vertex  2.742189e+01  1.161966e+01 -7.500000e+00
   endloop
 endfacet
 facet normal  9.911195e-01 -1.329745e-01  5.250677e-05
   outer loop
     vertex  2.748025e+01  1.205602e+01 -4.000000e+00
     vertex  2.742115e+01  1.161555e+01 -4.000000e+00
     vertex  2.742189e+01  1.161966e+01 -7.500000e+00
   endloop
 endfacet
 facet normal  9.912025e-01 -1.323539e-01 -2.625339e-05
   outer loop
     vertex  2.748025e+01  1.205602e+01 -4.000000e+00
     vertex  2.742189e+01  1.161966e+01 -7.500000e+00
     vertex  2.748043e+01  1.205810e+01 -7.500000e+00
   endloop
 endfacet
 facet normal  9.990120e-01 -4.444186e-02  2.637773e-05
   outer loop
     vertex  2.750000e+01  1.250000e+01 -4.000000e+00
     vertex  2.748025e+01  1.205602e+01 -4.000000e+00
     vertex  2.748043e+01  1.205810e+01 -7.500000e+00
   endloop
 endfacet
 facet normal  9.990212e-01 -4.423335e-02  2.244977e-17
   outer loop
     vertex  2.750000e+01  1.250000e+01 -4.000000e+00
     vertex  2.748043e+01  1.205810e+01 -7.500000e+00
     vertex  2.750000e+01  1.250000e+01 -7.500000e+00
   endloop
 endfacet
 facet normal  9.990212e-01  4.423335e-02  0.000000e+00
   outer loop
     vertex  2.750000e+01 -1.250000e+01 -4.000000e+00
     vertex  2.750000e+01 -1.250000e+01 -7.500000e+00
     vertex  2.748043e+01 -1.205810e+01 -7.500000e+00
   endloop
 endfacet
 facet normal  9.990120e-01  4.444186e-02  2.637773e-05
   outer loop
     vertex  2.748025e+01 -1.205602e+01 -4.000000e+00
     vertex  2.750000e+01 -1.250000e+01 -4.000000e+00
     vertex  2.748043e+01 -1.205810e+01 -7.500000e+00
   endloop
 endfacet
 facet normal  9.912025e-01  1.323539e-01 -2.625339e-05
   outer loop
     vertex  2.748025e+01 -1.205602e+01 -4.000000e+00
     vertex  2.748043e+01 -1.205810e+01 -7.500000e+00
     vertex  2.742189e+01 -1.161966e+01 -7.500000e+00
   endloop
 endfacet
 facet normal  9.756263e-01  2.194385e-01 -5.225809e-05
   outer loop
     vertex  2.742115e+01 -1.161555e+01 -4.000000e+00
     vertex  2.742189e+01 -1.161966e+01 -7.500000e+00
     vertex  2.732482e+01 -1.118811e+01 -7.500000e+00
   endloop
 endfacet
 facet normal  9.911195e-01  1.329745e-01  5.250677e-05
   outer loop
     vertex  2.742115e+01 -1.161555e+01 -4.000000e+00
     vertex  2.748025e+01 -1.205602e+01 -4.000000e+00
     vertex  2.742189e+01 -1.161966e+01 -7.500000e+00
   endloop
 endfacet
 facet normal  9.524145e-01  3.048058e-01 -7.801409e-05
   outer loop
     vertex  2.732318e+01 -1.118206e+01 -4.000000e+00
     vertex  2.732482e+01 -1.118811e+01 -7.500000e+00
     vertex  2.719000e+01 -1.076682e+01 -7.500000e+00
   endloop
 endfacet
 facet normal  9.753968e-01  2.204565e-01  7.838713e-05
   outer loop
     vertex  2.732318e+01 -1.118206e+01 -4.000000e+00
     vertex  2.742115e+01 -1.161555e+01 -4.000000e+00
     vertex  2.732482e+01 -1.118811e+01 -7.500000e+00
   endloop
 endfacet
 facet normal  9.217488e-01  3.877875e-01 -1.035214e-04
   outer loop
     vertex  2.718710e+01 -1.075899e+01 -4.000000e+00
     vertex  2.719000e+01 -1.076682e+01 -7.500000e+00
     vertex  2.701847e+01 -1.035910e+01 -7.500000e+00
   endloop
 endfacet
 facet normal  9.519682e-01  3.061969e-01  1.040188e-04
   outer loop
     vertex  2.718710e+01 -1.075899e+01 -4.000000e+00
     vertex  2.732318e+01 -1.118206e+01 -4.000000e+00
     vertex  2.719000e+01 -1.076682e+01 -7.500000e+00
   endloop
 endfacet
 facet normal  8.838691e-01  4.677343e-01 -1.287800e-04
   outer loop
     vertex  2.701399e+01 -1.034967e+01 -4.000000e+00
     vertex  2.701847e+01 -1.035910e+01 -7.500000e+00
     vertex  2.681157e+01 -9.968135e+00 -7.500000e+00
   endloop
 endfacet
 facet normal  9.210187e-01  3.895183e-01  1.294017e-04
   outer loop
     vertex  2.701399e+01 -1.034967e+01 -4.000000e+00
     vertex  2.718710e+01 -1.075899e+01 -4.000000e+00
     vertex  2.701847e+01 -1.035910e+01 -7.500000e+00
   endloop
 endfacet
 facet normal  8.390720e-01  5.440204e-01 -1.537899e-04
   outer loop
     vertex  2.680522e+01 -9.957344e+00 -4.000000e+00
     vertex  2.681157e+01 -9.968135e+00 -7.500000e+00
     vertex  2.657093e+01 -9.596986e+00 -7.500000e+00
   endloop
 endfacet
 facet normal  8.827929e-01  4.697623e-01  1.545360e-04
   outer loop
     vertex  2.680522e+01 -9.957344e+00 -4.000000e+00
     vertex  2.701399e+01 -1.034967e+01 -4.000000e+00
     vertex  2.681157e+01 -9.968135e+00 -7.500000e+00
   endloop
 endfacet
 facet normal  7.877080e-01  6.160488e-01 -1.785511e-04
   outer loop
     vertex  2.656243e+01 -9.585103e+00 -4.000000e+00
     vertex  2.657093e+01 -9.596986e+00 -7.500000e+00
     vertex  2.629844e+01 -9.248556e+00 -7.500000e+00
   endloop
 endfacet
 facet normal  8.375928e-01  5.462950e-01  1.794215e-04
   outer loop
     vertex  2.656243e+01 -9.585103e+00 -4.000000e+00
     vertex  2.680522e+01 -9.957344e+00 -4.000000e+00
     vertex  2.657093e+01 -9.596986e+00 -7.500000e+00
   endloop
 endfacet
 facet normal  7.301791e-01  6.832558e-01 -2.030636e-04
   outer loop
     vertex  2.628756e+01 -9.235889e+00 -4.000000e+00
     vertex  2.629844e+01 -9.248556e+00 -7.500000e+00
     vertex  2.599621e+01 -8.925573e+00 -7.500000e+00
   endloop
 endfacet
 facet normal  7.857754e-01  6.185119e-01  2.040584e-04
   outer loop
     vertex  2.628756e+01 -9.235889e+00 -4.000000e+00
     vertex  2.656243e+01 -9.585103e+00 -4.000000e+00
     vertex  2.629844e+01 -9.248556e+00 -7.500000e+00
   endloop
 endfacet
 facet normal  6.669355e-01  7.451154e-01 -2.273273e-04
   outer loop
     vertex  2.598276e+01 -8.912464e+00 -4.000000e+00
     vertex  2.599621e+01 -8.925573e+00 -7.500000e+00
     vertex  2.566662e+01 -8.630565e+00 -7.500000e+00
   endloop
 endfacet
 facet normal  7.277502e-01  6.858423e-01  2.284465e-04
   outer loop
     vertex  2.598276e+01 -8.912464e+00 -4.000000e+00
     vertex  2.628756e+01 -9.235889e+00 -4.000000e+00
     vertex  2.599621e+01 -8.925573e+00 -7.500000e+00
   endloop
 endfacet
 facet normal  5.984723e-01  8.011435e-01 -2.513423e-04
   outer loop
     vertex  2.565044e+01 -8.617381e+00 -4.000000e+00
     vertex  2.566662e+01 -8.630565e+00 -7.500000e+00
     vertex  2.531225e+01 -8.365841e+00 -7.500000e+00
   endloop
 endfacet
 facet normal  6.639754e-01  7.477543e-01  2.525859e-04
   outer loop
     vertex  2.565044e+01 -8.617381e+00 -4.000000e+00
     vertex  2.598276e+01 -8.912464e+00 -4.000000e+00
     vertex  2.566662e+01 -8.630565e+00 -7.500000e+00
   endloop
 endfacet
 facet normal  5.253252e-01  8.509015e-01 -2.751086e-04
   outer loop
     vertex  2.529323e+01 -8.352972e+00 -4.000000e+00
     vertex  2.531225e+01 -8.365841e+00 -7.500000e+00
     vertex  2.493586e+01 -8.133472e+00 -7.500000e+00
   endloop
 endfacet
 facet normal  5.949551e-01  8.037589e-01  2.764765e-04
   outer loop
     vertex  2.529323e+01 -8.352972e+00 -4.000000e+00
     vertex  2.565044e+01 -8.617381e+00 -4.000000e+00
     vertex  2.531225e+01 -8.365841e+00 -7.500000e+00
   endloop
 endfacet
 facet normal  4.480668e-01  8.940000e-01 -2.986262e-04
   outer loop
     vertex  2.491396e+01 -8.121325e+00 -4.000000e+00
     vertex  2.493586e+01 -8.133472e+00 -7.500000e+00
     vertex  2.454042e+01 -7.935277e+00 -7.500000e+00
   endloop
 endfacet
 facet normal  5.212345e-01  8.534135e-01  3.001185e-04
   outer loop
     vertex  2.491396e+01 -8.121325e+00 -4.000000e+00
     vertex  2.529323e+01 -8.352972e+00 -4.000000e+00
     vertex  2.493586e+01 -8.133472e+00 -7.500000e+00
   endloop
 endfacet
 facet normal  3.673016e-01  9.301018e-01 -3.218950e-04
   outer loop
     vertex  2.451562e+01 -7.924272e+00 -4.000000e+00
     vertex  2.454042e+01 -7.935277e+00 -7.500000e+00
     vertex  2.412900e+01 -7.772807e+00 -7.500000e+00
   endloop
 endfacet
 facet normal  4.433959e-01  8.963258e-01  3.235117e-04
   outer loop
     vertex  2.451562e+01 -7.924272e+00 -4.000000e+00
     vertex  2.491396e+01 -8.121325e+00 -4.000000e+00
     vertex  2.454042e+01 -7.935277e+00 -7.500000e+00
   endloop
 endfacet
 facet normal  3.620543e-01  9.321569e-01  3.466561e-04
   outer loop
     vertex  2.410135e+01 -7.763368e+00 -4.000000e+00
     vertex  2.451562e+01 -7.924272e+00 -4.000000e+00
     vertex  2.412900e+01 -7.772807e+00 -7.500000e+00
   endloop
 endfacet
 facet normal  2.836618e-01  9.589243e-01 -3.449151e-04
   outer loop
     vertex  2.410135e+01 -7.763368e+00 -4.000000e+00
     vertex  2.412900e+01 -7.772807e+00 -7.500000e+00
     vertex  2.370484e+01 -7.647334e+00 -7.500000e+00
   endloop
 endfacet
 facet normal  2.778525e-01  9.606237e-01  3.695518e-04
   outer loop
     vertex  2.367443e+01 -7.639885e+00 -4.000000e+00
     vertex  2.410135e+01 -7.763368e+00 -4.000000e+00
     vertex  2.370484e+01 -7.647334e+00 -7.500000e+00
   endloop
 endfacet
 facet normal  1.978019e-01  9.802419e-01 -3.676865e-04
   outer loop
     vertex  2.367443e+01 -7.639885e+00 -4.000000e+00
     vertex  2.370484e+01 -7.647334e+00 -7.500000e+00
     vertex  2.327124e+01 -7.559840e+00 -7.500000e+00
   endloop
 endfacet
 facet normal  1.914555e-01  9.815012e-01  3.921988e-04
   outer loop
     vertex  2.323823e+01 -7.554799e+00 -4.000000e+00
     vertex  2.367443e+01 -7.639885e+00 -4.000000e+00
     vertex  2.327124e+01 -7.559840e+00 -7.500000e+00
   endloop
 endfacet
 facet normal  1.103940e-01  9.938878e-01 -3.902091e-04
   outer loop
     vertex  2.323823e+01 -7.554799e+00 -4.000000e+00
     vertex  2.327124e+01 -7.559840e+00 -7.500000e+00
     vertex  2.283161e+01 -7.511009e+00 -7.500000e+00
   endloop
 endfacet
 facet normal  1.035459e-01  9.946246e-01  4.145970e-04
   outer loop
     vertex  2.279620e+01 -7.508781e+00 -4.000000e+00
     vertex  2.323823e+01 -7.554799e+00 -4.000000e+00
     vertex  2.283161e+01 -7.511009e+00 -7.500000e+00
   endloop
 endfacet
 facet normal  2.212209e-02  9.997552e-01 -4.124829e-04
   outer loop
     vertex  2.279620e+01 -7.508781e+00 -4.000000e+00
     vertex  2.283161e+01 -7.511009e+00 -7.500000e+00
     vertex  2.238939e+01 -7.501224e+00 -7.500000e+00
   endloop
 endfacet
 facet normal  1.481829e-02  9.998901e-01  4.367465e-04
   outer loop
     vertex  2.235183e+01 -7.502196e+00 -4.000000e+00
     vertex  2.279620e+01 -7.508781e+00 -4.000000e+00
     vertex  2.238939e+01 -7.501224e+00 -7.500000e+00
   endloop
 endfacet
 facet normal -6.632295e-02  9.977981e-01 -4.345080e-04
   outer loop
     vertex  2.235183e+01 -7.502196e+00 -4.000000e+00
     vertex  2.238939e+01 -7.501224e+00 -7.500000e+00
     vertex  2.194803e+01 -7.530560e+00 -7.500000e+00
   endloop
 endfacet
 facet normal -7.402638e-02  9.972562e-01  4.586472e-04
   outer loop
     vertex  2.190863e+01 -7.535095e+00 -4.000000e+00
     vertex  2.235183e+01 -7.502196e+00 -4.000000e+00
     vertex  2.194803e+01 -7.530560e+00 -7.500000e+00
   endloop
 endfacet
 facet normal -1.542489e-01  9.880319e-01 -4.562843e-04
   outer loop
     vertex  2.190863e+01 -7.535095e+00 -4.000000e+00
     vertex  2.194803e+01 -7.530560e+00 -7.500000e+00
     vertex  2.151099e+01 -7.598790e+00 -7.500000e+00
   endloop
 endfacet
 facet normal -1.622862e-01  9.867436e-01  4.802991e-04
   outer loop
     vertex  2.147011e+01 -7.607218e+00 -4.000000e+00
     vertex  2.190863e+01 -7.535095e+00 -4.000000e+00
     vertex  2.151099e+01 -7.598790e+00 -7.500000e+00
   endloop
 endfacet
 facet normal -2.409677e-01  9.705330e-01 -4.778119e-04
   outer loop
     vertex  2.147011e+01 -7.607218e+00 -4.000000e+00
     vertex  2.151099e+01 -7.598790e+00 -7.500000e+00
     vertex  2.108169e+01 -7.705378e+00 -7.500000e+00
   endloop
 endfacet
 facet normal -2.492639e-01  9.684355e-01  5.017023e-04
   outer loop
     vertex  2.103972e+01 -7.717995e+00 -4.000000e+00
     vertex  2.147011e+01 -7.607218e+00 -4.000000e+00
     vertex  2.108169e+01 -7.705378e+00 -7.500000e+00
   endloop
 endfacet
 facet normal -3.258005e-01  9.454384e-01 -4.990907e-04
   outer loop
     vertex  2.103972e+01 -7.717995e+00 -4.000000e+00
     vertex  2.108169e+01 -7.705378e+00 -7.500000e+00
     vertex  2.066349e+01 -7.849491e+00 -7.500000e+00
   endloop
 endfacet
 facet normal -3.342724e-01  9.424764e-01  5.228567e-04
   outer loop
     vertex  2.062086e+01 -7.866552e+00 -4.000000e+00
     vertex  2.103972e+01 -7.717995e+00 -4.000000e+00
     vertex  2.066349e+01 -7.849491e+00 -7.500000e+00
   endloop
 endfacet
 facet normal -4.080836e-01  9.129444e-01 -5.201207e-04
   outer loop
     vertex  2.062086e+01 -7.866552e+00 -4.000000e+00
     vertex  2.066349e+01 -7.849491e+00 -7.500000e+00
     vertex  2.025967e+01 -8.030000e+00 -7.500000e+00
   endloop
 endfacet
 facet normal -4.166400e-01  9.090714e-01  5.437624e-04
   outer loop
     vertex  2.021685e+01 -8.051715e+00 -4.000000e+00
     vertex  2.062086e+01 -7.866552e+00 -4.000000e+00
     vertex  2.025967e+01 -8.030000e+00 -7.500000e+00
   endloop
 endfacet
 facet normal -4.871728e-01  8.733054e-01 -5.409020e-04
   outer loop
     vertex  2.021685e+01 -8.051715e+00 -4.000000e+00
     vertex  2.025967e+01 -8.030000e+00 -7.500000e+00
     vertex  1.987337e+01 -8.245492e+00 -7.500000e+00
   endloop
 endfacet
 facet normal -4.957160e-01  8.684845e-01  5.644192e-04
   outer loop
     vertex  1.983088e+01 -8.272020e+00 -4.000000e+00
     vertex  2.021685e+01 -8.051715e+00 -4.000000e+00
     vertex  1.987337e+01 -8.245492e+00 -7.500000e+00
   endloop
 endfacet
 facet normal -5.624492e-01  8.268317e-01 -5.614344e-04
   outer loop
     vertex  1.983088e+01 -8.272020e+00 -4.000000e+00
     vertex  1.987337e+01 -8.245492e+00 -7.500000e+00
     vertex  1.950764e+01 -8.494283e+00 -7.500000e+00
   endloop
 endfacet
 facet normal -5.708757e-01  8.210363e-01  5.848273e-04
   outer loop
     vertex  1.946600e+01 -8.525728e+00 -4.000000e+00
     vertex  1.983088e+01 -8.272020e+00 -4.000000e+00
     vertex  1.950764e+01 -8.494283e+00 -7.500000e+00
   endloop
 endfacet
 facet normal -6.333237e-01  7.738868e-01 -5.817181e-04
   outer loop
     vertex  1.946600e+01 -8.525728e+00 -4.000000e+00
     vertex  1.950764e+01 -8.494283e+00 -7.500000e+00
     vertex  1.916532e+01 -8.774423e+00 -7.500000e+00
   endloop
 endfacet
 facet normal -6.415253e-01  7.671016e-01  6.049866e-04
   outer loop
     vertex  1.912508e+01 -8.810834e+00 -4.000000e+00
     vertex  1.946600e+01 -8.525728e+00 -4.000000e+00
     vertex  1.916532e+01 -8.774423e+00 -7.500000e+00
   endloop
 endfacet
 facet normal -6.992416e-01  7.148852e-01 -6.017530e-04
   outer loop
     vertex  1.912508e+01 -8.810834e+00 -4.000000e+00
     vertex  1.916532e+01 -8.774423e+00 -7.500000e+00
     vertex  1.884910e+01 -9.083721e+00 -7.500000e+00
   endloop
 endfacet
 facet normal -7.071066e-01  7.071066e-01  6.248971e-04
   outer loop
     vertex  1.881083e+01 -9.125085e+00 -4.000000e+00
     vertex  1.912508e+01 -8.810834e+00 -4.000000e+00
     vertex  1.884910e+01 -9.083721e+00 -7.500000e+00
   endloop
 endfacet
 facet normal -7.596869e-01  6.502887e-01 -6.215391e-04
   outer loop
     vertex  1.881083e+01 -9.125085e+00 -4.000000e+00
     vertex  1.884910e+01 -9.083721e+00 -7.500000e+00
     vertex  1.856146e+01 -9.419756e+00 -7.500000e+00
   endloop
 endfacet
 facet normal -7.671016e-01  6.415253e-01  6.445588e-04
   outer loop
     vertex  1.852573e+01 -9.465999e+00 -4.000000e+00
     vertex  1.881083e+01 -9.125085e+00 -4.000000e+00
     vertex  1.856146e+01 -9.419756e+00 -7.500000e+00
   endloop
 endfacet
 facet normal -8.141867e-01  5.806028e-01 -6.410764e-04
   outer loop
     vertex  1.852573e+01 -9.465999e+00 -4.000000e+00
     vertex  1.856146e+01 -9.419756e+00 -7.500000e+00
     vertex  1.830464e+01 -9.779898e+00 -7.500000e+00
   endloop
 endfacet
 facet normal -8.210362e-01  5.708757e-01  6.639717e-04
   outer loop
     vertex  1.827202e+01 -9.830883e+00 -4.000000e+00
     vertex  1.852573e+01 -9.465999e+00 -4.000000e+00
     vertex  1.830464e+01 -9.779898e+00 -7.500000e+00
   endloop
 endfacet
 facet normal -8.623144e-01  5.063729e-01 -6.603650e-04
   outer loop
     vertex  1.827202e+01 -9.830883e+00 -4.000000e+00
     vertex  1.830464e+01 -9.779898e+00 -7.500000e+00
     vertex  1.808065e+01 -1.016133e+01 -7.500000e+00
   endloop
 endfacet
 facet normal -8.684844e-01  4.957160e-01  6.831359e-04
   outer loop
     vertex  1.805171e+01 -1.021685e+01 -4.000000e+00
     vertex  1.827202e+01 -9.830883e+00 -4.000000e+00
     vertex  1.808065e+01 -1.016133e+01 -7.500000e+00
   endloop
 endfacet
 facet normal -9.036933e-01  4.281799e-01 -6.794047e-04
   outer loop
     vertex  1.805171e+01 -1.021685e+01 -4.000000e+00
     vertex  1.808065e+01 -1.016133e+01 -7.500000e+00
     vertex  1.789126e+01 -1.056106e+01 -7.500000e+00
   endloop
 endfacet
 facet normal -9.090713e-01  4.166400e-01  7.020512e-04
   outer loop
     vertex  1.786655e+01 -1.062086e+01 -4.000000e+00
     vertex  1.805171e+01 -1.021685e+01 -4.000000e+00
     vertex  1.789126e+01 -1.056106e+01 -7.500000e+00
   endloop
 endfacet
 facet normal -9.379995e-01  3.466358e-01 -6.981956e-04
   outer loop
     vertex  1.786655e+01 -1.062086e+01 -4.000000e+00
     vertex  1.789126e+01 -1.056106e+01 -7.500000e+00
     vertex  1.773793e+01 -1.097597e+01 -7.500000e+00
   endloop
 endfacet
 facet normal -9.424762e-01  3.342724e-01  7.207177e-04
   outer loop
     vertex  1.771800e+01 -1.103972e+01 -4.000000e+00
     vertex  1.786655e+01 -1.062086e+01 -4.000000e+00
     vertex  1.773793e+01 -1.097597e+01 -7.500000e+00
   endloop
 endfacet
 facet normal -9.649647e-01  2.623789e-01 -7.167377e-04
   outer loop
     vertex  1.771800e+01 -1.103972e+01 -4.000000e+00
     vertex  1.773793e+01 -1.097597e+01 -7.500000e+00
     vertex  1.762187e+01 -1.140281e+01 -7.500000e+00
   endloop
 endfacet
 facet normal -9.684353e-01  2.492639e-01  7.391354e-04
   outer loop
     vertex  1.760722e+01 -1.147011e+01 -4.000000e+00
     vertex  1.771800e+01 -1.103972e+01 -4.000000e+00
     vertex  1.762187e+01 -1.140281e+01 -7.500000e+00
   endloop
 endfacet
 facet normal -9.843776e-01  1.760685e-01 -7.350310e-04
   outer loop
     vertex  1.760722e+01 -1.147011e+01 -4.000000e+00
     vertex  1.762187e+01 -1.140281e+01 -7.500000e+00
     vertex  1.754399e+01 -1.183823e+01 -7.500000e+00
   endloop
 endfacet
 facet normal -9.867434e-01  1.622862e-01  7.573043e-04
   outer loop
     vertex  1.753509e+01 -1.190863e+01 -4.000000e+00
     vertex  1.760722e+01 -1.147011e+01 -4.000000e+00
     vertex  1.754399e+01 -1.183823e+01 -7.500000e+00
   endloop
 endfacet
 facet normal -9.960865e-01  8.838008e-02 -7.530755e-04
   outer loop
     vertex  1.753509e+01 -1.190863e+01 -4.000000e+00
     vertex  1.754399e+01 -1.183823e+01 -7.500000e+00
     vertex  1.750489e+01 -1.227883e+01 -7.500000e+00
   endloop
 endfacet
 facet normal -9.972560e-01  7.402637e-02  7.752244e-04
   outer loop
     vertex  1.750220e+01 -1.235183e+01 -4.000000e+00
     vertex  1.753509e+01 -1.190863e+01 -4.000000e+00
     vertex  1.750489e+01 -1.227883e+01 -7.500000e+00
   endloop
 endfacet
 facet normal -9.999997e-01  0.000000e+00 -7.708712e-04
   outer loop
     vertex  1.750220e+01 -1.235183e+01 -4.000000e+00
     vertex  1.750489e+01 -1.227883e+01 -7.500000e+00
     vertex  1.750489e+01 -1.272117e+01 -7.500000e+00
   endloop
 endfacet
 facet normal -9.960865e-01 -8.838008e-02 -7.884180e-04
   outer loop
     vertex  1.750878e+01 -1.279620e+01 -4.000000e+00
     vertex  1.750489e+01 -1.272117e+01 -7.500000e+00
     vertex  1.754399e+01 -1.316177e+01 -7.500000e+00
   endloop
 endfacet
 facet normal -9.998899e-01 -1.481829e-02  7.928957e-04
   outer loop
     vertex  1.750878e+01 -1.279620e+01 -4.000000e+00
     vertex  1.750220e+01 -1.235183e+01 -4.000000e+00
     vertex  1.750489e+01 -1.272117e+01 -7.500000e+00
   endloop
 endfacet
 facet normal -9.843776e-01 -1.760685e-01 -8.057161e-04
   outer loop
     vertex  1.755480e+01 -1.323823e+01 -4.000000e+00
     vertex  1.754399e+01 -1.316177e+01 -7.500000e+00
     vertex  1.762187e+01 -1.359719e+01 -7.500000e+00
   endloop
 endfacet
 facet normal -9.946243e-01 -1.035459e-01  8.103181e-04
   outer loop
     vertex  1.755480e+01 -1.323823e+01 -4.000000e+00
     vertex  1.750878e+01 -1.279620e+01 -4.000000e+00
     vertex  1.754399e+01 -1.316177e+01 -7.500000e+00
   endloop
 endfacet
 facet normal -9.649646e-01 -2.623789e-01 -8.227653e-04
   outer loop
     vertex  1.763989e+01 -1.367443e+01 -4.000000e+00
     vertex  1.762187e+01 -1.359719e+01 -7.500000e+00
     vertex  1.773793e+01 -1.402403e+01 -7.500000e+00
   endloop
 endfacet
 facet normal -9.815010e-01 -1.914554e-01  8.274917e-04
   outer loop
     vertex  1.763989e+01 -1.367443e+01 -4.000000e+00
     vertex  1.755480e+01 -1.323823e+01 -4.000000e+00
     vertex  1.762187e+01 -1.359719e+01 -7.500000e+00
   endloop
 endfacet
 facet normal -9.606234e-01 -2.778524e-01  8.444165e-04
   outer loop
     vertex  1.776337e+01 -1.410135e+01 -4.000000e+00
     vertex  1.763989e+01 -1.367443e+01 -4.000000e+00
     vertex  1.773793e+01 -1.402403e+01 -7.500000e+00
   endloop
 endfacet
 facet normal -9.379994e-01 -3.466358e-01 -8.395657e-04
   outer loop
     vertex  1.776337e+01 -1.410135e+01 -4.000000e+00
     vertex  1.773793e+01 -1.402403e+01 -7.500000e+00
     vertex  1.789126e+01 -1.443894e+01 -7.500000e+00
   endloop
 endfacet
 facet normal -9.321566e-01 -3.620542e-01  8.610925e-04
   outer loop
     vertex  1.792427e+01 -1.451562e+01 -4.000000e+00
     vertex  1.776337e+01 -1.410135e+01 -4.000000e+00
     vertex  1.789126e+01 -1.443894e+01 -7.500000e+00
   endloop
 endfacet
 facet normal -9.036931e-01 -4.281798e-01 -8.561172e-04
   outer loop
     vertex  1.792427e+01 -1.451562e+01 -4.000000e+00
     vertex  1.789126e+01 -1.443894e+01 -7.500000e+00
     vertex  1.808065e+01 -1.483867e+01 -7.500000e+00
   endloop
 endfacet
 facet normal -8.963255e-01 -4.433957e-01  8.775196e-04
   outer loop
     vertex  1.812133e+01 -1.491396e+01 -4.000000e+00
     vertex  1.792427e+01 -1.451562e+01 -4.000000e+00
     vertex  1.808065e+01 -1.483867e+01 -7.500000e+00
   endloop
 endfacet
 facet normal -8.623142e-01 -5.063728e-01 -8.724199e-04
   outer loop
     vertex  1.812133e+01 -1.491396e+01 -4.000000e+00
     vertex  1.808065e+01 -1.483867e+01 -7.500000e+00
     vertex  1.830464e+01 -1.522010e+01 -7.500000e+00
   endloop
 endfacet
 facet normal -8.534132e-01 -5.212343e-01  8.936979e-04
   outer loop
     vertex  1.835297e+01 -1.529323e+01 -4.000000e+00
     vertex  1.812133e+01 -1.491396e+01 -4.000000e+00
     vertex  1.830464e+01 -1.522010e+01 -7.500000e+00
   endloop
 endfacet
 facet normal -8.141866e-01 -5.806027e-01 -8.884738e-04
   outer loop
     vertex  1.835297e+01 -1.529323e+01 -4.000000e+00
     vertex  1.830464e+01 -1.522010e+01 -7.500000e+00
     vertex  1.856146e+01 -1.558024e+01 -7.500000e+00
   endloop
 endfacet
 facet normal -8.037586e-01 -5.949549e-01  9.096274e-04
   outer loop
     vertex  1.861738e+01 -1.565044e+01 -4.000000e+00
     vertex  1.835297e+01 -1.529323e+01 -4.000000e+00
     vertex  1.856146e+01 -1.558024e+01 -7.500000e+00
   endloop
 endfacet
 facet normal -7.596868e-01 -6.502885e-01 -9.042789e-04
   outer loop
     vertex  1.861738e+01 -1.565044e+01 -4.000000e+00
     vertex  1.856146e+01 -1.558024e+01 -7.500000e+00
     vertex  1.884910e+01 -1.591628e+01 -7.500000e+00
   endloop
 endfacet
 facet normal -7.477540e-01 -6.639752e-01  9.253080e-04
   outer loop
     vertex  1.891246e+01 -1.598276e+01 -4.000000e+00
     vertex  1.861738e+01 -1.565044e+01 -4.000000e+00
     vertex  1.884910e+01 -1.591628e+01 -7.500000e+00
   endloop
 endfacet
 facet normal -6.992414e-01 -7.148850e-01 -9.198350e-04
   outer loop
     vertex  1.891246e+01 -1.598276e+01 -4.000000e+00
     vertex  1.884910e+01 -1.591628e+01 -7.500000e+00
     vertex  1.916532e+01 -1.622558e+01 -7.500000e+00
   endloop
 endfacet
 facet normal -6.858420e-01 -7.277499e-01  9.407398e-04
   outer loop
     vertex  1.923589e+01 -1.628756e+01 -4.000000e+00
     vertex  1.891246e+01 -1.598276e+01 -4.000000e+00
     vertex  1.916532e+01 -1.622558e+01 -7.500000e+00
   endloop
 endfacet
 facet normal -6.333235e-01 -7.738866e-01 -9.351424e-04
   outer loop
     vertex  1.923589e+01 -1.628756e+01 -4.000000e+00
     vertex  1.916532e+01 -1.622558e+01 -7.500000e+00
     vertex  1.950764e+01 -1.650572e+01 -7.500000e+00
   endloop
 endfacet
 facet normal -5.624490e-01 -8.268314e-01 -9.502009e-04
   outer loop
     vertex  1.958510e+01 -1.656243e+01 -4.000000e+00
     vertex  1.950764e+01 -1.650572e+01 -7.500000e+00
     vertex  1.987337e+01 -1.675451e+01 -7.500000e+00
   endloop
 endfacet
 facet normal -6.185116e-01 -7.857751e-01  9.559227e-04
   outer loop
     vertex  1.958510e+01 -1.656243e+01 -4.000000e+00
     vertex  1.923589e+01 -1.628756e+01 -4.000000e+00
     vertex  1.950764e+01 -1.650572e+01 -7.500000e+00
   endloop
 endfacet
 facet normal -4.871726e-01 -8.733052e-01 -9.650106e-04
   outer loop
     vertex  1.995734e+01 -1.680522e+01 -4.000000e+00
     vertex  1.987337e+01 -1.675451e+01 -7.500000e+00
     vertex  2.025967e+01 -1.697000e+01 -7.500000e+00
   endloop
 endfacet
 facet normal -5.462948e-01 -8.375924e-01  9.708568e-04
   outer loop
     vertex  1.995734e+01 -1.680522e+01 -4.000000e+00
     vertex  1.958510e+01 -1.656243e+01 -4.000000e+00
     vertex  1.987337e+01 -1.675451e+01 -7.500000e+00
   endloop
 endfacet
 facet normal -4.080834e-01 -9.129441e-01 -9.795714e-04
   outer loop
     vertex  2.034967e+01 -1.701399e+01 -4.000000e+00
     vertex  2.025967e+01 -1.697000e+01 -7.500000e+00
     vertex  2.066349e+01 -1.715051e+01 -7.500000e+00
   endloop
 endfacet
 facet normal -4.697621e-01 -8.827925e-01  9.855420e-04
   outer loop
     vertex  2.034967e+01 -1.701399e+01 -4.000000e+00
     vertex  1.995734e+01 -1.680522e+01 -4.000000e+00
     vertex  2.025967e+01 -1.697000e+01 -7.500000e+00
   endloop
 endfacet
 facet normal -3.258004e-01 -9.454380e-01 -9.938833e-04
   outer loop
     vertex  2.075899e+01 -1.718710e+01 -4.000000e+00
     vertex  2.066349e+01 -1.715051e+01 -7.500000e+00
     vertex  2.108169e+01 -1.729462e+01 -7.500000e+00
   endloop
 endfacet
 facet normal -3.895181e-01 -9.210183e-01  9.999784e-04
   outer loop
     vertex  2.075899e+01 -1.718710e+01 -4.000000e+00
     vertex  2.034967e+01 -1.701399e+01 -4.000000e+00
     vertex  2.066349e+01 -1.715051e+01 -7.500000e+00
   endloop
 endfacet
 facet normal -2.409676e-01 -9.705326e-01 -1.007946e-03
   outer loop
     vertex  2.118206e+01 -1.732318e+01 -4.000000e+00
     vertex  2.108169e+01 -1.729462e+01 -7.500000e+00
     vertex  2.151099e+01 -1.740121e+01 -7.500000e+00
   endloop
 endfacet
 facet normal -3.061968e-01 -9.519677e-01  1.014166e-03
   outer loop
     vertex  2.118206e+01 -1.732318e+01 -4.000000e+00
     vertex  2.075899e+01 -1.718710e+01 -4.000000e+00
     vertex  2.108169e+01 -1.729462e+01 -7.500000e+00
   endloop
 endfacet
 facet normal -1.542489e-01 -9.880315e-01 -1.021761e-03
   outer loop
     vertex  2.161555e+01 -1.742115e+01 -4.000000e+00
     vertex  2.151099e+01 -1.740121e+01 -7.500000e+00
     vertex  2.194803e+01 -1.746944e+01 -7.500000e+00
   endloop
 endfacet
 facet normal -2.204564e-01 -9.753963e-01  1.028105e-03
   outer loop
     vertex  2.161555e+01 -1.742115e+01 -4.000000e+00
     vertex  2.118206e+01 -1.732318e+01 -4.000000e+00
     vertex  2.151099e+01 -1.740121e+01 -7.500000e+00
   endloop
 endfacet
 facet normal -6.632292e-02 -9.977977e-01 -1.035326e-03
   outer loop
     vertex  2.205602e+01 -1.748025e+01 -4.000000e+00
     vertex  2.194803e+01 -1.746944e+01 -7.500000e+00
     vertex  2.238939e+01 -1.749878e+01 -7.500000e+00
   endloop
 endfacet
 facet normal -1.329744e-01 -9.911189e-01  1.041794e-03
   outer loop
     vertex  2.205602e+01 -1.748025e+01 -4.000000e+00
     vertex  2.161555e+01 -1.742115e+01 -4.000000e+00
     vertex  2.194803e+01 -1.746944e+01 -7.500000e+00
   endloop
 endfacet
 facet normal  2.212207e-02 -9.997547e-01 -1.048643e-03
   outer loop
     vertex  2.250000e+01 -1.750000e+01 -4.000000e+00
     vertex  2.238939e+01 -1.749878e+01 -7.500000e+00
     vertex  2.283161e+01 -1.748899e+01 -7.500000e+00
   endloop
 endfacet
 facet normal -4.444183e-02 -9.990114e-01  1.055235e-03
   outer loop
     vertex  2.250000e+01 -1.750000e+01 -4.000000e+00
     vertex  2.205602e+01 -1.748025e+01 -4.000000e+00
     vertex  2.238939e+01 -1.749878e+01 -7.500000e+00
   endloop
 endfacet
 facet normal  1.103939e-01 -9.938874e-01 -1.008720e-03
   outer loop
     vertex  2.293578e+01 -1.748097e+01 -4.000000e+00
     vertex  2.283161e+01 -1.748899e+01 -7.500000e+00
     vertex  2.327124e+01 -1.744016e+01 -7.500000e+00
   endloop
 endfacet
 facet normal  4.361937e-02 -9.990477e-01  9.903868e-04
   outer loop
     vertex  2.293578e+01 -1.748097e+01 -4.000000e+00
     vertex  2.250000e+01 -1.750000e+01 -4.000000e+00
     vertex  2.283161e+01 -1.748899e+01 -7.500000e+00
   endloop
 endfacet
 facet normal  1.978018e-01 -9.802416e-01 -9.666407e-04
   outer loop
     vertex  2.336824e+01 -1.742404e+01 -4.000000e+00
     vertex  2.327124e+01 -1.744016e+01 -7.500000e+00
     vertex  2.370484e+01 -1.735267e+01 -7.500000e+00
   endloop
 endfacet
 facet normal  1.305261e-01 -9.914444e-01  9.493859e-04
   outer loop
     vertex  2.336824e+01 -1.742404e+01 -4.000000e+00
     vertex  2.293578e+01 -1.748097e+01 -4.000000e+00
     vertex  2.327124e+01 -1.744016e+01 -7.500000e+00
   endloop
 endfacet
 facet normal  2.836617e-01 -9.589240e-01 -9.224036e-04
   outer loop
     vertex  2.379410e+01 -1.732963e+01 -4.000000e+00
     vertex  2.370484e+01 -1.735267e+01 -7.500000e+00
     vertex  2.412900e+01 -1.722719e+01 -7.500000e+00
   endloop
 endfacet
 facet normal  2.164395e-01 -9.762956e-01  9.062275e-04
   outer loop
     vertex  2.379410e+01 -1.732963e+01 -4.000000e+00
     vertex  2.336824e+01 -1.742404e+01 -4.000000e+00
     vertex  2.370484e+01 -1.735267e+01 -7.500000e+00
   endloop
 endfacet
 facet normal  3.673015e-01 -9.301015e-01 -8.760090e-04
   outer loop
     vertex  2.421010e+01 -1.719846e+01 -4.000000e+00
     vertex  2.412900e+01 -1.722719e+01 -7.500000e+00
     vertex  2.454042e+01 -1.706472e+01 -7.500000e+00
   endloop
 endfacet
 facet normal  3.007057e-01 -9.537166e-01  8.609116e-04
   outer loop
     vertex  2.421010e+01 -1.719846e+01 -4.000000e+00
     vertex  2.379410e+01 -1.732963e+01 -4.000000e+00
     vertex  2.412900e+01 -1.722719e+01 -7.500000e+00
   endloop
 endfacet
 facet normal  4.480666e-01 -8.939998e-01 -8.274570e-04
   outer loop
     vertex  2.461309e+01 -1.703154e+01 -4.000000e+00
     vertex  2.454042e+01 -1.706472e+01 -7.500000e+00
     vertex  2.493586e+01 -1.686653e+01 -7.500000e+00
   endloop
 endfacet
 facet normal  3.826833e-01 -9.238792e-01  8.134383e-04
   outer loop
     vertex  2.461309e+01 -1.703154e+01 -4.000000e+00
     vertex  2.421010e+01 -1.719846e+01 -4.000000e+00
     vertex  2.454042e+01 -1.706472e+01 -7.500000e+00
   endloop
 endfacet
 facet normal  5.253251e-01 -8.509013e-01 -7.767478e-04
   outer loop
     vertex  2.500000e+01 -1.683013e+01 -4.000000e+00
     vertex  2.493586e+01 -1.686653e+01 -7.500000e+00
     vertex  2.531225e+01 -1.663416e+01 -7.500000e+00
   endloop
 endfacet
 facet normal  4.617485e-01 -8.870106e-01  7.638077e-04
   outer loop
     vertex  2.500000e+01 -1.683013e+01 -4.000000e+00
     vertex  2.461309e+01 -1.703154e+01 -4.000000e+00
     vertex  2.493586e+01 -1.686653e+01 -7.500000e+00
   endloop
 endfacet
 facet normal  5.984722e-01 -8.011433e-01 -7.238813e-04
   outer loop
     vertex  2.536788e+01 -1.659576e+01 -4.000000e+00
     vertex  2.531225e+01 -1.663416e+01 -7.500000e+00
     vertex  2.566662e+01 -1.636943e+01 -7.500000e+00
   endloop
 endfacet
 facet normal  5.372995e-01 -8.433912e-01  7.120199e-04
   outer loop
     vertex  2.536788e+01 -1.659576e+01 -4.000000e+00
     vertex  2.500000e+01 -1.683013e+01 -4.000000e+00
     vertex  2.531225e+01 -1.663416e+01 -7.500000e+00
   endloop
 endfacet
 facet normal  6.669354e-01 -7.451153e-01 -6.688578e-04
   outer loop
     vertex  2.571394e+01 -1.633022e+01 -4.000000e+00
     vertex  2.566662e+01 -1.636943e+01 -7.500000e+00
     vertex  2.599621e+01 -1.607443e+01 -7.500000e+00
   endloop
 endfacet
 facet normal  6.087613e-01 -7.933532e-01  6.580748e-04
   outer loop
     vertex  2.571394e+01 -1.633022e+01 -4.000000e+00
     vertex  2.536788e+01 -1.659576e+01 -4.000000e+00
     vertex  2.566662e+01 -1.636943e+01 -7.500000e+00
   endloop
 endfacet
 facet normal  7.301789e-01 -6.832557e-01 -6.116772e-04
   outer loop
     vertex  2.603553e+01 -1.603553e+01 -4.000000e+00
     vertex  2.599621e+01 -1.607443e+01 -7.500000e+00
     vertex  2.629844e+01 -1.575144e+01 -7.500000e+00
   endloop
 endfacet
 facet normal  6.755901e-01 -7.372772e-01  6.019727e-04
   outer loop
     vertex  2.603553e+01 -1.603553e+01 -4.000000e+00
     vertex  2.571394e+01 -1.633022e+01 -4.000000e+00
     vertex  2.599621e+01 -1.607443e+01 -7.500000e+00
   endloop
 endfacet
 facet normal  7.877079e-01 -6.160487e-01 -5.523396e-04
   outer loop
     vertex  2.633022e+01 -1.571394e+01 -4.000000e+00
     vertex  2.629844e+01 -1.575144e+01 -7.500000e+00
     vertex  2.657093e+01 -1.540301e+01 -7.500000e+00
   endloop
 endfacet
 facet normal  7.372772e-01 -6.755901e-01  5.437136e-04
   outer loop
     vertex  2.633022e+01 -1.571394e+01 -4.000000e+00
     vertex  2.603553e+01 -1.603553e+01 -4.000000e+00
     vertex  2.629844e+01 -1.575144e+01 -7.500000e+00
   endloop
 endfacet
 facet normal  7.933532e-01 -6.087614e-01  4.832976e-04
   outer loop
     vertex  2.659576e+01 -1.536788e+01 -4.000000e+00
     vertex  2.633022e+01 -1.571394e+01 -4.000000e+00
     vertex  2.657093e+01 -1.540301e+01 -7.500000e+00
   endloop
 endfacet
 facet normal  8.390719e-01 -5.440203e-01 -4.908452e-04
   outer loop
     vertex  2.659576e+01 -1.536788e+01 -4.000000e+00
     vertex  2.657093e+01 -1.540301e+01 -7.500000e+00
     vertex  2.681157e+01 -1.503186e+01 -7.500000e+00
   endloop
 endfacet
 facet normal  8.433914e-01 -5.372996e-01  4.207248e-04
   outer loop
     vertex  2.683013e+01 -1.500000e+01 -4.000000e+00
     vertex  2.659576e+01 -1.536788e+01 -4.000000e+00
     vertex  2.681157e+01 -1.503186e+01 -7.500000e+00
   endloop
 endfacet
 facet normal  8.838691e-01 -4.677342e-01 -4.271939e-04
   outer loop
     vertex  2.683013e+01 -1.500000e+01 -4.000000e+00
     vertex  2.681157e+01 -1.503186e+01 -7.500000e+00
     vertex  2.701847e+01 -1.464090e+01 -7.500000e+00
   endloop
 endfacet
 facet normal  8.870108e-01 -4.617486e-01  3.559952e-04
   outer loop
     vertex  2.703154e+01 -1.461309e+01 -4.000000e+00
     vertex  2.683013e+01 -1.500000e+01 -4.000000e+00
     vertex  2.701847e+01 -1.464090e+01 -7.500000e+00
   endloop
 endfacet
 facet normal  9.217487e-01 -3.877875e-01 -3.613860e-04
   outer loop
     vertex  2.703154e+01 -1.461309e+01 -4.000000e+00
     vertex  2.701847e+01 -1.464090e+01 -7.500000e+00
     vertex  2.719000e+01 -1.423318e+01 -7.500000e+00
   endloop
 endfacet
 facet normal  9.238795e-01 -3.826834e-01  2.891090e-04
   outer loop
     vertex  2.719846e+01 -1.421010e+01 -4.000000e+00
     vertex  2.703154e+01 -1.461309e+01 -4.000000e+00
     vertex  2.719000e+01 -1.423318e+01 -7.500000e+00
   endloop
 endfacet
 facet normal  9.524145e-01 -3.048058e-01 -2.934216e-04
   outer loop
     vertex  2.719846e+01 -1.421010e+01 -4.000000e+00
     vertex  2.719000e+01 -1.423318e+01 -7.500000e+00
     vertex  2.732482e+01 -1.381189e+01 -7.500000e+00
   endloop
 endfacet
 facet normal  9.537169e-01 -3.007058e-01  2.200663e-04
   outer loop
     vertex  2.732963e+01 -1.379410e+01 -4.000000e+00
     vertex  2.719846e+01 -1.421010e+01 -4.000000e+00
     vertex  2.732482e+01 -1.381189e+01 -7.500000e+00
   endloop
 endfacet
 facet normal  9.756263e-01 -2.194385e-01 -2.233006e-04
   outer loop
     vertex  2.732963e+01 -1.379410e+01 -4.000000e+00
     vertex  2.732482e+01 -1.381189e+01 -7.500000e+00
     vertex  2.742189e+01 -1.338034e+01 -7.500000e+00
   endloop
 endfacet
 facet normal  9.762960e-01 -2.164396e-01  1.488671e-04
   outer loop
     vertex  2.742404e+01 -1.336824e+01 -4.000000e+00
     vertex  2.732963e+01 -1.379410e+01 -4.000000e+00
     vertex  2.742189e+01 -1.338034e+01 -7.500000e+00
   endloop
 endfacet
 facet normal  9.912025e-01 -1.323539e-01 -1.510233e-04
   outer loop
     vertex  2.742404e+01 -1.336824e+01 -4.000000e+00
     vertex  2.742189e+01 -1.338034e+01 -7.500000e+00
     vertex  2.748043e+01 -1.294190e+01 -7.500000e+00
   endloop
 endfacet
 facet normal  9.990212e-01 -4.423335e-02 -7.658973e-05
   outer loop
     vertex  2.748097e+01 -1.293578e+01 -4.000000e+00
     vertex  2.748043e+01 -1.294190e+01 -7.500000e+00
     vertex  2.750000e+01 -1.250000e+01 -7.500000e+00
   endloop
 endfacet
 facet normal  9.914449e-01 -1.305262e-01  7.551167e-05
   outer loop
     vertex  2.748097e+01 -1.293578e+01 -4.000000e+00
     vertex  2.742404e+01 -1.336824e+01 -4.000000e+00
     vertex  2.748043e+01 -1.294190e+01 -7.500000e+00
   endloop
 endfacet
 facet normal  9.990482e-01 -4.361939e-02  0.000000e+00
   outer loop
     vertex  2.750000e+01 -1.250000e+01 -4.000000e+00
     vertex  2.748097e+01 -1.293578e+01 -4.000000e+00
     vertex  2.750000e+01 -1.250000e+01 -7.500000e+00
   endloop
 endfacet
 facet normal  0.000000e+00  0.000000e+00 -1.000000e+00
   outer loop
     vertex -2.669536e+01 -1.522010e+01 -7.500000e+00
     vertex -2.615090e+01 -1.591628e+01 -7.500000e+00
     vertex -2.643854e+01 -1.558024e+01 -7.500000e+00
   endloop
 endfacet
 facet normal  0.000000e+00  0.000000e+00 -1.000000e+00
   outer loop
     vertex -2.512663e+01 -1.675451e+01 -7.500000e+00
     vertex -2.549236e+01 -1.650572e+01 -7.500000e+00
     vertex -2.583468e+01 -1.622558e+01 -7.500000e+00
   endloop
 endfacet
 facet normal  0.000000e+00  0.000000e+00 -1.000000e+00
   outer loop
     vertex -2.474033e+01 -1.697000e+01 -7.500000e+00
     vertex -2.583468e+01 -1.622558e+01 -7.500000e+00
     vertex -2.615090e+01 -1.591628e+01 -7.500000e+00
   endloop
 endfacet
 facet normal  0.000000e+00  0.000000e+00 -1.000000e+00
   outer loop
     vertex -2.474033e+01 -1.697000e+01 -7.500000e+00
     vertex -2.512663e+01 -1.675451e+01 -7.500000e+00
     vertex -2.583468e+01 -1.622558e+01 -7.500000e+00
   endloop
 endfacet
 facet normal  0.000000e+00  0.000000e+00 -1.000000e+00
   outer loop
     vertex -2.710874e+01 -1.443894e+01 -7.500000e+00
     vertex -2.669536e+01 -1.522010e+01 -7.500000e+00
     vertex -2.691935e+01 -1.483867e+01 -7.500000e+00
   endloop
 endfacet
 facet normal  0.000000e+00  0.000000e+00 -1.000000e+00
   outer loop
     vertex -2.749511e+01 -1.272117e+01 -7.500000e+00
     vertex -2.737813e+01 -1.359719e+01 -7.500000e+00
     vertex -2.745601e+01 -1.316177e+01 -7.500000e+00
   endloop
 endfacet
 facet normal  0.000000e+00  0.000000e+00 -1.000000e+00
   outer loop
     vertex -2.261061e+01 -1.749878e+01 -7.500000e+00
     vertex -2.433651e+01 -1.715051e+01 -7.500000e+00
     vertex -2.474033e+01 -1.697000e+01 -7.500000e+00
   endloop
 endfacet
 facet normal  0.000000e+00  0.000000e+00 -1.000000e+00
   outer loop
     vertex -2.261061e+01 -1.749878e+01 -7.500000e+00
     vertex -2.391831e+01 -1.729462e+01 -7.500000e+00
     vertex -2.433651e+01 -1.715051e+01 -7.500000e+00
   endloop
 endfacet
 facet normal  0.000000e+00  0.000000e+00 -1.000000e+00
   outer loop
     vertex -2.261061e+01 -1.749878e+01 -7.500000e+00
     vertex -2.348901e+01 -1.740121e+01 -7.500000e+00
     vertex -2.391831e+01 -1.729462e+01 -7.500000e+00
   endloop
 endfacet
 facet normal  0.000000e+00  0.000000e+00 -1.000000e+00
   outer loop
     vertex -2.261061e+01 -1.749878e+01 -7.500000e+00
     vertex -2.305197e+01 -1.746944e+01 -7.500000e+00
     vertex -2.348901e+01 -1.740121e+01 -7.500000e+00
   endloop
 endfacet
 facet normal  0.000000e+00  0.000000e+00 -1.000000e+00
   outer loop
     vertex -2.261061e+01 -1.749878e+01 -7.500000e+00
     vertex -2.474033e+01 -1.697000e+01 -7.500000e+00
     vertex -2.615090e+01 -1.591628e+01 -7.500000e+00
   endloop
 endfacet
 facet normal  0.000000e+00 -0.000000e+00 -1.000000e+00
   outer loop
     vertex -2.745601e+01 -1.183823e+01 -7.500000e+00
     vertex -2.737813e+01 -1.359719e+01 -7.500000e+00
     vertex -2.749511e+01 -1.272117e+01 -7.500000e+00
   endloop
 endfacet
 facet normal  0.000000e+00  0.000000e+00 -1.000000e+00
   outer loop
     vertex -2.745601e+01 -1.183823e+01 -7.500000e+00
     vertex -2.749511e+01 -1.272117e+01 -7.500000e+00
     vertex -2.749511e+01 -1.227883e+01 -7.500000e+00
   endloop
 endfacet
 facet normal  0.000000e+00  0.000000e+00 -1.000000e+00
   outer loop
     vertex -2.745601e+01 -1.183823e+01 -7.500000e+00
     vertex -2.726207e+01 -1.402403e+01 -7.500000e+00
     vertex -2.737813e+01 -1.359719e+01 -7.500000e+00
   endloop
 endfacet
 facet normal  0.000000e+00  0.000000e+00 -1.000000e+00
   outer loop
     vertex -2.745601e+01 -1.183823e+01 -7.500000e+00
     vertex -2.710874e+01 -1.443894e+01 -7.500000e+00
     vertex -2.726207e+01 -1.402403e+01 -7.500000e+00
   endloop
 endfacet
 facet normal  0.000000e+00  0.000000e+00 -1.000000e+00
   outer loop
     vertex -2.745601e+01 -1.183823e+01 -7.500000e+00
     vertex -2.669536e+01 -1.522010e+01 -7.500000e+00
     vertex -2.710874e+01 -1.443894e+01 -7.500000e+00
   endloop
 endfacet
 facet normal  0.000000e+00  0.000000e+00 -1.000000e+00
   outer loop
     vertex -2.172876e+01 -1.744016e+01 -7.500000e+00
     vertex -2.216839e+01 -1.748899e+01 -7.500000e+00
     vertex -2.261061e+01 -1.749878e+01 -7.500000e+00
   endloop
 endfacet
 facet normal  0.000000e+00  0.000000e+00 -1.000000e+00
   outer loop
     vertex -2.129516e+01 -1.735267e+01 -7.500000e+00
     vertex -2.172876e+01 -1.744016e+01 -7.500000e+00
     vertex -2.261061e+01 -1.749878e+01 -7.500000e+00
   endloop
 endfacet
 facet normal  0.000000e+00  0.000000e+00 -1.000000e+00
   outer loop
     vertex -2.691935e+01 -1.016133e+01 -7.500000e+00
     vertex -2.726207e+01 -1.097597e+01 -7.500000e+00
     vertex -2.710874e+01 -1.056106e+01 -7.500000e+00
   endloop
 endfacet
 facet normal  0.000000e+00  0.000000e+00 -1.000000e+00
   outer loop
     vertex -2.691935e+01 -1.016133e+01 -7.500000e+00
     vertex -2.737813e+01 -1.140281e+01 -7.500000e+00
     vertex -2.726207e+01 -1.097597e+01 -7.500000e+00
   endloop
 endfacet
 facet normal  0.000000e+00  0.000000e+00 -1.000000e+00
   outer loop
     vertex -2.691935e+01 -1.016133e+01 -7.500000e+00
     vertex -2.745601e+01 -1.183823e+01 -7.500000e+00
     vertex -2.737813e+01 -1.140281e+01 -7.500000e+00
   endloop
 endfacet
 facet normal  0.000000e+00  0.000000e+00 -1.000000e+00
   outer loop
     vertex -2.006414e+01 -1.686653e+01 -7.500000e+00
     vertex -2.087100e+01 -1.722719e+01 -7.500000e+00
     vertex -2.129516e+01 -1.735267e+01 -7.500000e+00
   endloop
 endfacet
 facet normal  0.000000e+00  0.000000e+00 -1.000000e+00
   outer loop
     vertex -2.006414e+01 -1.686653e+01 -7.500000e+00
     vertex -2.045958e+01 -1.706472e+01 -7.500000e+00
     vertex -2.087100e+01 -1.722719e+01 -7.500000e+00
   endloop
 endfacet
 facet normal  0.000000e+00  0.000000e+00 -1.000000e+00
   outer loop
     vertex -2.615090e+01 -9.083721e+00 -7.500000e+00
     vertex -2.669536e+01 -9.779898e+00 -7.500000e+00
     vertex -2.643854e+01 -9.419756e+00 -7.500000e+00
   endloop
 endfacet
 facet normal -0.000000e+00  0.000000e+00 -1.000000e+00
   outer loop
     vertex -1.900379e+01 -1.607443e+01 -7.500000e+00
     vertex -2.261061e+01 -1.749878e+01 -7.500000e+00
     vertex -2.615090e+01 -1.591628e+01 -7.500000e+00
   endloop
 endfacet
 facet normal  0.000000e+00  0.000000e+00 -1.000000e+00
   outer loop
     vertex -1.900379e+01 -1.607443e+01 -7.500000e+00
     vertex -2.129516e+01 -1.735267e+01 -7.500000e+00
     vertex -2.261061e+01 -1.749878e+01 -7.500000e+00
   endloop
 endfacet
 facet normal  0.000000e+00  0.000000e+00 -1.000000e+00
   outer loop
     vertex -1.900379e+01 -1.607443e+01 -7.500000e+00
     vertex -2.669536e+01 -1.522010e+01 -7.500000e+00
     vertex -2.745601e+01 -1.183823e+01 -7.500000e+00
   endloop
 endfacet
 facet normal  0.000000e+00  0.000000e+00 -1.000000e+00
   outer loop
     vertex -1.900379e+01 -1.607443e+01 -7.500000e+00
     vertex -2.745601e+01 -1.183823e+01 -7.500000e+00
     vertex -2.691935e+01 -1.016133e+01 -7.500000e+00
   endloop
 endfacet
 facet normal  0.000000e+00  0.000000e+00 -1.000000e+00
   outer loop
     vertex -1.900379e+01 -1.607443e+01 -7.500000e+00
     vertex -2.006414e+01 -1.686653e+01 -7.500000e+00
     vertex -2.129516e+01 -1.735267e+01 -7.500000e+00
   endloop
 endfacet
 facet normal  0.000000e+00  0.000000e+00 -1.000000e+00
   outer loop
     vertex -1.900379e+01 -1.607443e+01 -7.500000e+00
     vertex -1.968775e+01 -1.663416e+01 -7.500000e+00
     vertex -2.006414e+01 -1.686653e+01 -7.500000e+00
   endloop
 endfacet
 facet normal  0.000000e+00  0.000000e+00 -1.000000e+00
   outer loop
     vertex -1.900379e+01 -1.607443e+01 -7.500000e+00
     vertex -1.933338e+01 -1.636943e+01 -7.500000e+00
     vertex -1.968775e+01 -1.663416e+01 -7.500000e+00
   endloop
 endfacet
 facet normal  0.000000e+00  0.000000e+00 -1.000000e+00
   outer loop
     vertex -1.900379e+01 -1.607443e+01 -7.500000e+00
     vertex -2.615090e+01 -1.591628e+01 -7.500000e+00
     vertex -2.669536e+01 -1.522010e+01 -7.500000e+00
   endloop
 endfacet
 facet normal  0.000000e+00  0.000000e+00 -1.000000e+00
   outer loop
     vertex -2.512663e+01 -8.245492e+00 -7.500000e+00
     vertex -2.583468e+01 -8.774423e+00 -7.500000e+00
     vertex -2.549236e+01 -8.494283e+00 -7.500000e+00
   endloop
 endfacet
 facet normal  0.000000e+00  0.000000e+00 -1.000000e+00
   outer loop
     vertex -2.512663e+01 -8.245492e+00 -7.500000e+00
     vertex -2.615090e+01 -9.083721e+00 -7.500000e+00
     vertex -2.583468e+01 -8.774423e+00 -7.500000e+00
   endloop
 endfacet
 facet normal  0.000000e+00  0.000000e+00 -1.000000e+00
   outer loop
     vertex -2.474033e+01 -8.030000e+00 -7.500000e+00
     vertex -2.615090e+01 -9.083721e+00 -7.500000e+00
     vertex -2.512663e+01 -8.245492e+00 -7.500000e+00
   endloop
 endfacet
 facet normal  0.000000e+00  0.000000e+00 -1.000000e+00
   outer loop
     vertex -2.433651e+01 -7.849491e+00 -7.500000e+00
     vertex -2.669536e+01 -9.779898e+00 -7.500000e+00
     vertex -2.615090e+01 -9.083721e+00 -7.500000e+00
   endloop
 endfacet
 facet normal  0.000000e+00  0.000000e+00 -1.000000e+00
   outer loop
     vertex -2.433651e+01 -7.849491e+00 -7.500000e+00
     vertex -2.691935e+01 -1.016133e+01 -7.500000e+00
     vertex -2.669536e+01 -9.779898e+00 -7.500000e+00
   endloop
 endfacet
 facet normal  0.000000e+00  0.000000e+00 -1.000000e+00
   outer loop
     vertex -2.433651e+01 -7.849491e+00 -7.500000e+00
     vertex -2.615090e+01 -9.083721e+00 -7.500000e+00
     vertex -2.474033e+01 -8.030000e+00 -7.500000e+00
   endloop
 endfacet
 facet normal  0.000000e+00  0.000000e+00 -1.000000e+00
   outer loop
     vertex -1.781000e+01 -1.423318e+01 -7.500000e+00
     vertex -1.798153e+01 -1.464090e+01 -7.500000e+00
     vertex -1.818843e+01 -1.503186e+01 -7.500000e+00
   endloop
 endfacet
 facet normal  0.000000e+00  0.000000e+00 -1.000000e+00
   outer loop
     vertex -2.348901e+01 -7.598790e+00 -7.500000e+00
     vertex -2.433651e+01 -7.849491e+00 -7.500000e+00
     vertex -2.391831e+01 -7.705378e+00 -7.500000e+00
   endloop
 endfacet
 facet normal  0.000000e+00  0.000000e+00 -1.000000e+00
   outer loop
     vertex -2.305197e+01 -7.530560e+00 -7.500000e+00
     vertex -2.433651e+01 -7.849491e+00 -7.500000e+00
     vertex -2.348901e+01 -7.598790e+00 -7.500000e+00
   endloop
 endfacet
 facet normal  0.000000e+00  0.000000e+00 -1.000000e+00
   outer loop
     vertex -1.751957e+01 -1.294190e+01 -7.500000e+00
     vertex -1.767518e+01 -1.381189e+01 -7.500000e+00
     vertex -1.781000e+01 -1.423318e+01 -7.500000e+00
   endloop
 endfacet
 facet normal  0.000000e+00  0.000000e+00 -1.000000e+00
   outer loop
     vertex -1.751957e+01 -1.294190e+01 -7.500000e+00
     vertex -1.757811e+01 -1.338034e+01 -7.500000e+00
     vertex -1.767518e+01 -1.381189e+01 -7.500000e+00
   endloop
 endfacet
 facet normal -0.000000e+00  0.000000e+00 -1.000000e+00
   outer loop
     vertex -2.216839e+01 -7.511009e+00 -7.500000e+00
     vertex -2.305197e+01 -7.530560e+00 -7.500000e+00
     vertex -2.261061e+01 -7.501224e+00 -7.500000e+00
   endloop
 endfacet
 facet normal  0.000000e+00 -0.000000e+00 -1.000000e+00
   outer loop
     vertex -2.216839e+01 -7.511009e+00 -7.500000e+00
     vertex -1.900379e+01 -1.607443e+01 -7.500000e+00
     vertex -2.691935e+01 -1.016133e+01 -7.500000e+00
   endloop
 endfacet
 facet normal  0.000000e+00  0.000000e+00 -1.000000e+00
   outer loop
     vertex -2.216839e+01 -7.511009e+00 -7.500000e+00
     vertex -2.433651e+01 -7.849491e+00 -7.500000e+00
     vertex -2.305197e+01 -7.530560e+00 -7.500000e+00
   endloop
 endfacet
 facet normal  0.000000e+00  0.000000e+00 -1.000000e+00
   outer loop
     vertex -2.216839e+01 -7.511009e+00 -7.500000e+00
     vertex -2.691935e+01 -1.016133e+01 -7.500000e+00
     vertex -2.433651e+01 -7.849491e+00 -7.500000e+00
   endloop
 endfacet
 facet normal  0.000000e+00  0.000000e+00 -1.000000e+00
   outer loop
     vertex -2.216839e+01 -7.511009e+00 -7.500000e+00
     vertex -1.870156e+01 -1.575144e+01 -7.500000e+00
     vertex -1.900379e+01 -1.607443e+01 -7.500000e+00
   endloop
 endfacet
 facet normal  0.000000e+00  0.000000e+00 -1.000000e+00
   outer loop
     vertex -1.751957e+01 -1.205810e+01 -7.500000e+00
     vertex -1.818843e+01 -1.503186e+01 -7.500000e+00
     vertex -1.842907e+01 -1.540301e+01 -7.500000e+00
   endloop
 endfacet
 facet normal  0.000000e+00  0.000000e+00 -1.000000e+00
   outer loop
     vertex -1.751957e+01 -1.205810e+01 -7.500000e+00
     vertex -1.781000e+01 -1.423318e+01 -7.500000e+00
     vertex -1.818843e+01 -1.503186e+01 -7.500000e+00
   endloop
 endfacet
 facet normal  0.000000e+00  0.000000e+00 -1.000000e+00
   outer loop
     vertex -1.751957e+01 -1.205810e+01 -7.500000e+00
     vertex -1.750000e+01 -1.250000e+01 -7.500000e+00
     vertex -1.751957e+01 -1.294190e+01 -7.500000e+00
   endloop
 endfacet
 facet normal  0.000000e+00 -0.000000e+00 -1.000000e+00
   outer loop
     vertex -1.751957e+01 -1.205810e+01 -7.500000e+00
     vertex -1.751957e+01 -1.294190e+01 -7.500000e+00
     vertex -1.781000e+01 -1.423318e+01 -7.500000e+00
   endloop
 endfacet
 facet normal  0.000000e+00  0.000000e+00 -1.000000e+00
   outer loop
     vertex -2.129516e+01 -7.647334e+00 -7.500000e+00
     vertex -2.216839e+01 -7.511009e+00 -7.500000e+00
     vertex -2.172876e+01 -7.559840e+00 -7.500000e+00
   endloop
 endfacet
 facet normal -0.000000e+00 -0.000000e+00 -1.000000e+00
   outer loop
     vertex -2.129516e+01 -7.647334e+00 -7.500000e+00
     vertex -1.870156e+01 -1.575144e+01 -7.500000e+00
     vertex -2.216839e+01 -7.511009e+00 -7.500000e+00
   endloop
 endfacet
 facet normal  0.000000e+00  0.000000e+00 -1.000000e+00
   outer loop
     vertex -1.767518e+01 -1.118811e+01 -7.500000e+00
     vertex -1.757811e+01 -1.161966e+01 -7.500000e+00
     vertex -1.751957e+01 -1.205810e+01 -7.500000e+00
   endloop
 endfacet
 facet normal  0.000000e+00  0.000000e+00 -1.000000e+00
   outer loop
     vertex -1.767518e+01 -1.118811e+01 -7.500000e+00
     vertex -1.842907e+01 -1.540301e+01 -7.500000e+00
     vertex -1.870156e+01 -1.575144e+01 -7.500000e+00
   endloop
 endfacet
 facet normal  0.000000e+00 -0.000000e+00 -1.000000e+00
   outer loop
     vertex -1.767518e+01 -1.118811e+01 -7.500000e+00
     vertex -1.751957e+01 -1.205810e+01 -7.500000e+00
     vertex -1.842907e+01 -1.540301e+01 -7.500000e+00
   endloop
 endfacet
 facet normal  0.000000e+00  0.000000e+00 -1.000000e+00
   outer loop
     vertex -1.842907e+01 -9.596986e+00 -7.500000e+00
     vertex -1.781000e+01 -1.076682e+01 -7.500000e+00
     vertex -1.767518e+01 -1.118811e+01 -7.500000e+00
   endloop
 endfacet
 facet normal  0.000000e+00  0.000000e+00 -1.000000e+00
   outer loop
     vertex -1.842907e+01 -9.596986e+00 -7.500000e+00
     vertex -1.798153e+01 -1.035910e+01 -7.500000e+00
     vertex -1.781000e+01 -1.076682e+01 -7.500000e+00
   endloop
 endfacet
 facet normal  0.000000e+00  0.000000e+00 -1.000000e+00
   outer loop
     vertex -1.842907e+01 -9.596986e+00 -7.500000e+00
     vertex -1.818843e+01 -9.968135e+00 -7.500000e+00
     vertex -1.798153e+01 -1.035910e+01 -7.500000e+00
   endloop
 endfacet
 facet normal  0.000000e+00 -0.000000e+00 -1.000000e+00
   outer loop
     vertex -1.842907e+01 -9.596986e+00 -7.500000e+00
     vertex -1.767518e+01 -1.118811e+01 -7.500000e+00
     vertex -1.870156e+01 -1.575144e+01 -7.500000e+00
   endloop
 endfacet
 facet normal  0.000000e+00  0.000000e+00 -1.000000e+00
   outer loop
     vertex -1.933338e+01 -8.630565e+00 -7.500000e+00
     vertex -2.006414e+01 -8.133472e+00 -7.500000e+00
     vertex -1.968775e+01 -8.365841e+00 -7.500000e+00
   endloop
 endfacet
 facet normal  0.000000e+00  0.000000e+00 -1.000000e+00
   outer loop
     vertex -1.900379e+01 -8.925573e+00 -7.500000e+00
     vertex -2.006414e+01 -8.133472e+00 -7.500000e+00
     vertex -1.933338e+01 -8.630565e+00 -7.500000e+00
   endloop
 endfacet
 facet normal  0.000000e+00  0.000000e+00 -1.000000e+00
   outer loop
     vertex -1.900379e+01 -8.925573e+00 -7.500000e+00
     vertex -1.870156e+01 -9.248556e+00 -7.500000e+00
     vertex -1.842907e+01 -9.596986e+00 -7.500000e+00
   endloop
 endfacet
 facet normal  0.000000e+00  0.000000e+00 -1.000000e+00
   outer loop
     vertex -1.900379e+01 -8.925573e+00 -7.500000e+00
     vertex -1.842907e+01 -9.596986e+00 -7.500000e+00
     vertex -1.870156e+01 -1.575144e+01 -7.500000e+00
   endloop
 endfacet
 facet normal  0.000000e+00  0.000000e+00 -1.000000e+00
   outer loop
     vertex -1.900379e+01 -8.925573e+00 -7.500000e+00
     vertex -2.045958e+01 -7.935277e+00 -7.500000e+00
     vertex -2.006414e+01 -8.133472e+00 -7.500000e+00
   endloop
 endfacet
 facet normal  0.000000e+00  0.000000e+00 -1.000000e+00
   outer loop
     vertex -1.900379e+01 -8.925573e+00 -7.500000e+00
     vertex -2.087100e+01 -7.772807e+00 -7.500000e+00
     vertex -2.045958e+01 -7.935277e+00 -7.500000e+00
   endloop
 endfacet
 facet normal  0.000000e+00  0.000000e+00 -1.000000e+00
   outer loop
     vertex -1.900379e+01 -8.925573e+00 -7.500000e+00
     vertex -2.129516e+01 -7.647334e+00 -7.500000e+00
     vertex -2.087100e+01 -7.772807e+00 -7.500000e+00
   endloop
 endfacet
 facet normal -0.000000e+00 -0.000000e+00 -1.000000e+00
   outer loop
     vertex -1.900379e+01 -8.925573e+00 -7.500000e+00
     vertex -1.870156e+01 -1.575144e+01 -7.500000e+00
     vertex -2.129516e+01 -7.647334e+00 -7.500000e+00
   endloop
 endfacet
 facet normal  0.000000e+00  0.000000e+00 -1.000000e+00
   outer loop
     vertex -2.669536e+01  9.779898e+00 -7.500000e+00
     vertex -2.615090e+01  9.083721e+00 -7.500000e+00
     vertex -2.643854e+01  9.419756e+00 -7.500000e+00
   endloop
 endfacet
 facet normal  0.000000e+00  0.000000e+00 -1.000000e+00
   outer loop
     vertex -2.512663e+01  8.245492e+00 -7.500000e+00
     vertex -2.549236e+01  8.494283e+00 -7.500000e+00
     vertex -2.583468e+01  8.774423e+00 -7.500000e+00
   endloop
 endfacet
 facet normal  0.000000e+00  0.000000e+00 -1.000000e+00
   outer loop
     vertex -2.474033e+01  8.030000e+00 -7.500000e+00
     vertex -2.583468e+01  8.774423e+00 -7.500000e+00
     vertex -2.615090e+01  9.083721e+00 -7.500000e+00
   endloop
 endfacet
 facet normal  0.000000e+00  0.000000e+00 -1.000000e+00
   outer loop
     vertex -2.474033e+01  8.030000e+00 -7.500000e+00
     vertex -2.512663e+01  8.245492e+00 -7.500000e+00
     vertex -2.583468e+01  8.774423e+00 -7.500000e+00
   endloop
 endfacet
 facet normal  0.000000e+00  0.000000e+00 -1.000000e+00
   outer loop
     vertex -2.710874e+01  1.056106e+01 -7.500000e+00
     vertex -2.669536e+01  9.779898e+00 -7.500000e+00
     vertex -2.691935e+01  1.016133e+01 -7.500000e+00
   endloop
 endfacet
 facet normal  0.000000e+00  0.000000e+00 -1.000000e+00
   outer loop
     vertex -2.749511e+01  1.227883e+01 -7.500000e+00
     vertex -2.737813e+01  1.140281e+01 -7.500000e+00
     vertex -2.745601e+01  1.183823e+01 -7.500000e+00
   endloop
 endfacet
 facet normal  0.000000e+00  0.000000e+00 -1.000000e+00
   outer loop
     vertex -2.261061e+01  7.501224e+00 -7.500000e+00
     vertex -2.433651e+01  7.849491e+00 -7.500000e+00
     vertex -2.474033e+01  8.030000e+00 -7.500000e+00
   endloop
 endfacet
 facet normal  0.000000e+00  0.000000e+00 -1.000000e+00
   outer loop
     vertex -2.261061e+01  7.501224e+00 -7.500000e+00
     vertex -2.391831e+01  7.705378e+00 -7.500000e+00
     vertex -2.433651e+01  7.849491e+00 -7.500000e+00
   endloop
 endfacet
 facet normal  0.000000e+00  0.000000e+00 -1.000000e+00
   outer loop
     vertex -2.261061e+01  7.501224e+00 -7.500000e+00
     vertex -2.348901e+01  7.598790e+00 -7.500000e+00
     vertex -2.391831e+01  7.705378e+00 -7.500000e+00
   endloop
 endfacet
 facet normal  0.000000e+00  0.000000e+00 -1.000000e+00
   outer loop
     vertex -2.261061e+01  7.501224e+00 -7.500000e+00
     vertex -2.305197e+01  7.530560e+00 -7.500000e+00
     vertex -2.348901e+01  7.598790e+00 -7.500000e+00
   endloop
 endfacet
 facet normal  0.000000e+00  0.000000e+00 -1.000000e+00
   outer loop
     vertex -2.261061e+01  7.501224e+00 -7.500000e+00
     vertex -2.474033e+01  8.030000e+00 -7.500000e+00
     vertex -2.615090e+01  9.083721e+00 -7.500000e+00
   endloop
 endfacet
 facet normal  0.000000e+00 -0.000000e+00 -1.000000e+00
   outer loop
     vertex -2.745601e+01  1.316177e+01 -7.500000e+00
     vertex -2.737813e+01  1.140281e+01 -7.500000e+00
     vertex -2.749511e+01  1.227883e+01 -7.500000e+00
   endloop
 endfacet
 facet normal  0.000000e+00  0.000000e+00 -1.000000e+00
   outer loop
     vertex -2.745601e+01  1.316177e+01 -7.500000e+00
     vertex -2.749511e+01  1.227883e+01 -7.500000e+00
     vertex -2.749511e+01  1.272117e+01 -7.500000e+00
   endloop
 endfacet
 facet normal  0.000000e+00  0.000000e+00 -1.000000e+00
   outer loop
     vertex -2.745601e+01  1.316177e+01 -7.500000e+00
     vertex -2.726207e+01  1.097597e+01 -7.500000e+00
     vertex -2.737813e+01  1.140281e+01 -7.500000e+00
   endloop
 endfacet
 facet normal  0.000000e+00  0.000000e+00 -1.000000e+00
   outer loop
     vertex -2.745601e+01  1.316177e+01 -7.500000e+00
     vertex -2.710874e+01  1.056106e+01 -7.500000e+00
     vertex -2.726207e+01  1.097597e+01 -7.500000e+00
   endloop
 endfacet
 facet normal  0.000000e+00  0.000000e+00 -1.000000e+00
   outer loop
     vertex -2.745601e+01  1.316177e+01 -7.500000e+00
     vertex -2.669536e+01  9.779898e+00 -7.500000e+00
     vertex -2.710874e+01  1.056106e+01 -7.500000e+00
   endloop
 endfacet
 facet normal  0.000000e+00  0.000000e+00 -1.000000e+00
   outer loop
     vertex -2.172876e+01  7.559840e+00 -7.500000e+00
     vertex -2.216839e+01  7.511009e+00 -7.500000e+00
     vertex -2.261061e+01  7.501224e+00 -7.500000e+00
   endloop
 endfacet
 facet normal  0.000000e+00  0.000000e+00 -1.000000e+00
   outer loop
     vertex -2.129516e+01  7.647334e+00 -7.500000e+00
     vertex -2.172876e+01  7.559840e+00 -7.500000e+00
     vertex -2.261061e+01  7.501224e+00 -7.500000e+00
   endloop
 endfacet
 facet normal  0.000000e+00  0.000000e+00 -1.000000e+00
   outer loop
     vertex -2.691935e+01  1.483867e+01 -7.500000e+00
     vertex -2.726207e+01  1.402403e+01 -7.500000e+00
     vertex -2.710874e+01  1.443894e+01 -7.500000e+00
   endloop
 endfacet
 facet normal  0.000000e+00  0.000000e+00 -1.000000e+00
   outer loop
     vertex -2.691935e+01  1.483867e+01 -7.500000e+00
     vertex -2.737813e+01  1.359719e+01 -7.500000e+00
     vertex -2.726207e+01  1.402403e+01 -7.500000e+00
   endloop
 endfacet
 facet normal  0.000000e+00  0.000000e+00 -1.000000e+00
   outer loop
     vertex -2.691935e+01  1.483867e+01 -7.500000e+00
     vertex -2.745601e+01  1.316177e+01 -7.500000e+00
     vertex -2.737813e+01  1.359719e+01 -7.500000e+00
   endloop
 endfacet
 facet normal  0.000000e+00  0.000000e+00 -1.000000e+00
   outer loop
     vertex -2.006414e+01  8.133472e+00 -7.500000e+00
     vertex -2.087100e+01  7.772807e+00 -7.500000e+00
     vertex -2.129516e+01  7.647334e+00 -7.500000e+00
   endloop
 endfacet
 facet normal  0.000000e+00  0.000000e+00 -1.000000e+00
   outer loop
     vertex -2.006414e+01  8.133472e+00 -7.500000e+00
     vertex -2.045958e+01  7.935277e+00 -7.500000e+00
     vertex -2.087100e+01  7.772807e+00 -7.500000e+00
   endloop
 endfacet
 facet normal  0.000000e+00  0.000000e+00 -1.000000e+00
   outer loop
     vertex -2.615090e+01  1.591628e+01 -7.500000e+00
     vertex -2.669536e+01  1.522010e+01 -7.500000e+00
     vertex -2.643854e+01  1.558024e+01 -7.500000e+00
   endloop
 endfacet
 facet normal -0.000000e+00  0.000000e+00 -1.000000e+00
   outer loop
     vertex -1.900379e+01  8.925573e+00 -7.500000e+00
     vertex -2.261061e+01  7.501224e+00 -7.500000e+00
     vertex -2.615090e+01  9.083721e+00 -7.500000e+00
   endloop
 endfacet
 facet normal  0.000000e+00  0.000000e+00 -1.000000e+00
   outer loop
     vertex -1.900379e+01  8.925573e+00 -7.500000e+00
     vertex -2.129516e+01  7.647334e+00 -7.500000e+00
     vertex -2.261061e+01  7.501224e+00 -7.500000e+00
   endloop
 endfacet
 facet normal  0.000000e+00  0.000000e+00 -1.000000e+00
   outer loop
     vertex -1.900379e+01  8.925573e+00 -7.500000e+00
     vertex -2.669536e+01  9.779898e+00 -7.500000e+00
     vertex -2.745601e+01  1.316177e+01 -7.500000e+00
   endloop
 endfacet
 facet normal  0.000000e+00  0.000000e+00 -1.000000e+00
   outer loop
     vertex -1.900379e+01  8.925573e+00 -7.500000e+00
     vertex -2.745601e+01  1.316177e+01 -7.500000e+00
     vertex -2.691935e+01  1.483867e+01 -7.500000e+00
   endloop
 endfacet
 facet normal  0.000000e+00  0.000000e+00 -1.000000e+00
   outer loop
     vertex -1.900379e+01  8.925573e+00 -7.500000e+00
     vertex -2.006414e+01  8.133472e+00 -7.500000e+00
     vertex -2.129516e+01  7.647334e+00 -7.500000e+00
   endloop
 endfacet
 facet normal  0.000000e+00  0.000000e+00 -1.000000e+00
   outer loop
     vertex -1.900379e+01  8.925573e+00 -7.500000e+00
     vertex -1.968775e+01  8.365841e+00 -7.500000e+00
     vertex -2.006414e+01  8.133472e+00 -7.500000e+00
   endloop
 endfacet
 facet normal  0.000000e+00  0.000000e+00 -1.000000e+00
   outer loop
     vertex -1.900379e+01  8.925573e+00 -7.500000e+00
     vertex -1.933338e+01  8.630565e+00 -7.500000e+00
     vertex -1.968775e+01  8.365841e+00 -7.500000e+00
   endloop
 endfacet
 facet normal  0.000000e+00  0.000000e+00 -1.000000e+00
   outer loop
     vertex -1.900379e+01  8.925573e+00 -7.500000e+00
     vertex -2.615090e+01  9.083721e+00 -7.500000e+00
     vertex -2.669536e+01  9.779898e+00 -7.500000e+00
   endloop
 endfacet
 facet normal  0.000000e+00  0.000000e+00 -1.000000e+00
   outer loop
     vertex -2.512663e+01  1.675451e+01 -7.500000e+00
     vertex -2.583468e+01  1.622558e+01 -7.500000e+00
     vertex -2.549236e+01  1.650572e+01 -7.500000e+00
   endloop
 endfacet
 facet normal  0.000000e+00  0.000000e+00 -1.000000e+00
   outer loop
     vertex -2.512663e+01  1.675451e+01 -7.500000e+00
     vertex -2.615090e+01  1.591628e+01 -7.500000e+00
     vertex -2.583468e+01  1.622558e+01 -7.500000e+00
   endloop
 endfacet
 facet normal  0.000000e+00  0.000000e+00 -1.000000e+00
   outer loop
     vertex -2.474033e+01  1.697000e+01 -7.500000e+00
     vertex -2.615090e+01  1.591628e+01 -7.500000e+00
     vertex -2.512663e+01  1.675451e+01 -7.500000e+00
   endloop
 endfacet
 facet normal  0.000000e+00  0.000000e+00 -1.000000e+00
   outer loop
     vertex -2.433651e+01  1.715051e+01 -7.500000e+00
     vertex -2.669536e+01  1.522010e+01 -7.500000e+00
     vertex -2.615090e+01  1.591628e+01 -7.500000e+00
   endloop
 endfacet
 facet normal  0.000000e+00  0.000000e+00 -1.000000e+00
   outer loop
     vertex -2.433651e+01  1.715051e+01 -7.500000e+00
     vertex -2.691935e+01  1.483867e+01 -7.500000e+00
     vertex -2.669536e+01  1.522010e+01 -7.500000e+00
   endloop
 endfacet
 facet normal  0.000000e+00  0.000000e+00 -1.000000e+00
   outer loop
     vertex -2.433651e+01  1.715051e+01 -7.500000e+00
     vertex -2.615090e+01  1.591628e+01 -7.500000e+00
     vertex -2.474033e+01  1.697000e+01 -7.500000e+00
   endloop
 endfacet
 facet normal  0.000000e+00  0.000000e+00 -1.000000e+00
   outer loop
     vertex -1.781000e+01  1.076682e+01 -7.500000e+00
     vertex -1.798153e+01  1.035910e+01 -7.500000e+00
     vertex -1.818843e+01  9.968135e+00 -7.500000e+00
   endloop
 endfacet
 facet normal  0.000000e+00  0.000000e+00 -1.000000e+00
   outer loop
     vertex -2.348901e+01  1.740121e+01 -7.500000e+00
     vertex -2.433651e+01  1.715051e+01 -7.500000e+00
     vertex -2.391831e+01  1.729462e+01 -7.500000e+00
   endloop
 endfacet
 facet normal  0.000000e+00  0.000000e+00 -1.000000e+00
   outer loop
     vertex -2.305197e+01  1.746944e+01 -7.500000e+00
     vertex -2.433651e+01  1.715051e+01 -7.500000e+00
     vertex -2.348901e+01  1.740121e+01 -7.500000e+00
   endloop
 endfacet
 facet normal  0.000000e+00  0.000000e+00 -1.000000e+00
   outer loop
     vertex -1.751957e+01  1.205810e+01 -7.500000e+00
     vertex -1.767518e+01  1.118811e+01 -7.500000e+00
     vertex -1.781000e+01  1.076682e+01 -7.500000e+00
   endloop
 endfacet
 facet normal  0.000000e+00  0.000000e+00 -1.000000e+00
   outer loop
     vertex -1.751957e+01  1.205810e+01 -7.500000e+00
     vertex -1.757811e+01  1.161966e+01 -7.500000e+00
     vertex -1.767518e+01  1.118811e+01 -7.500000e+00
   endloop
 endfacet
 facet normal -0.000000e+00  0.000000e+00 -1.000000e+00
   outer loop
     vertex -2.216839e+01  1.748899e+01 -7.500000e+00
     vertex -2.305197e+01  1.746944e+01 -7.500000e+00
     vertex -2.261061e+01  1.749878e+01 -7.500000e+00
   endloop
 endfacet
 facet normal  0.000000e+00 -0.000000e+00 -1.000000e+00
   outer loop
     vertex -2.216839e+01  1.748899e+01 -7.500000e+00
     vertex -1.900379e+01  8.925573e+00 -7.500000e+00
     vertex -2.691935e+01  1.483867e+01 -7.500000e+00
   endloop
 endfacet
 facet normal  0.000000e+00  0.000000e+00 -1.000000e+00
   outer loop
     vertex -2.216839e+01  1.748899e+01 -7.500000e+00
     vertex -2.433651e+01  1.715051e+01 -7.500000e+00
     vertex -2.305197e+01  1.746944e+01 -7.500000e+00
   endloop
 endfacet
 facet normal  0.000000e+00  0.000000e+00 -1.000000e+00
   outer loop
     vertex -2.216839e+01  1.748899e+01 -7.500000e+00
     vertex -2.691935e+01  1.483867e+01 -7.500000e+00
     vertex -2.433651e+01  1.715051e+01 -7.500000e+00
   endloop
 endfacet
 facet normal  0.000000e+00  0.000000e+00 -1.000000e+00
   outer loop
     vertex -2.216839e+01  1.748899e+01 -7.500000e+00
     vertex -1.870156e+01  9.248556e+00 -7.500000e+00
     vertex -1.900379e+01  8.925573e+00 -7.500000e+00
   endloop
 endfacet
 facet normal  0.000000e+00  0.000000e+00 -1.000000e+00
   outer loop
     vertex -1.751957e+01  1.294190e+01 -7.500000e+00
     vertex -1.818843e+01  9.968135e+00 -7.500000e+00
     vertex -1.842907e+01  9.596986e+00 -7.500000e+00
   endloop
 endfacet
 facet normal  0.000000e+00  0.000000e+00 -1.000000e+00
   outer loop
     vertex -1.751957e+01  1.294190e+01 -7.500000e+00
     vertex -1.781000e+01  1.076682e+01 -7.500000e+00
     vertex -1.818843e+01  9.968135e+00 -7.500000e+00
   endloop
 endfacet
 facet normal  0.000000e+00  0.000000e+00 -1.000000e+00
   outer loop
     vertex -1.751957e+01  1.294190e+01 -7.500000e+00
     vertex -1.750000e+01  1.250000e+01 -7.500000e+00
     vertex -1.751957e+01  1.205810e+01 -7.500000e+00
   endloop
 endfacet
 facet normal  0.000000e+00 -0.000000e+00 -1.000000e+00
   outer loop
     vertex -1.751957e+01  1.294190e+01 -7.500000e+00
     vertex -1.751957e+01  1.205810e+01 -7.500000e+00
     vertex -1.781000e+01  1.076682e+01 -7.500000e+00
   endloop
 endfacet
 facet normal  0.000000e+00  0.000000e+00 -1.000000e+00
   outer loop
     vertex -2.129516e+01  1.735267e+01 -7.500000e+00
     vertex -2.216839e+01  1.748899e+01 -7.500000e+00
     vertex -2.172876e+01  1.744016e+01 -7.500000e+00
   endloop
 endfacet
 facet normal -0.000000e+00 -0.000000e+00 -1.000000e+00
   outer loop
     vertex -2.129516e+01  1.735267e+01 -7.500000e+00
     vertex -1.870156e+01  9.248556e+00 -7.500000e+00
     vertex -2.216839e+01  1.748899e+01 -7.500000e+00
   endloop
 endfacet
 facet normal  0.000000e+00  0.000000e+00 -1.000000e+00
   outer loop
     vertex -1.767518e+01  1.381189e+01 -7.500000e+00
     vertex -1.757811e+01  1.338034e+01 -7.500000e+00
     vertex -1.751957e+01  1.294190e+01 -7.500000e+00
   endloop
 endfacet
 facet normal  0.000000e+00  0.000000e+00 -1.000000e+00
   outer loop
     vertex -1.767518e+01  1.381189e+01 -7.500000e+00
     vertex -1.842907e+01  9.596986e+00 -7.500000e+00
     vertex -1.870156e+01  9.248556e+00 -7.500000e+00
   endloop
 endfacet
 facet normal  0.000000e+00 -0.000000e+00 -1.000000e+00
   outer loop
     vertex -1.767518e+01  1.381189e+01 -7.500000e+00
     vertex -1.751957e+01  1.294190e+01 -7.500000e+00
     vertex -1.842907e+01  9.596986e+00 -7.500000e+00
   endloop
 endfacet
 facet normal  0.000000e+00  0.000000e+00 -1.000000e+00
   outer loop
     vertex -1.842907e+01  1.540301e+01 -7.500000e+00
     vertex -1.781000e+01  1.423318e+01 -7.500000e+00
     vertex -1.767518e+01  1.381189e+01 -7.500000e+00
   endloop
 endfacet
 facet normal  0.000000e+00  0.000000e+00 -1.000000e+00
   outer loop
     vertex -1.842907e+01  1.540301e+01 -7.500000e+00
     vertex -1.798153e+01  1.464090e+01 -7.500000e+00
     vertex -1.781000e+01  1.423318e+01 -7.500000e+00
   endloop
 endfacet
 facet normal  0.000000e+00  0.000000e+00 -1.000000e+00
   outer loop
     vertex -1.842907e+01  1.540301e+01 -7.500000e+00
     vertex -1.818843e+01  1.503186e+01 -7.500000e+00
     vertex -1.798153e+01  1.464090e+01 -7.500000e+00
   endloop
 endfacet
 facet normal  0.000000e+00 -0.000000e+00 -1.000000e+00
   outer loop
     vertex -1.842907e+01  1.540301e+01 -7.500000e+00
     vertex -1.767518e+01  1.381189e+01 -7.500000e+00
     vertex -1.870156e+01  9.248556e+00 -7.500000e+00
   endloop
 endfacet
 facet normal  0.000000e+00  0.000000e+00 -1.000000e+00
   outer loop
     vertex -1.933338e+01  1.636943e+01 -7.500000e+00
     vertex -2.006414e+01  1.686653e+01 -7.500000e+00
     vertex -1.968775e+01  1.663416e+01 -7.500000e+00
   endloop
 endfacet
 facet normal  0.000000e+00  0.000000e+00 -1.000000e+00
   outer loop
     vertex -1.900379e+01  1.607443e+01 -7.500000e+00
     vertex -2.006414e+01  1.686653e+01 -7.500000e+00
     vertex -1.933338e+01  1.636943e+01 -7.500000e+00
   endloop
 endfacet
 facet normal  0.000000e+00  0.000000e+00 -1.000000e+00
   outer loop
     vertex -1.900379e+01  1.607443e+01 -7.500000e+00
     vertex -1.870156e+01  1.575144e+01 -7.500000e+00
     vertex -1.842907e+01  1.540301e+01 -7.500000e+00
   endloop
 endfacet
 facet normal  0.000000e+00  0.000000e+00 -1.000000e+00
   outer loop
     vertex -1.900379e+01  1.607443e+01 -7.500000e+00
     vertex -1.842907e+01  1.540301e+01 -7.500000e+00
     vertex -1.870156e+01  9.248556e+00 -7.500000e+00
   endloop
 endfacet
 facet normal  0.000000e+00  0.000000e+00 -1.000000e+00
   outer loop
     vertex -1.900379e+01  1.607443e+01 -7.500000e+00
     vertex -2.045958e+01  1.706472e+01 -7.500000e+00
     vertex -2.006414e+01  1.686653e+01 -7.500000e+00
   endloop
 endfacet
 facet normal  0.000000e+00  0.000000e+00 -1.000000e+00
   outer loop
     vertex -1.900379e+01  1.607443e+01 -7.500000e+00
     vertex -2.087100e+01  1.722719e+01 -7.500000e+00
     vertex -2.045958e+01  1.706472e+01 -7.500000e+00
   endloop
 endfacet
 facet normal  0.000000e+00  0.000000e+00 -1.000000e+00
   outer loop
     vertex -1.900379e+01  1.607443e+01 -7.500000e+00
     vertex -2.129516e+01  1.735267e+01 -7.500000e+00
     vertex -2.087100e+01  1.722719e+01 -7.500000e+00
   endloop
 endfacet
 facet normal -0.000000e+00 -0.000000e+00 -1.000000e+00
   outer loop
     vertex -1.900379e+01  1.607443e+01 -7.500000e+00
     vertex -1.870156e+01  9.248556e+00 -7.500000e+00
     vertex -2.129516e+01  1.735267e+01 -7.500000e+00
   endloop
 endfacet
 facet normal  0.000000e+00  0.000000e+00 -1.000000e+00
   outer loop
     vertex  1.830464e+01  9.779898e+00 -7.500000e+00
     vertex  1.884910e+01  9.083721e+00 -7.500000e+00
     vertex  1.856146e+01  9.419756e+00 -7.500000e+00
   endloop
 endfacet
 facet normal  0.000000e+00  0.000000e+00 -1.000000e+00
   outer loop
     vertex  1.987337e+01  8.245492e+00 -7.500000e+00
     vertex  1.950764e+01  8.494283e+00 -7.500000e+00
     vertex  1.916532e+01  8.774423e+00 -7.500000e+00
   endloop
 endfacet
 facet normal  0.000000e+00  0.000000e+00 -1.000000e+00
   outer loop
     vertex  2.025967e+01  8.030000e+00 -7.500000e+00
     vertex  1.916532e+01  8.774423e+00 -7.500000e+00
     vertex  1.884910e+01  9.083721e+00 -7.500000e+00
   endloop
 endfacet
 facet normal  0.000000e+00  0.000000e+00 -1.000000e+00
   outer loop
     vertex  2.025967e+01  8.030000e+00 -7.500000e+00
     vertex  1.987337e+01  8.245492e+00 -7.500000e+00
     vertex  1.916532e+01  8.774423e+00 -7.500000e+00
   endloop
 endfacet
 facet normal  0.000000e+00  0.000000e+00 -1.000000e+00
   outer loop
     vertex  1.789126e+01  1.056106e+01 -7.500000e+00
     vertex  1.830464e+01  9.779898e+00 -7.500000e+00
     vertex  1.808065e+01  1.016133e+01 -7.500000e+00
   endloop
 endfacet
 facet normal  0.000000e+00  0.000000e+00 -1.000000e+00
   outer loop
     vertex  1.750489e+01  1.227883e+01 -7.500000e+00
     vertex  1.762187e+01  1.140281e+01 -7.500000e+00
     vertex  1.754399e+01  1.183823e+01 -7.500000e+00
   endloop
 endfacet
 facet normal  0.000000e+00  0.000000e+00 -1.000000e+00
   outer loop
     vertex  2.238939e+01  7.501224e+00 -7.500000e+00
     vertex  2.066349e+01  7.849491e+00 -7.500000e+00
     vertex  2.025967e+01  8.030000e+00 -7.500000e+00
   endloop
 endfacet
 facet normal  0.000000e+00  0.000000e+00 -1.000000e+00
   outer loop
     vertex  2.238939e+01  7.501224e+00 -7.500000e+00
     vertex  2.108169e+01  7.705378e+00 -7.500000e+00
     vertex  2.066349e+01  7.849491e+00 -7.500000e+00
   endloop
 endfacet
 facet normal  0.000000e+00  0.000000e+00 -1.000000e+00
   outer loop
     vertex  2.238939e+01  7.501224e+00 -7.500000e+00
     vertex  2.151099e+01  7.598790e+00 -7.500000e+00
     vertex  2.108169e+01  7.705378e+00 -7.500000e+00
   endloop
 endfacet
 facet normal  0.000000e+00  0.000000e+00 -1.000000e+00
   outer loop
     vertex  2.238939e+01  7.501224e+00 -7.500000e+00
     vertex  2.194803e+01  7.530560e+00 -7.500000e+00
     vertex  2.151099e+01  7.598790e+00 -7.500000e+00
   endloop
 endfacet
 facet normal  0.000000e+00  0.000000e+00 -1.000000e+00
   outer loop
     vertex  2.238939e+01  7.501224e+00 -7.500000e+00
     vertex  2.025967e+01  8.030000e+00 -7.500000e+00
     vertex  1.884910e+01  9.083721e+00 -7.500000e+00
   endloop
 endfacet
 facet normal  0.000000e+00 -0.000000e+00 -1.000000e+00
   outer loop
     vertex  1.754399e+01  1.316177e+01 -7.500000e+00
     vertex  1.762187e+01  1.140281e+01 -7.500000e+00
     vertex  1.750489e+01  1.227883e+01 -7.500000e+00
   endloop
 endfacet
 facet normal  0.000000e+00  0.000000e+00 -1.000000e+00
   outer loop
     vertex  1.754399e+01  1.316177e+01 -7.500000e+00
     vertex  1.750489e+01  1.227883e+01 -7.500000e+00
     vertex  1.750489e+01  1.272117e+01 -7.500000e+00
   endloop
 endfacet
 facet normal  0.000000e+00  0.000000e+00 -1.000000e+00
   outer loop
     vertex  1.754399e+01  1.316177e+01 -7.500000e+00
     vertex  1.773793e+01  1.097597e+01 -7.500000e+00
     vertex  1.762187e+01  1.140281e+01 -7.500000e+00
   endloop
 endfacet
 facet normal  0.000000e+00  0.000000e+00 -1.000000e+00
   outer loop
     vertex  1.754399e+01  1.316177e+01 -7.500000e+00
     vertex  1.789126e+01  1.056106e+01 -7.500000e+00
     vertex  1.773793e+01  1.097597e+01 -7.500000e+00
   endloop
 endfacet
 facet normal  0.000000e+00  0.000000e+00 -1.000000e+00
   outer loop
     vertex  1.754399e+01  1.316177e+01 -7.500000e+00
     vertex  1.830464e+01  9.779898e+00 -7.500000e+00
     vertex  1.789126e+01  1.056106e+01 -7.500000e+00
   endloop
 endfacet
 facet normal  0.000000e+00  0.000000e+00 -1.000000e+00
   outer loop
     vertex  2.327124e+01  7.559840e+00 -7.500000e+00
     vertex  2.283161e+01  7.511009e+00 -7.500000e+00
     vertex  2.238939e+01  7.501224e+00 -7.500000e+00
   endloop
 endfacet
 facet normal  0.000000e+00  0.000000e+00 -1.000000e+00
   outer loop
     vertex  2.370484e+01  7.647334e+00 -7.500000e+00
     vertex  2.327124e+01  7.559840e+00 -7.500000e+00
     vertex  2.238939e+01  7.501224e+00 -7.500000e+00
   endloop
 endfacet
 facet normal  0.000000e+00  0.000000e+00 -1.000000e+00
   outer loop
     vertex  1.808065e+01  1.483867e+01 -7.500000e+00
     vertex  1.773793e+01  1.402403e+01 -7.500000e+00
     vertex  1.789126e+01  1.443894e+01 -7.500000e+00
   endloop
 endfacet
 facet normal  0.000000e+00  0.000000e+00 -1.000000e+00
   outer loop
     vertex  1.808065e+01  1.483867e+01 -7.500000e+00
     vertex  1.762187e+01  1.359719e+01 -7.500000e+00
     vertex  1.773793e+01  1.402403e+01 -7.500000e+00
   endloop
 endfacet
 facet normal  0.000000e+00  0.000000e+00 -1.000000e+00
   outer loop
     vertex  1.808065e+01  1.483867e+01 -7.500000e+00
     vertex  1.754399e+01  1.316177e+01 -7.500000e+00
     vertex  1.762187e+01  1.359719e+01 -7.500000e+00
   endloop
 endfacet
 facet normal  0.000000e+00  0.000000e+00 -1.000000e+00
   outer loop
     vertex  2.493586e+01  8.133472e+00 -7.500000e+00
     vertex  2.412900e+01  7.772807e+00 -7.500000e+00
     vertex  2.370484e+01  7.647334e+00 -7.500000e+00
   endloop
 endfacet
 facet normal  0.000000e+00  0.000000e+00 -1.000000e+00
   outer loop
     vertex  2.493586e+01  8.133472e+00 -7.500000e+00
     vertex  2.454042e+01  7.935277e+00 -7.500000e+00
     vertex  2.412900e+01  7.772807e+00 -7.500000e+00
   endloop
 endfacet
 facet normal  0.000000e+00  0.000000e+00 -1.000000e+00
   outer loop
     vertex  1.884910e+01  1.591628e+01 -7.500000e+00
     vertex  1.830464e+01  1.522010e+01 -7.500000e+00
     vertex  1.856146e+01  1.558024e+01 -7.500000e+00
   endloop
 endfacet
 facet normal -0.000000e+00  0.000000e+00 -1.000000e+00
   outer loop
     vertex  2.599621e+01  8.925573e+00 -7.500000e+00
     vertex  2.238939e+01  7.501224e+00 -7.500000e+00
     vertex  1.884910e+01  9.083721e+00 -7.500000e+00
   endloop
 endfacet
 facet normal  0.000000e+00  0.000000e+00 -1.000000e+00
   outer loop
     vertex  2.599621e+01  8.925573e+00 -7.500000e+00
     vertex  2.370484e+01  7.647334e+00 -7.500000e+00
     vertex  2.238939e+01  7.501224e+00 -7.500000e+00
   endloop
 endfacet
 facet normal  0.000000e+00  0.000000e+00 -1.000000e+00
   outer loop
     vertex  2.599621e+01  8.925573e+00 -7.500000e+00
     vertex  1.830464e+01  9.779898e+00 -7.500000e+00
     vertex  1.754399e+01  1.316177e+01 -7.500000e+00
   endloop
 endfacet
 facet normal  0.000000e+00  0.000000e+00 -1.000000e+00
   outer loop
     vertex  2.599621e+01  8.925573e+00 -7.500000e+00
     vertex  1.754399e+01  1.316177e+01 -7.500000e+00
     vertex  1.808065e+01  1.483867e+01 -7.500000e+00
   endloop
 endfacet
 facet normal  0.000000e+00  0.000000e+00 -1.000000e+00
   outer loop
     vertex  2.599621e+01  8.925573e+00 -7.500000e+00
     vertex  2.493586e+01  8.133472e+00 -7.500000e+00
     vertex  2.370484e+01  7.647334e+00 -7.500000e+00
   endloop
 endfacet
 facet normal  0.000000e+00  0.000000e+00 -1.000000e+00
   outer loop
     vertex  2.599621e+01  8.925573e+00 -7.500000e+00
     vertex  2.531225e+01  8.365841e+00 -7.500000e+00
     vertex  2.493586e+01  8.133472e+00 -7.500000e+00
   endloop
 endfacet
 facet normal  0.000000e+00  0.000000e+00 -1.000000e+00
   outer loop
     vertex  2.599621e+01  8.925573e+00 -7.500000e+00
     vertex  2.566662e+01  8.630565e+00 -7.500000e+00
     vertex  2.531225e+01  8.365841e+00 -7.500000e+00
   endloop
 endfacet
 facet normal  0.000000e+00  0.000000e+00 -1.000000e+00
   outer loop
     vertex  2.599621e+01  8.925573e+00 -7.500000e+00
     vertex  1.884910e+01  9.083721e+00 -7.500000e+00
     vertex  1.830464e+01  9.779898e+00 -7.500000e+00
   endloop
 endfacet
 facet normal  0.000000e+00  0.000000e+00 -1.000000e+00
   outer loop
     vertex  1.987337e+01  1.675451e+01 -7.500000e+00
     vertex  1.916532e+01  1.622558e+01 -7.500000e+00
     vertex  1.950764e+01  1.650572e+01 -7.500000e+00
   endloop
 endfacet
 facet normal  0.000000e+00  0.000000e+00 -1.000000e+00
   outer loop
     vertex  1.987337e+01  1.675451e+01 -7.500000e+00
     vertex  1.884910e+01  1.591628e+01 -7.500000e+00
     vertex  1.916532e+01  1.622558e+01 -7.500000e+00
   endloop
 endfacet
 facet normal  0.000000e+00  0.000000e+00 -1.000000e+00
   outer loop
     vertex  2.025967e+01  1.697000e+01 -7.500000e+00
     vertex  1.884910e+01  1.591628e+01 -7.500000e+00
     vertex  1.987337e+01  1.675451e+01 -7.500000e+00
   endloop
 endfacet
 facet normal  0.000000e+00  0.000000e+00 -1.000000e+00
   outer loop
     vertex  2.066349e+01  1.715051e+01 -7.500000e+00
     vertex  1.830464e+01  1.522010e+01 -7.500000e+00
     vertex  1.884910e+01  1.591628e+01 -7.500000e+00
   endloop
 endfacet
 facet normal  0.000000e+00  0.000000e+00 -1.000000e+00
   outer loop
     vertex  2.066349e+01  1.715051e+01 -7.500000e+00
     vertex  1.808065e+01  1.483867e+01 -7.500000e+00
     vertex  1.830464e+01  1.522010e+01 -7.500000e+00
   endloop
 endfacet
 facet normal  0.000000e+00  0.000000e+00 -1.000000e+00
   outer loop
     vertex  2.066349e+01  1.715051e+01 -7.500000e+00
     vertex  1.884910e+01  1.591628e+01 -7.500000e+00
     vertex  2.025967e+01  1.697000e+01 -7.500000e+00
   endloop
 endfacet
 facet normal  0.000000e+00  0.000000e+00 -1.000000e+00
   outer loop
     vertex  2.719000e+01  1.076682e+01 -7.500000e+00
     vertex  2.701847e+01  1.035910e+01 -7.500000e+00
     vertex  2.681157e+01  9.968135e+00 -7.500000e+00
   endloop
 endfacet
 facet normal  0.000000e+00  0.000000e+00 -1.000000e+00
   outer loop
     vertex  2.151099e+01  1.740121e+01 -7.500000e+00
     vertex  2.066349e+01  1.715051e+01 -7.500000e+00
     vertex  2.108169e+01  1.729462e+01 -7.500000e+00
   endloop
 endfacet
 facet normal  0.000000e+00  0.000000e+00 -1.000000e+00
   outer loop
     vertex  2.194803e+01  1.746944e+01 -7.500000e+00
     vertex  2.066349e+01  1.715051e+01 -7.500000e+00
     vertex  2.151099e+01  1.740121e+01 -7.500000e+00
   endloop
 endfacet
 facet normal  0.000000e+00  0.000000e+00 -1.000000e+00
   outer loop
     vertex  2.748043e+01  1.205810e+01 -7.500000e+00
     vertex  2.732482e+01  1.118811e+01 -7.500000e+00
     vertex  2.719000e+01  1.076682e+01 -7.500000e+00
   endloop
 endfacet
 facet normal  0.000000e+00  0.000000e+00 -1.000000e+00
   outer loop
     vertex  2.748043e+01  1.205810e+01 -7.500000e+00
     vertex  2.742189e+01  1.161966e+01 -7.500000e+00
     vertex  2.732482e+01  1.118811e+01 -7.500000e+00
   endloop
 endfacet
 facet normal -0.000000e+00  0.000000e+00 -1.000000e+00
   outer loop
     vertex  2.283161e+01  1.748899e+01 -7.500000e+00
     vertex  2.194803e+01  1.746944e+01 -7.500000e+00
     vertex  2.238939e+01  1.749878e+01 -7.500000e+00
   endloop
 endfacet
 facet normal  0.000000e+00 -0.000000e+00 -1.000000e+00
   outer loop
     vertex  2.283161e+01  1.748899e+01 -7.500000e+00
     vertex  2.599621e+01  8.925573e+00 -7.500000e+00
     vertex  1.808065e+01  1.483867e+01 -7.500000e+00
   endloop
 endfacet
 facet normal  0.000000e+00  0.000000e+00 -1.000000e+00
   outer loop
     vertex  2.283161e+01  1.748899e+01 -7.500000e+00
     vertex  2.066349e+01  1.715051e+01 -7.500000e+00
     vertex  2.194803e+01  1.746944e+01 -7.500000e+00
   endloop
 endfacet
 facet normal  0.000000e+00  0.000000e+00 -1.000000e+00
   outer loop
     vertex  2.283161e+01  1.748899e+01 -7.500000e+00
     vertex  1.808065e+01  1.483867e+01 -7.500000e+00
     vertex  2.066349e+01  1.715051e+01 -7.500000e+00
   endloop
 endfacet
 facet normal  0.000000e+00  0.000000e+00 -1.000000e+00
   outer loop
     vertex  2.283161e+01  1.748899e+01 -7.500000e+00
     vertex  2.629844e+01  9.248556e+00 -7.500000e+00
     vertex  2.599621e+01  8.925573e+00 -7.500000e+00
   endloop
 endfacet
 facet normal  0.000000e+00  0.000000e+00 -1.000000e+00
   outer loop
     vertex  2.748043e+01  1.294190e+01 -7.500000e+00
     vertex  2.681157e+01  9.968135e+00 -7.500000e+00
     vertex  2.657093e+01  9.596986e+00 -7.500000e+00
   endloop
 endfacet
 facet normal  0.000000e+00  0.000000e+00 -1.000000e+00
   outer loop
     vertex  2.748043e+01  1.294190e+01 -7.500000e+00
     vertex  2.719000e+01  1.076682e+01 -7.500000e+00
     vertex  2.681157e+01  9.968135e+00 -7.500000e+00
   endloop
 endfacet
 facet normal  0.000000e+00  0.000000e+00 -1.000000e+00
   outer loop
     vertex  2.748043e+01  1.294190e+01 -7.500000e+00
     vertex  2.750000e+01  1.250000e+01 -7.500000e+00
     vertex  2.748043e+01  1.205810e+01 -7.500000e+00
   endloop
 endfacet
 facet normal  0.000000e+00 -0.000000e+00 -1.000000e+00
   outer loop
     vertex  2.748043e+01  1.294190e+01 -7.500000e+00
     vertex  2.748043e+01  1.205810e+01 -7.500000e+00
     vertex  2.719000e+01  1.076682e+01 -7.500000e+00
   endloop
 endfacet
 facet normal  0.000000e+00  0.000000e+00 -1.000000e+00
   outer loop
     vertex  2.370484e+01  1.735267e+01 -7.500000e+00
     vertex  2.283161e+01  1.748899e+01 -7.500000e+00
     vertex  2.327124e+01  1.744016e+01 -7.500000e+00
   endloop
 endfacet
 facet normal -0.000000e+00 -0.000000e+00 -1.000000e+00
   outer loop
     vertex  2.370484e+01  1.735267e+01 -7.500000e+00
     vertex  2.629844e+01  9.248556e+00 -7.500000e+00
     vertex  2.283161e+01  1.748899e+01 -7.500000e+00
   endloop
 endfacet
 facet normal  0.000000e+00  0.000000e+00 -1.000000e+00
   outer loop
     vertex  2.732482e+01  1.381189e+01 -7.500000e+00
     vertex  2.742189e+01  1.338034e+01 -7.500000e+00
     vertex  2.748043e+01  1.294190e+01 -7.500000e+00
   endloop
 endfacet
 facet normal  0.000000e+00  0.000000e+00 -1.000000e+00
   outer loop
     vertex  2.732482e+01  1.381189e+01 -7.500000e+00
     vertex  2.657093e+01  9.596986e+00 -7.500000e+00
     vertex  2.629844e+01  9.248556e+00 -7.500000e+00
   endloop
 endfacet
 facet normal  0.000000e+00 -0.000000e+00 -1.000000e+00
   outer loop
     vertex  2.732482e+01  1.381189e+01 -7.500000e+00
     vertex  2.748043e+01  1.294190e+01 -7.500000e+00
     vertex  2.657093e+01  9.596986e+00 -7.500000e+00
   endloop
 endfacet
 facet normal  0.000000e+00  0.000000e+00 -1.000000e+00
   outer loop
     vertex  2.657093e+01  1.540301e+01 -7.500000e+00
     vertex  2.719000e+01  1.423318e+01 -7.500000e+00
     vertex  2.732482e+01  1.381189e+01 -7.500000e+00
   endloop
 endfacet
 facet normal  0.000000e+00  0.000000e+00 -1.000000e+00
   outer loop
     vertex  2.657093e+01  1.540301e+01 -7.500000e+00
     vertex  2.701847e+01  1.464090e+01 -7.500000e+00
     vertex  2.719000e+01  1.423318e+01 -7.500000e+00
   endloop
 endfacet
 facet normal  0.000000e+00  0.000000e+00 -1.000000e+00
   outer loop
     vertex  2.657093e+01  1.540301e+01 -7.500000e+00
     vertex  2.681157e+01  1.503186e+01 -7.500000e+00
     vertex  2.701847e+01  1.464090e+01 -7.500000e+00
   endloop
 endfacet
 facet normal  0.000000e+00 -0.000000e+00 -1.000000e+00
   outer loop
     vertex  2.657093e+01  1.540301e+01 -7.500000e+00
     vertex  2.732482e+01  1.381189e+01 -7.500000e+00
     vertex  2.629844e+01  9.248556e+00 -7.500000e+00
   endloop
 endfacet
 facet normal  0.000000e+00  0.000000e+00 -1.000000e+00
   outer loop
     vertex  2.566662e+01  1.636943e+01 -7.500000e+00
     vertex  2.493586e+01  1.686653e+01 -7.500000e+00
     vertex  2.531225e+01  1.663416e+01 -7.500000e+00
   endloop
 endfacet
 facet normal  0.000000e+00  0.000000e+00 -1.000000e+00
   outer loop
     vertex  2.599621e+01  1.607443e+01 -7.500000e+00
     vertex  2.493586e+01  1.686653e+01 -7.500000e+00
     vertex  2.566662e+01  1.636943e+01 -7.500000e+00
   endloop
 endfacet
 facet normal  0.000000e+00  0.000000e+00 -1.000000e+00
   outer loop
     vertex  2.599621e+01  1.607443e+01 -7.500000e+00
     vertex  2.629844e+01  1.575144e+01 -7.500000e+00
     vertex  2.657093e+01  1.540301e+01 -7.500000e+00
   endloop
 endfacet
 facet normal  0.000000e+00  0.000000e+00 -1.000000e+00
   outer loop
     vertex  2.599621e+01  1.607443e+01 -7.500000e+00
     vertex  2.657093e+01  1.540301e+01 -7.500000e+00
     vertex  2.629844e+01  9.248556e+00 -7.500000e+00
   endloop
 endfacet
 facet normal  0.000000e+00  0.000000e+00 -1.000000e+00
   outer loop
     vertex  2.599621e+01  1.607443e+01 -7.500000e+00
     vertex  2.454042e+01  1.706472e+01 -7.500000e+00
     vertex  2.493586e+01  1.686653e+01 -7.500000e+00
   endloop
 endfacet
 facet normal  0.000000e+00  0.000000e+00 -1.000000e+00
   outer loop
     vertex  2.599621e+01  1.607443e+01 -7.500000e+00
     vertex  2.412900e+01  1.722719e+01 -7.500000e+00
     vertex  2.454042e+01  1.706472e+01 -7.500000e+00
   endloop
 endfacet
 facet normal  0.000000e+00  0.000000e+00 -1.000000e+00
   outer loop
     vertex  2.599621e+01  1.607443e+01 -7.500000e+00
     vertex  2.370484e+01  1.735267e+01 -7.500000e+00
     vertex  2.412900e+01  1.722719e+01 -7.500000e+00
   endloop
 endfacet
 facet normal -0.000000e+00 -0.000000e+00 -1.000000e+00
   outer loop
     vertex  2.599621e+01  1.607443e+01 -7.500000e+00
     vertex  2.629844e+01  9.248556e+00 -7.500000e+00
     vertex  2.370484e+01  1.735267e+01 -7.500000e+00
   endloop
 endfacet
 facet normal  0.000000e+00  0.000000e+00 -1.000000e+00
   outer loop
     vertex  1.830464e+01 -1.522010e+01 -7.500000e+00
     vertex  1.884910e+01 -1.591628e+01 -7.500000e+00
     vertex  1.856146e+01 -1.558024e+01 -7.500000e+00
   endloop
 endfacet
 facet normal  0.000000e+00  0.000000e+00 -1.000000e+00
   outer loop
     vertex  1.987337e+01 -1.675451e+01 -7.500000e+00
     vertex  1.950764e+01 -1.650572e+01 -7.500000e+00
     vertex  1.916532e+01 -1.622558e+01 -7.500000e+00
   endloop
 endfacet
 facet normal  0.000000e+00  0.000000e+00 -1.000000e+00
   outer loop
     vertex  2.025967e+01 -1.697000e+01 -7.500000e+00
     vertex  1.916532e+01 -1.622558e+01 -7.500000e+00
     vertex  1.884910e+01 -1.591628e+01 -7.500000e+00
   endloop
 endfacet
 facet normal  0.000000e+00  0.000000e+00 -1.000000e+00
   outer loop
     vertex  2.025967e+01 -1.697000e+01 -7.500000e+00
     vertex  1.987337e+01 -1.675451e+01 -7.500000e+00
     vertex  1.916532e+01 -1.622558e+01 -7.500000e+00
   endloop
 endfacet
 facet normal  0.000000e+00  0.000000e+00 -1.000000e+00
   outer loop
     vertex  1.789126e+01 -1.443894e+01 -7.500000e+00
     vertex  1.830464e+01 -1.522010e+01 -7.500000e+00
     vertex  1.808065e+01 -1.483867e+01 -7.500000e+00
   endloop
 endfacet
 facet normal  0.000000e+00  0.000000e+00 -1.000000e+00
   outer loop
     vertex  1.750489e+01 -1.272117e+01 -7.500000e+00
     vertex  1.762187e+01 -1.359719e+01 -7.500000e+00
     vertex  1.754399e+01 -1.316177e+01 -7.500000e+00
   endloop
 endfacet
 facet normal  0.000000e+00  0.000000e+00 -1.000000e+00
   outer loop
     vertex  2.238939e+01 -1.749878e+01 -7.500000e+00
     vertex  2.066349e+01 -1.715051e+01 -7.500000e+00
     vertex  2.025967e+01 -1.697000e+01 -7.500000e+00
   endloop
 endfacet
 facet normal  0.000000e+00  0.000000e+00 -1.000000e+00
   outer loop
     vertex  2.238939e+01 -1.749878e+01 -7.500000e+00
     vertex  2.108169e+01 -1.729462e+01 -7.500000e+00
     vertex  2.066349e+01 -1.715051e+01 -7.500000e+00
   endloop
 endfacet
 facet normal  0.000000e+00  0.000000e+00 -1.000000e+00
   outer loop
     vertex  2.238939e+01 -1.749878e+01 -7.500000e+00
     vertex  2.151099e+01 -1.740121e+01 -7.500000e+00
     vertex  2.108169e+01 -1.729462e+01 -7.500000e+00
   endloop
 endfacet
 facet normal  0.000000e+00  0.000000e+00 -1.000000e+00
   outer loop
     vertex  2.238939e+01 -1.749878e+01 -7.500000e+00
     vertex  2.194803e+01 -1.746944e+01 -7.500000e+00
     vertex  2.151099e+01 -1.740121e+01 -7.500000e+00
   endloop
 endfacet
 facet normal  0.000000e+00  0.000000e+00 -1.000000e+00
   outer loop
     vertex  2.238939e+01 -1.749878e+01 -7.500000e+00
     vertex  2.025967e+01 -1.697000e+01 -7.500000e+00
     vertex  1.884910e+01 -1.591628e+01 -7.500000e+00
   endloop
 endfacet
 facet normal  0.000000e+00 -0.000000e+00 -1.000000e+00
   outer loop
     vertex  1.754399e+01 -1.183823e+01 -7.500000e+00
     vertex  1.762187e+01 -1.359719e+01 -7.500000e+00
     vertex  1.750489e+01 -1.272117e+01 -7.500000e+00
   endloop
 endfacet
 facet normal  0.000000e+00  0.000000e+00 -1.000000e+00
   outer loop
     vertex  1.754399e+01 -1.183823e+01 -7.500000e+00
     vertex  1.750489e+01 -1.272117e+01 -7.500000e+00
     vertex  1.750489e+01 -1.227883e+01 -7.500000e+00
   endloop
 endfacet
 facet normal  0.000000e+00  0.000000e+00 -1.000000e+00
   outer loop
     vertex  1.754399e+01 -1.183823e+01 -7.500000e+00
     vertex  1.773793e+01 -1.402403e+01 -7.500000e+00
     vertex  1.762187e+01 -1.359719e+01 -7.500000e+00
   endloop
 endfacet
 facet normal  0.000000e+00  0.000000e+00 -1.000000e+00
   outer loop
     vertex  1.754399e+01 -1.183823e+01 -7.500000e+00
     vertex  1.789126e+01 -1.443894e+01 -7.500000e+00
     vertex  1.773793e+01 -1.402403e+01 -7.500000e+00
   endloop
 endfacet
 facet normal  0.000000e+00  0.000000e+00 -1.000000e+00
   outer loop
     vertex  1.754399e+01 -1.183823e+01 -7.500000e+00
     vertex  1.830464e+01 -1.522010e+01 -7.500000e+00
     vertex  1.789126e+01 -1.443894e+01 -7.500000e+00
   endloop
 endfacet
 facet normal  0.000000e+00  0.000000e+00 -1.000000e+00
   outer loop
     vertex  2.327124e+01 -1.744016e+01 -7.500000e+00
     vertex  2.283161e+01 -1.748899e+01 -7.500000e+00
     vertex  2.238939e+01 -1.749878e+01 -7.500000e+00
   endloop
 endfacet
 facet normal  0.000000e+00  0.000000e+00 -1.000000e+00
   outer loop
     vertex  2.370484e+01 -1.735267e+01 -7.500000e+00
     vertex  2.327124e+01 -1.744016e+01 -7.500000e+00
     vertex  2.238939e+01 -1.749878e+01 -7.500000e+00
   endloop
 endfacet
 facet normal  0.000000e+00  0.000000e+00 -1.000000e+00
   outer loop
     vertex  1.808065e+01 -1.016133e+01 -7.500000e+00
     vertex  1.773793e+01 -1.097597e+01 -7.500000e+00
     vertex  1.789126e+01 -1.056106e+01 -7.500000e+00
   endloop
 endfacet
 facet normal  0.000000e+00  0.000000e+00 -1.000000e+00
   outer loop
     vertex  1.808065e+01 -1.016133e+01 -7.500000e+00
     vertex  1.762187e+01 -1.140281e+01 -7.500000e+00
     vertex  1.773793e+01 -1.097597e+01 -7.500000e+00
   endloop
 endfacet
 facet normal  0.000000e+00  0.000000e+00 -1.000000e+00
   outer loop
     vertex  1.808065e+01 -1.016133e+01 -7.500000e+00
     vertex  1.754399e+01 -1.183823e+01 -7.500000e+00
     vertex  1.762187e+01 -1.140281e+01 -7.500000e+00
   endloop
 endfacet
 facet normal  0.000000e+00  0.000000e+00 -1.000000e+00
   outer loop
     vertex  2.493586e+01 -1.686653e+01 -7.500000e+00
     vertex  2.412900e+01 -1.722719e+01 -7.500000e+00
     vertex  2.370484e+01 -1.735267e+01 -7.500000e+00
   endloop
 endfacet
 facet normal  0.000000e+00  0.000000e+00 -1.000000e+00
   outer loop
     vertex  2.493586e+01 -1.686653e+01 -7.500000e+00
     vertex  2.454042e+01 -1.706472e+01 -7.500000e+00
     vertex  2.412900e+01 -1.722719e+01 -7.500000e+00
   endloop
 endfacet
 facet normal  0.000000e+00  0.000000e+00 -1.000000e+00
   outer loop
     vertex  1.884910e+01 -9.083721e+00 -7.500000e+00
     vertex  1.830464e+01 -9.779898e+00 -7.500000e+00
     vertex  1.856146e+01 -9.419756e+00 -7.500000e+00
   endloop
 endfacet
 facet normal -0.000000e+00  0.000000e+00 -1.000000e+00
   outer loop
     vertex  2.599621e+01 -1.607443e+01 -7.500000e+00
     vertex  2.238939e+01 -1.749878e+01 -7.500000e+00
     vertex  1.884910e+01 -1.591628e+01 -7.500000e+00
   endloop
 endfacet
 facet normal  0.000000e+00  0.000000e+00 -1.000000e+00
   outer loop
     vertex  2.599621e+01 -1.607443e+01 -7.500000e+00
     vertex  2.370484e+01 -1.735267e+01 -7.500000e+00
     vertex  2.238939e+01 -1.749878e+01 -7.500000e+00
   endloop
 endfacet
 facet normal  0.000000e+00  0.000000e+00 -1.000000e+00
   outer loop
     vertex  2.599621e+01 -1.607443e+01 -7.500000e+00
     vertex  1.830464e+01 -1.522010e+01 -7.500000e+00
     vertex  1.754399e+01 -1.183823e+01 -7.500000e+00
   endloop
 endfacet
 facet normal  0.000000e+00  0.000000e+00 -1.000000e+00
   outer loop
     vertex  2.599621e+01 -1.607443e+01 -7.500000e+00
     vertex  1.754399e+01 -1.183823e+01 -7.500000e+00
     vertex  1.808065e+01 -1.016133e+01 -7.500000e+00
   endloop
 endfacet
 facet normal  0.000000e+00  0.000000e+00 -1.000000e+00
   outer loop
     vertex  2.599621e+01 -1.607443e+01 -7.500000e+00
     vertex  2.493586e+01 -1.686653e+01 -7.500000e+00
     vertex  2.370484e+01 -1.735267e+01 -7.500000e+00
   endloop
 endfacet
 facet normal  0.000000e+00  0.000000e+00 -1.000000e+00
   outer loop
     vertex  2.599621e+01 -1.607443e+01 -7.500000e+00
     vertex  2.531225e+01 -1.663416e+01 -7.500000e+00
     vertex  2.493586e+01 -1.686653e+01 -7.500000e+00
   endloop
 endfacet
 facet normal  0.000000e+00  0.000000e+00 -1.000000e+00
   outer loop
     vertex  2.599621e+01 -1.607443e+01 -7.500000e+00
     vertex  2.566662e+01 -1.636943e+01 -7.500000e+00
     vertex  2.531225e+01 -1.663416e+01 -7.500000e+00
   endloop
 endfacet
 facet normal  0.000000e+00  0.000000e+00 -1.000000e+00
   outer loop
     vertex  2.599621e+01 -1.607443e+01 -7.500000e+00
     vertex  1.884910e+01 -1.591628e+01 -7.500000e+00
     vertex  1.830464e+01 -1.522010e+01 -7.500000e+00
   endloop
 endfacet
 facet normal  0.000000e+00  0.000000e+00 -1.000000e+00
   outer loop
     vertex  1.987337e+01 -8.245492e+00 -7.500000e+00
     vertex  1.916532e+01 -8.774423e+00 -7.500000e+00
     vertex  1.950764e+01 -8.494283e+00 -7.500000e+00
   endloop
 endfacet
 facet normal  0.000000e+00  0.000000e+00 -1.000000e+00
   outer loop
     vertex  1.987337e+01 -8.245492e+00 -7.500000e+00
     vertex  1.884910e+01 -9.083721e+00 -7.500000e+00
     vertex  1.916532e+01 -8.774423e+00 -7.500000e+00
   endloop
 endfacet
 facet normal  0.000000e+00  0.000000e+00 -1.000000e+00
   outer loop
     vertex  2.025967e+01 -8.030000e+00 -7.500000e+00
     vertex  1.884910e+01 -9.083721e+00 -7.500000e+00
     vertex  1.987337e+01 -8.245492e+00 -7.500000e+00
   endloop
 endfacet
 facet normal  0.000000e+00  0.000000e+00 -1.000000e+00
   outer loop
     vertex  2.066349e+01 -7.849491e+00 -7.500000e+00
     vertex  1.830464e+01 -9.779898e+00 -7.500000e+00
     vertex  1.884910e+01 -9.083721e+00 -7.500000e+00
   endloop
 endfacet
 facet normal  0.000000e+00  0.000000e+00 -1.000000e+00
   outer loop
     vertex  2.066349e+01 -7.849491e+00 -7.500000e+00
     vertex  1.808065e+01 -1.016133e+01 -7.500000e+00
     vertex  1.830464e+01 -9.779898e+00 -7.500000e+00
   endloop
 endfacet
 facet normal  0.000000e+00  0.000000e+00 -1.000000e+00
   outer loop
     vertex  2.066349e+01 -7.849491e+00 -7.500000e+00
     vertex  1.884910e+01 -9.083721e+00 -7.500000e+00
     vertex  2.025967e+01 -8.030000e+00 -7.500000e+00
   endloop
 endfacet
 facet normal  0.000000e+00  0.000000e+00 -1.000000e+00
   outer loop
     vertex  2.719000e+01 -1.423318e+01 -7.500000e+00
     vertex  2.701847e+01 -1.464090e+01 -7.500000e+00
     vertex  2.681157e+01 -1.503186e+01 -7.500000e+00
   endloop
 endfacet
 facet normal  0.000000e+00  0.000000e+00 -1.000000e+00
   outer loop
     vertex  2.151099e+01 -7.598790e+00 -7.500000e+00
     vertex  2.066349e+01 -7.849491e+00 -7.500000e+00
     vertex  2.108169e+01 -7.705378e+00 -7.500000e+00
   endloop
 endfacet
 facet normal  0.000000e+00  0.000000e+00 -1.000000e+00
   outer loop
     vertex  2.194803e+01 -7.530560e+00 -7.500000e+00
     vertex  2.066349e+01 -7.849491e+00 -7.500000e+00
     vertex  2.151099e+01 -7.598790e+00 -7.500000e+00
   endloop
 endfacet
 facet normal  0.000000e+00  0.000000e+00 -1.000000e+00
   outer loop
     vertex  2.748043e+01 -1.294190e+01 -7.500000e+00
     vertex  2.732482e+01 -1.381189e+01 -7.500000e+00
     vertex  2.719000e+01 -1.423318e+01 -7.500000e+00
   endloop
 endfacet
 facet normal  0.000000e+00  0.000000e+00 -1.000000e+00
   outer loop
     vertex  2.748043e+01 -1.294190e+01 -7.500000e+00
     vertex  2.742189e+01 -1.338034e+01 -7.500000e+00
     vertex  2.732482e+01 -1.381189e+01 -7.500000e+00
   endloop
 endfacet
 facet normal -0.000000e+00  0.000000e+00 -1.000000e+00
   outer loop
     vertex  2.283161e+01 -7.511009e+00 -7.500000e+00
     vertex  2.194803e+01 -7.530560e+00 -7.500000e+00
     vertex  2.238939e+01 -7.501224e+00 -7.500000e+00
   endloop
 endfacet
 facet normal  0.000000e+00 -0.000000e+00 -1.000000e+00
   outer loop
     vertex  2.283161e+01 -7.511009e+00 -7.500000e+00
     vertex  2.599621e+01 -1.607443e+01 -7.500000e+00
     vertex  1.808065e+01 -1.016133e+01 -7.500000e+00
   endloop
 endfacet
 facet normal  0.000000e+00  0.000000e+00 -1.000000e+00
   outer loop
     vertex  2.283161e+01 -7.511009e+00 -7.500000e+00
     vertex  2.066349e+01 -7.849491e+00 -7.500000e+00
     vertex  2.194803e+01 -7.530560e+00 -7.500000e+00
   endloop
 endfacet
 facet normal  0.000000e+00  0.000000e+00 -1.000000e+00
   outer loop
     vertex  2.283161e+01 -7.511009e+00 -7.500000e+00
     vertex  1.808065e+01 -1.016133e+01 -7.500000e+00
     vertex  2.066349e+01 -7.849491e+00 -7.500000e+00
   endloop
 endfacet
 facet normal  0.000000e+00  0.000000e+00 -1.000000e+00
   outer loop
     vertex  2.283161e+01 -7.511009e+00 -7.500000e+00
     vertex  2.629844e+01 -1.575144e+01 -7.500000e+00
     vertex  2.599621e+01 -1.607443e+01 -7.500000e+00
   endloop
 endfacet
 facet normal  0.000000e+00  0.000000e+00 -1.000000e+00
   outer loop
     vertex  2.748043e+01 -1.205810e+01 -7.500000e+00
     vertex  2.681157e+01 -1.503186e+01 -7.500000e+00
     vertex  2.657093e+01 -1.540301e+01 -7.500000e+00
   endloop
 endfacet
 facet normal  0.000000e+00  0.000000e+00 -1.000000e+00
   outer loop
     vertex  2.748043e+01 -1.205810e+01 -7.500000e+00
     vertex  2.719000e+01 -1.423318e+01 -7.500000e+00
     vertex  2.681157e+01 -1.503186e+01 -7.500000e+00
   endloop
 endfacet
 facet normal  0.000000e+00  0.000000e+00 -1.000000e+00
   outer loop
     vertex  2.748043e+01 -1.205810e+01 -7.500000e+00
     vertex  2.750000e+01 -1.250000e+01 -7.500000e+00
     vertex  2.748043e+01 -1.294190e+01 -7.500000e+00
   endloop
 endfacet
 facet normal  0.000000e+00 -0.000000e+00 -1.000000e+00
   outer loop
     vertex  2.748043e+01 -1.205810e+01 -7.500000e+00
     vertex  2.748043e+01 -1.294190e+01 -7.500000e+00
     vertex  2.719000e+01 -1.423318e+01 -7.500000e+00
   endloop
 endfacet
 facet normal  0.000000e+00  0.000000e+00 -1.000000e+00
   outer loop
     vertex  2.370484e+01 -7.647334e+00 -7.500000e+00
     vertex  2.283161e+01 -7.511009e+00 -7.500000e+00
     vertex  2.327124e+01 -7.559840e+00 -7.500000e+00
   endloop
 endfacet
 facet normal -0.000000e+00 -0.000000e+00 -1.000000e+00
   outer loop
     vertex  2.370484e+01 -7.647334e+00 -7.500000e+00
     vertex  2.629844e+01 -1.575144e+01 -7.500000e+00
     vertex  2.283161e+01 -7.511009e+00 -7.500000e+00
   endloop
 endfacet
 facet normal  0.000000e+00  0.000000e+00 -1.000000e+00
   outer loop
     vertex  2.732482e+01 -1.118811e+01 -7.500000e+00
     vertex  2.742189e+01 -1.161966e+01 -7.500000e+00
     vertex  2.748043e+01 -1.205810e+01 -7.500000e+00
   endloop
 endfacet
 facet normal  0.000000e+00  0.000000e+00 -1.000000e+00
   outer loop
     vertex  2.732482e+01 -1.118811e+01 -7.500000e+00
     vertex  2.657093e+01 -1.540301e+01 -7.500000e+00
     vertex  2.629844e+01 -1.575144e+01 -7.500000e+00
   endloop
 endfacet
 facet normal  0.000000e+00 -0.000000e+00 -1.000000e+00
   outer loop
     vertex  2.732482e+01 -1.118811e+01 -7.500000e+00
     vertex  2.748043e+01 -1.205810e+01 -7.500000e+00
     vertex  2.657093e+01 -1.540301e+01 -7.500000e+00
   endloop
 endfacet
 facet normal  0.000000e+00  0.000000e+00 -1.000000e+00
   outer loop
     vertex  2.657093e+01 -9.596986e+00 -7.500000e+00
     vertex  2.719000e+01 -1.076682e+01 -7.500000e+00
     vertex  2.732482e+01 -1.118811e+01 -7.500000e+00
   endloop
 endfacet
 facet normal  0.000000e+00  0.000000e+00 -1.000000e+00
   outer loop
     vertex  2.657093e+01 -9.596986e+00 -7.500000e+00
     vertex  2.701847e+01 -1.035910e+01 -7.500000e+00
     vertex  2.719000e+01 -1.076682e+01 -7.500000e+00
   endloop
 endfacet
 facet normal  0.000000e+00  0.000000e+00 -1.000000e+00
   outer loop
     vertex  2.657093e+01 -9.596986e+00 -7.500000e+00
     vertex  2.681157e+01 -9.968135e+00 -7.500000e+00
     vertex  2.701847e+01 -1.035910e+01 -7.500000e+00
   endloop
 endfacet
 facet normal  0.000000e+00 -0.000000e+00 -1.000000e+00
   outer loop
     vertex  2.657093e+01 -9.596986e+00 -7.500000e+00
     vertex  2.732482e+01 -1.118811e+01 -7.500000e+00
     vertex  2.629844e+01 -1.575144e+01 -7.500000e+00
   endloop
 endfacet
 facet normal  0.000000e+00  0.000000e+00 -1.000000e+00
   outer loop
     vertex  2.566662e+01 -8.630565e+00 -7.500000e+00
     vertex  2.493586e+01 -8.133472e+00 -7.500000e+00
     vertex  2.531225e+01 -8.365841e+00 -7.500000e+00
   endloop
 endfacet
 facet normal  0.000000e+00  0.000000e+00 -1.000000e+00
   outer loop
     vertex  2.599621e+01 -8.925573e+00 -7.500000e+00
     vertex  2.493586e+01 -8.133472e+00 -7.500000e+00
     vertex  2.566662e+01 -8.630565e+00 -7.500000e+00
   endloop
 endfacet
 facet normal  0.000000e+00  0.000000e+00 -1.000000e+00
   outer loop
     vertex  2.599621e+01 -8.925573e+00 -7.500000e+00
     vertex  2.629844e+01 -9.248556e+00 -7.500000e+00
     vertex  2.657093e+01 -9.596986e+00 -7.500000e+00
   endloop
 endfacet
 facet normal  0.000000e+00  0.000000e+00 -1.000000e+00
   outer loop
     vertex  2.599621e+01 -8.925573e+00 -7.500000e+00
     vertex  2.657093e+01 -9.596986e+00 -7.500000e+00
     vertex  2.629844e+01 -1.575144e+01 -7.500000e+00
   endloop
 endfacet
 facet normal  0.000000e+00  0.000000e+00 -1.000000e+00
   outer loop
     vertex  2.599621e+01 -8.925573e+00 -7.500000e+00
     vertex  2.454042e+01 -7.935277e+00 -7.500000e+00
     vertex  2.493586e+01 -8.133472e+00 -7.500000e+00
   endloop
 endfacet
 facet normal  0.000000e+00  0.000000e+00 -1.000000e+00
   outer loop
     vertex  2.599621e+01 -8.925573e+00 -7.500000e+00
     vertex  2.412900e+01 -7.772807e+00 -7.500000e+00
     vertex  2.454042e+01 -7.935277e+00 -7.500000e+00
   endloop
 endfacet
 facet normal  0.000000e+00  0.000000e+00 -1.000000e+00
   outer loop
     vertex  2.599621e+01 -8.925573e+00 -7.500000e+00
     vertex  2.370484e+01 -7.647334e+00 -7.500000e+00
     vertex  2.412900e+01 -7.772807e+00 -7.500000e+00
   endloop
 endfacet
 facet normal -0.000000e+00 -0.000000e+00 -1.000000e+00
   outer loop
     vertex  2.599621e+01 -8.925573e+00 -7.500000e+00
     vertex  2.629844e+01 -1.575144e+01 -7.500000e+00
     vertex  2.370484e+01 -7.647334e+00 -7.500000e+00
   endloop
 endfacet
endsolid
